id;Name;faction;rarity;cardType;cardSubType;spliced;solbind;1attack;1health;1text;2attack;2health;2text;3attack;3health;3text;Beast;Beast Synergy;Darkforge;Darkforge Synergy;Dinosaur;Dinosaur Synergy;Dragon;Dragon Synergy;Elemental;Elemental Synergy;Mage;Mage Synergy;Metamind;Metamind Synergy;Plant;Plant Synergy;Robot;Robot Synergy;BanishRobot;Scientist;Scientist Synergy;Spirit;Spirit Synergy;BanishSpirit;BanishSpirit Synergy;Warrior;Warrior Synergy;Yeti;Yeti Synergy;Zombie;Zombie Synergy;Minion;Minion Synergy;Spell Synergy;Spell;Replace Setup;Replace Profit;Healing Source;Healing Synergy;High Life Synergy;Movement;Disruption;Movement Benefit;Armor;Armor Giver;Armor Synergy;Player Armor;Activate;Ready;Free;Reanimate;Upgrade;Upgrade Synergy;Face Burn;FB Creature;FB Creature Synergy;FB Giver;FB Giver Synergy;FB Synergy;Removal;Breakthrough;Breakthrough Giver;Aggressive;Aggressive Giver;Defender;Defender Synergy;Defender Giver;Stealth;Stealth Giver;Stat Buff;Attack Buff;Health Buff;Increased A;Increased A Synergy;Stat Debuff;Attack Debuff;Attack Debuff Synergy;Health Debuff;Good Destroyed;Destruction Synergy;Destruction Others;Destruction Self;Self Damage Payoff;Self Damage Activator;Silence;Exalts;Exalt Synergy;Exalt Counter;Slay;Slay Synergy;Deploy;Deploy Synergy;Adjacency;Hand Disruption;Augment;Augment Synergy;Self Burn;Self Burn Synergy;Low Life Synergy;Spicy;Cool;Fun;Annoying
assassin;Assassin;Alloyin;CCCX;Creature;Warrior;TRUE;;4;2;<b>Stealth</b>;6;4;<b>Stealth</b>;7;5;<b>Stealth</b>;0;0;0;0;0;0;0;0;0;0;0;0;0;0;0;0;0;0;0;0;0;0;0;0;0;1;0;0;0;0;0;0;0;0;0;0;0;0;0;0;0;0;0;0;0;0;0;0;0;0;0;0;0;0;0;0;0;0;0;0;0;0;0;0;0;0;0;1;0;0;0;0;0;0;0;0;0;0;0;0;0;0;0;0;0;0;0;0;0;0;0;0;0;0;0;0;0;0;0;0;0;0;0
bartok;Bartok;Uterra;CCCX;Creature;Warrior;TRUE;;2;2;<b>Deploy:</b> Give the next creature you play this turn +2A,+2H.;2;2;<b>Deploy:</b> Give the next creature you play this turn +4A,+4H.;2;2;<b>Deploy:</b> Give the next creature you play this turn +8A,+8H.;0;0;0;0;0;0;0;0;0;0;0;0;0;0;0;0;0;0;0;0;0;0;0;0;0;1;0;0;0;0;0;0;0;0;0;0;0;0;0;0;0;0;0;0;0;0;0;0;0;0;0;0;0;0;0;0;0;0;0;0;0;0;0;0;0;0;0;0;0;1;0;0;1;0;0;0;0;0;0;0;0;0;0;0;0;0;0;0;0;0;1;0;0;0;0;0;0;0;0;0;0;0;0
bear;Bear;Uterra;CCCX;Creature;Beast;TRUE;;3;2;;6;3;;14;14;;1;0;0;0;0;0;0;0;0;0;0;0;0;0;0;0;0;0;0;0;0;0;0;0;0;0;0;0;0;0;0;0;0;0;0;0;0;0;0;0;0;0;0;0;0;0;0;0;0;0;0;0;0;0;0;0;0;0;0;0;0;0;0;0;0;0;0;0;0;0;0;0;0;0;0;0;0;0;0;0;0;0;0;0;0;0;0;0;0;0;0;0;0;0;0;0;0;0;0;0;0;0;0
colossus;Colossus;Tempys;CCCX;Creature;Warrior;TRUE;;5;3;;7;5;;10;6;;0;0;0;0;0;0;0;0;0;0;0;0;0;0;0;0;0;0;0;0;0;0;0;0;0;1;0;0;0;0;0;0;0;0;0;0;0;0;0;0;0;0;0;0;0;0;0;0;0;0;0;0;0;0;0;0;0;0;0;0;0;0;0;0;0;0;0;0;0;0;0;0;0;0;0;0;0;0;0;0;0;0;0;0;0;0;0;0;0;0;0;0;0;0;0;0;0;0;0;0;0;0;0
decayasaur;Decayasaur;Uterra;CCCX;Creature;Zombie Dinosaur;TRUE;;5;3;;7;5;;11;5;;0;0;0;0;1;0;0;0;0;0;0;0;0;0;0;0;0;0;0;0;0;0;0;0;0;0;0;0;0;1;0;0;0;0;0;0;0;0;0;0;0;0;0;0;0;0;0;0;0;0;0;0;0;0;0;0;0;0;0;0;0;0;0;0;0;0;0;0;0;0;0;0;0;0;0;0;0;0;0;0;0;0;0;0;0;0;0;0;0;0;0;0;0;0;0;0;0;0;0;0;0;0;0
demon;Demon;Nekrium;CCCX;Creature;Beast;TRUE;;5;5;;5;6;;6;6;;1;0;0;0;0;0;0;0;0;0;0;0;0;0;0;0;0;0;0;0;0;0;0;0;0;0;0;0;0;0;0;0;0;0;0;0;0;0;0;0;0;0;0;0;0;0;0;0;0;0;0;0;0;0;0;0;0;0;0;0;0;0;0;0;0;0;0;0;0;0;0;0;0;0;0;0;0;0;0;0;0;0;0;0;0;0;0;0;0;0;0;0;0;0;0;0;0;0;0;0;0;0;0
drake;Drake;Nekrium;CCCX;Creature;Dinosaur;TRUE;;2;3;<b>Mobility</b> 1;4;5;<b>Mobility</b> 2;5;7;<b>Mobility</b> 3;0;0;0;0;1;0;0;0;0;0;0;0;0;0;0;0;0;0;0;0;0;0;0;0;0;0;0;0;0;0;0;0;0;0;0;0;0;0;0;0;1;0;0;0;0;0;0;0;0;0;0;0;0;0;0;0;0;0;0;0;0;0;0;0;0;0;0;0;0;0;0;0;0;0;0;0;0;0;0;0;0;0;0;0;0;0;0;0;0;0;0;0;0;0;0;0;0;0;0;0;0;0;0
geist;Geist;Nekrium;CCCX;Creature;Spirit;TRUE;;6;2;;4;8;;7;9;;0;0;0;0;0;0;0;0;0;0;0;0;0;0;0;0;0;0;0;0;0;1;0;1;0;0;0;0;0;0;0;0;0;0;0;0;0;0;0;0;0;0;0;0;0;0;0;0;0;0;0;0;0;0;0;0;0;0;0;0;0;0;0;0;0;0;0;0;0;0;0;0;0;0;0;0;0;0;0;0;0;0;0;0;0;0;0;0;0;0;0;0;0;0;0;0;0;0;0;0;0;0;0
lightning-tamer;Lightning Tamer;Tempys;CCCX;Creature;Mage;FALSE;;1;4;"<b>Deploy:</b> You may play a Spell Sprite <b>Minion</b>.

When you play a spell, give this +2A.";1;4;"<b>Deploy:</b> You may play a Spell Swarm <b>Minion</b>.

When you play a spell, give this +3A.";3;9;"<b>Deploy:</b> You may play a Spell Swarm <b>Minion</b>.

When you play a spell, give this +4A.";0;0;0;0;0;0;0;0;1;0;1;0;0;0;0;0;0;0;0;0;0;0;0;0;0;0;0;0;0;0;0;1;0;1;0;0;0;0;0;0;0;0;0;0;0;0;0;0;0;0;0;0;0;0;0;0;0;0;0;0;0;0;0;0;0;0;0;0;0;0;0;0;1;0;0;0;0;0;0;0;0;0;0;0;0;0;0;0;0;0;1;0;0;0;0;0;0;0;0;0;0;0;0
moeba;Moeba;Nekrium;CCCX;Creature;Ooze;TRUE;;2;3;;7;9;;7;10;;0;0;0;0;0;0;0;0;0;0;0;0;0;0;0;0;0;0;0;0;0;0;0;0;0;0;0;0;0;0;0;0;0;0;0;0;0;0;0;0;0;0;0;0;0;0;0;0;0;0;0;0;0;0;0;0;0;0;0;0;0;0;0;0;0;0;0;0;0;0;0;0;0;0;0;0;0;0;0;0;0;0;0;0;0;0;0;0;0;0;0;0;0;0;0;0;0;0;0;0;0;0;0
prophet;Prophet;Alloyin;CCCX;Creature;Mage;TRUE;;2;6;;4;8;;6;10;;0;0;0;0;0;0;0;0;0;0;1;0;0;0;0;0;0;0;0;0;0;0;0;0;0;0;0;0;0;0;0;0;0;0;0;0;0;0;0;0;0;0;0;0;0;0;0;0;0;0;0;0;0;0;0;0;0;0;0;0;0;0;0;0;0;0;0;0;0;0;0;0;0;0;0;0;0;0;0;0;0;0;0;0;0;0;0;0;0;0;0;0;0;0;0;0;0;0;0;0;0;0;0
raptor;Raptor;Uterra;CCCX;Creature;Dinosaur;TRUE;;6;2;;10;2;;13;3;;0;0;0;0;1;0;0;0;0;0;0;0;0;0;0;0;0;0;0;0;0;0;0;0;0;0;0;0;0;0;0;0;0;0;0;0;0;0;0;0;0;0;0;0;0;0;0;0;0;0;0;0;0;0;0;0;0;0;0;0;0;0;0;0;0;0;0;0;0;0;0;0;0;0;0;0;0;0;0;0;0;0;0;0;0;0;0;0;0;0;0;0;0;0;0;0;0;0;0;0;0;0;0
scavenger;Scavenger;Alloyin;CCCX;Creature;Robot;TRUE;;1;4;;3;11;;10;12;;0;0;0;0;0;0;0;0;0;0;0;0;0;0;0;0;1;0;1;0;0;0;0;0;0;0;0;0;0;0;0;0;0;0;0;0;0;0;0;0;0;0;0;0;0;0;0;0;0;0;0;0;0;0;0;0;0;0;0;0;0;0;0;0;0;0;0;0;0;0;0;0;0;0;0;0;0;0;0;0;0;0;0;0;0;0;0;0;0;0;0;0;0;0;0;0;0;0;0;0;0;0;0
slayer;Slayer;Uterra;CCCX;Creature;Warrior;TRUE;;1;3;;7;9;;8;10;;0;0;0;0;0;0;0;0;0;0;0;0;0;0;0;0;0;0;0;0;0;0;0;0;0;1;0;0;0;0;0;0;0;0;0;0;0;0;0;0;0;0;0;0;0;0;0;0;0;0;0;0;0;0;0;0;0;0;0;0;0;0;0;0;0;0;0;0;0;0;0;0;0;0;0;0;0;0;0;0;0;0;0;0;0;0;0;0;0;0;0;0;0;0;0;0;0;0;0;0;0;0;0
spiritforge-sentinel;Spiritforge Sentinel;Alloyin;CCCX;Creature;Robot Warrior;FALSE;;2;5;"<b>Aggressive</b>, <b>Stealth</b>

<b>Deploy:</b> If this replaced a creature, give it +4A.";4;8;"<b>Aggressive</b>, <b>Stealth</b>

<b>Deploy:</b> If this replaced a creature, give it +5A.";7;10;"<b>Aggressive</b>, <b>Stealth</b>

<b>Deploy:</b> If this replaced a creature, give it +6A.";0;0;0;0;0;0;0;0;0;0;0;0;0;0;0;0;1;0;1;0;0;0;0;0;0;1;0;0;0;0;0;0;0;0;0;0;1;0;0;0;0;0;0;0;0;0;0;0;0;0;0;0;0;0;0;0;0;0;0;0;0;0;1;0;0;0;0;1;0;0;0;0;1;0;0;0;0;0;0;0;0;0;0;0;0;0;0;0;0;0;1;0;0;0;0;0;0;0;0;0;0;0;0
stampeding-mongosaur;Stampeding Mongosaur;Tempys;CCCX;Creature;Dinosaur;FALSE;;5;3;<b>Deploy:</b> Deal 5 damage to one of your creatures. Deal 5 damage to an enemy creature.;9;6;<b>Deploy:</b> Deal 9 damage to one of your creatures. Deal 9 damage to an enemy creature.;12;8;<b>Deploy:</b> Deal 12 damage to one of your creatures. Deal 12 damage to an enemy creature.;0;0;0;0;1;0;0;0;0;0;0;0;0;0;0;0;0;0;0;0;0;0;0;0;0;0;0;0;0;0;0;0;0;0;0;0;0;0;0;0;0;0;0;0;0;0;0;0;0;0;0;0;0;0;0;0;0;0;0;1;0;0;0;0;0;0;0;0;0;0;0;0;0;0;0;0;0;0;0;0;0;0;0;1;0;0;0;0;0;0;1;0;0;0;0;0;0;0;0;0;0;0;0
stonefist;Stonefist;Tempys;CCCX;Creature;Elemental;TRUE;;3;5;;5;7;;7;9;;0;0;0;0;0;0;0;0;1;0;0;0;0;0;0;0;0;0;0;0;0;0;0;0;0;0;0;0;0;0;0;0;0;0;0;0;0;0;0;0;0;0;0;0;0;0;0;0;0;0;0;0;0;0;0;0;0;0;0;0;0;0;0;0;0;0;0;0;0;0;0;0;0;0;0;0;0;0;0;0;0;0;0;0;0;0;0;0;0;0;0;0;0;0;0;0;0;0;0;0;0;0;0
techtician;Techtician;Alloyin;CCCX;Creature;Scientist;TRUE;;4;4;;6;6;;8;8;;0;0;0;0;0;0;0;0;0;0;0;0;0;0;0;0;0;0;0;1;0;0;0;0;0;0;0;0;0;0;0;0;0;0;0;0;0;0;0;0;0;0;0;0;0;0;0;0;0;0;0;0;0;0;0;0;0;0;0;0;0;0;0;0;0;0;0;0;0;0;0;0;0;0;0;0;0;0;0;0;0;0;0;0;0;0;0;0;0;0;0;0;0;0;0;0;0;0;0;0;0;0;0
virtuoso;Virtuoso;Alloyin;CCCX;Creature;Scientist;TRUE;;4;2;;5;2;;14;10;;0;0;0;0;0;0;0;0;0;0;0;0;0;0;0;0;0;0;0;1;0;0;0;0;0;0;0;0;0;0;0;0;0;0;0;0;0;0;0;0;0;0;0;0;0;0;0;0;0;0;0;0;0;0;0;0;0;0;0;0;0;0;0;0;0;0;0;0;0;0;0;0;0;0;0;0;0;0;0;0;0;0;0;0;0;0;0;0;0;0;0;0;0;0;0;0;0;0;0;0;0;0;0
warstoker;Warstoker;Tempys;CCCX;Creature;Yeti;TRUE;;6;2;;6;6;;6;10;;0;0;0;0;0;0;0;0;0;0;0;0;0;0;0;0;0;0;0;0;0;0;0;0;0;0;0;1;0;0;0;0;0;0;0;0;0;0;0;0;0;0;0;0;0;0;0;0;0;0;0;0;0;0;0;0;0;0;0;0;0;0;0;0;0;0;0;0;0;0;0;0;0;0;0;0;0;0;0;0;0;0;0;0;0;0;0;0;0;0;0;0;0;0;0;0;0;0;0;0;0;0;0
wartusk;Wartusk;Uterra;CCCX;Creature;Warrior;TRUE;;3;6;;5;6;;7;8;;0;0;0;0;0;0;0;0;0;0;0;0;0;0;0;0;0;0;0;0;0;0;0;0;0;1;0;0;0;0;0;0;0;0;0;0;0;0;0;0;0;0;0;0;0;0;0;0;0;0;0;0;0;0;0;0;0;0;0;0;0;0;0;0;0;0;0;0;0;0;0;0;0;0;0;0;0;0;0;0;0;0;0;0;0;0;0;0;0;0;0;0;0;0;0;0;0;0;0;0;0;0;0
wurm;Wurm;Tempys;CCCX;Creature;Elemental;TRUE;;7;1;;10;2;;13;3;;0;0;0;0;0;0;0;0;1;0;0;0;0;0;0;0;0;0;0;0;0;0;0;0;0;0;0;0;0;0;0;0;0;0;0;0;0;0;0;0;0;0;0;0;0;0;0;0;0;0;0;0;0;0;0;0;0;0;0;0;0;0;0;0;0;0;0;0;0;0;0;0;0;0;0;0;0;0;0;0;0;0;0;0;0;0;0;0;0;0;0;0;0;0;0;0;0;0;0;0;0;0;0
arrogant;Arrogant;Alloyin/Nekrium/Tempys/Uterra;CCCX;Modifier;;TRUE;;4;0;;6;0;;10;0;;0;0;0;0;0;0;0;0;0;0;0;0;0;0;0;0;0;0;0;0;0;0;0;0;0;0;0;0;0;0;0;0;0;0;0;0;0;0;0;0;0;0;0;0;0;0;0;0;0;0;0;0;0;0;0;0;0;0;0;0;0;0;0;0;0;0;0;0;0;0;0;0;0;0;0;0;0;0;0;0;0;0;0;0;0;0;0;0;0;0;0;0;0;0;0;0;0;0;0;0;0;0;0
camouflaged;Camouflaged;Alloyin/Nekrium/Uterra;CCCX;Modifier;;TRUE;;1;1;<b>Stealth</b>;2;2;<b>Stealth</b>;3;4;<b>Stealth</b>;0;0;0;0;0;0;0;0;0;0;0;0;0;0;0;0;0;0;0;0;0;0;0;0;0;0;0;0;0;0;0;0;0;0;0;0;0;0;0;0;0;0;0;0;0;0;0;0;0;0;0;0;0;0;0;0;0;0;0;0;0;0;0;0;0;0;0;1;0;0;0;0;0;0;0;0;0;0;0;0;0;0;0;0;0;0;0;0;0;0;0;0;0;0;0;0;0;0;0;0;0;0;0
combat;Combat;Alloyin/Nekrium/Tempys/Uterra;CCCX;Modifier;;TRUE;;2;2;;3;3;;5;6;;0;0;0;0;0;0;0;0;0;0;0;0;0;0;0;0;0;0;0;0;0;0;0;0;0;0;0;0;0;0;0;0;0;0;0;0;0;0;0;0;0;0;0;0;0;0;0;0;0;0;0;0;0;0;0;0;0;0;0;0;0;0;0;0;0;0;0;0;0;0;0;0;0;0;0;0;0;0;0;0;0;0;0;0;0;0;0;0;0;0;0;0;0;0;0;0;0;0;0;0;0;0;0
fleet;Fleet;Tempys;CCCX;Modifier;;TRUE;;1;2;<b>Mobility</b> 1;2;2;<b>Mobility</b> 2;3;5;<b>Mobility</b> 3;0;0;0;0;0;0;0;0;0;0;0;0;0;0;0;0;0;0;0;0;0;0;0;0;0;0;0;0;0;0;0;0;0;0;0;0;0;0;0;0;1;0;0;0;0;0;0;0;0;0;0;0;0;0;0;0;0;0;0;0;0;0;0;0;0;0;0;0;0;0;0;0;0;0;0;0;0;0;0;0;0;0;0;0;0;0;0;0;0;0;0;0;0;0;0;0;0;0;0;0;0;0;0
hibernating;Hibernating;Nekrium/Tempys/Uterra;CCCX;Modifier;;TRUE;;0;3;;0;4;;10;11;;0;0;0;0;0;0;0;0;0;0;0;0;0;0;0;0;0;0;0;0;0;0;0;0;0;0;0;0;0;0;0;0;0;0;0;0;0;0;0;0;0;0;0;0;0;0;0;0;0;0;0;0;0;0;0;0;0;0;0;0;0;0;0;0;0;0;0;0;0;0;0;0;0;0;0;0;0;0;0;0;0;0;0;0;0;0;0;0;0;0;0;0;0;0;0;0;0;0;0;0;0;0;0
stout;Stout;Alloyin/Nekrium/Tempys/Uterra;CCCX;Modifier;;TRUE;;0;4;;0;6;;0;10;;0;0;0;0;0;0;0;0;0;0;0;0;0;0;0;0;0;0;0;0;0;0;0;0;0;0;0;0;0;0;0;0;0;0;0;0;0;0;0;0;0;0;0;0;0;0;0;0;0;0;0;0;0;0;0;0;0;0;0;0;0;0;0;0;0;0;0;0;0;0;0;0;0;0;0;0;0;0;0;0;0;0;0;0;0;0;0;0;0;0;0;0;0;0;0;0;0;0;0;0;0;0;0
venerable;Venerable;Alloyin/Nekrium/Tempys/Uterra;CCCX;Modifier;;TRUE;;3;3;;3;3;;2;2;;0;0;0;0;0;0;0;0;0;0;0;0;0;0;0;0;0;0;0;0;0;0;0;0;0;0;0;0;0;0;0;0;0;0;0;0;0;0;0;0;0;0;0;0;0;0;0;0;0;0;0;0;0;0;0;0;0;0;0;0;0;0;0;0;0;0;0;0;0;0;0;0;0;0;0;0;0;0;0;0;0;0;0;0;0;0;0;0;0;0;0;0;0;0;0;0;0;0;0;0;0;0;0
botanimate;Botanimate;Uterra;CCCX;Spell;;FALSE;;;;"Choose a [l1] enemy creature. The opponent replaces it with a Wisp <b>Minion</b>.

You gain 2H.";;;"Choose a [l1] or [l2] enemy creature. The opponent replaces it with a Wisp <b>Minion</b>.

You gain 2H.";;;"Choose an enemy creature. The opponent replaces it with a Wisp <b>Minion</b>.

You gain 2H.";0;0;0;0;0;0;0;0;0;0;0;0;0;0;0;0;0;0;0;0;0;0;0;0;0;0;0;0;0;0;0;0;0;0;1;0;0;1;0;0;0;0;0;0;0;0;0;0;0;0;0;0;0;0;0;0;0;0;0;1;0;0;0;0;0;0;0;0;0;0;0;0;0;0;0;0;0;0;0;0;0;0;0;0;0;0;0;0;0;0;0;0;0;0;0;0;0;0;0;1;0;0;0
disintegrate;Disintegrate;Tempys;CCCX;Spell;;FALSE;;;;Deal 8 damage to a creature that came into play this turn.;;;Deal 14 damage to a creature that came into play this turn.;;;Deal 20 damage to a creature that came into play this turn.;0;0;0;0;0;0;0;0;0;0;0;0;0;0;0;0;0;0;0;0;0;0;0;0;0;0;0;0;0;0;0;0;0;0;1;0;0;0;0;0;0;0;0;0;0;0;0;0;0;0;0;0;0;0;0;0;0;0;0;1;0;0;0;0;0;0;0;0;0;0;0;0;0;0;0;0;0;0;0;0;0;0;0;0;0;0;0;0;0;0;0;0;0;0;0;0;0;0;0;0;0;0;0
dreadbolt;Dreadbolt;Nekrium;CCCX;Spell;;FALSE;;;;Destroy a [l1] creature.;;;Destroy a [l1] or [l2] creature.;;;Destroy a creature.;0;0;0;0;0;0;0;0;0;0;0;0;0;0;0;0;0;0;0;0;0;0;0;0;0;0;0;0;0;0;0;0;0;0;1;0;0;0;0;0;0;0;0;0;0;0;0;0;0;0;0;0;0;0;0;0;0;0;0;1;0;0;0;0;0;0;0;0;0;0;0;0;0;0;0;0;0;0;0;0;0;0;0;0;0;0;0;0;0;0;0;0;0;0;0;0;0;0;0;1;0;0;0
energy-surge;Energy Surge;Alloyin;CCCX;Spell;;FALSE;;;;"You may play a Gizmo <b>Minion</b>.

<b>Upgrade</b> a card in your hand, then discard it.";;;"You may play a Mega Gizmo <b>Minion</b>.

<b>Upgrade</b> a card in your hand, then discard it.";;;"You may play a Mega Gizmo <b>Minion</b>.

<b>Upgrade</b> a card in your hand, then play it for <b>Free</b>.";0;0;0;0;0;0;0;0;0;0;0;0;0;0;0;0;1;0;0;0;0;0;0;0;0;0;0;0;0;0;0;1;0;0;1;1;0;0;0;0;0;0;0;0;0;0;0;0;0;0.3;0;1;0;0;0;0;0;0;0;0;0;0;0;0;0;0;0;0;0;1;0;0;1;0;0;0;0;0;0;0;0;0;0;0;0;0;0;0;0;0;0;0;0;0;0;0;0;0;0;0;0;0;0
warhound;Warhound;Tempys;CCRX;Creature;Beast;TRUE;;4;2;<b>Deploy:</b> If this replaced a creature, deal 3 damage to a creature or player.;5;3;<b>Deploy:</b> If this replaced a creature, deal 5 damage to a creature or player.;6;4;<b>Deploy:</b> If this replaced a creature, deal 7 damage to a creature or player.;1;0;0;0;0;0;0;0;0;0;0;0;0;0;0;0;0;0;0;0;0;0;0;0;0;0;0;0;0;0;0;0;0;0;0;0;1;0;0;0;0;0;0;0;0;0;0;0;0;0;0;0;0;1;1;0;0;0;0;1;0;0;0;0;0;0;0;0;0;0;0;0;0;0;0;0;0;0;0;0;0;0;0;0;0;0;0;0;0;0;1;0;0;0;0;0;0;0;0;0;0;0;0
basher;Basher;Uterra;CCXX;Creature;Dinosaur;TRUE;;5;3;<b>Breakthrough</b>;8;3;<b>Breakthrough</b>;10;3;<b>Breakthrough</b>;0;0;0;0;1;0;0;0;0;0;0;0;0;0;0;0;0;0;0;0;0;0;0;0;0;0;0;0;0;0;0;0;0;0;0;0;0;0;0;0;0;0;0;0;0;0;0;0;0;0;0;0;0;0;0;0;0;0;0;0;1;0;0;0;0;0;0;0;0;0;0;0;0;0;0;0;0;0;0;0;0;0;0;0;0;0;0;0;0;0;0;0;0;0;0;0;0;0;0;0;0;0;0
esperian-steelplate;Esperian Steelplate;Uterra;CCXX;Creature;Robot Beast;FALSE;;4;4;<b>Deploy:</b> If this replaced a creature, give it +3A,+3H.;6;8;<b>Deploy:</b> If this replaced a creature, give it and creatures adjacent to it +3A,+3H.;8;14;<b>Deploy:</b> If this replaced a creature, give your creatures +3A,+3H.;1;0;0;0;0;0;0;0;0;0;0;0;0;0;0;0;1;0;1;0;0;0;0;0;0;0;0;0;0;0;0;0;0;0;0;0;1;0;0;0;0;0;0;0;0;0;0;0;0;0;0;0;0;0;0;0;0;0;0;0;0;0;0;0;0;0;0;0;0;1;0;0;1;0;0;0;0;0;0;0;0;0;0;0;0;0;0;0;0;0;1;0;0;0;0;0;0;0;0;0;0;0;0
fiend;Fiend;Nekrium;CCXX;Creature;Beast;TRUE;;3;2;When this is destroyed, give one of your creatures +2A,+2H.;4;3;When this is destroyed, give one of your creatures +4A,+4H.;5;4;When this is destroyed, give one of your creatures +6A,+6H.;1;0;0;0;0;0;0;0;0;0;0;0;0;0;0;0;0;0;0;0;0;0;0;0;0;0;0;0;0;0;0;0;0;0;0;0;0;0;0;0;0;0;0;0;0;0;0;0;0;0;0;0;0;0;0;0;0;0;0;0;0;0;0;0;0;0;0;0;0;1;0;0;1;0;0;0;0;0;1;0;0;0;1;0;0;0;0;0;0;0;0;0;0;0;0;0;0;0;0;0;0;0;0
icecrusher;Icecrusher;Tempys;CCXX;Creature;Dinosaur;TRUE;;3;3;<b>Aggressive</b>;6;4;<b>Aggressive</b>;7;5;<b>Aggressive</b>;0;0;0;0;1;0;0;0;0;0;0;0;0;0;0;0;0;0;0;0;0;0;0;0;0;0;0;0;0;0;0;0;0;0;0;0;0;0;0;0;0;0;0;0;0;0;0;0;0;0;0;0;0;0;0;0;0;0;0;0;0;0;1;0;0;0;0;0;0;0;0;0;0;0;0;0;0;0;0;0;0;0;0;0;0;0;0;0;0;0;0;0;0;0;0;0;0;0;0;0;0;0;0
indomitable-fiend;Indomitable Fiend;Nekrium;CCXX;Creature;Zombie;FALSE;;4;2;When this is destroyed, if you have the Forge, <b>Reanimate</b> this to this lane.;6;3;When this is destroyed, if you have the Forge, <b>Reanimate</b> this to this lane.;9;5;When this is destroyed, if you have the Forge, <b>Reanimate</b> this to this lane.;0;0;0;0;0;0;0;0;0;0;0;0;0;0;0;0;0;0;0;0;0;0;0;0;0;0;0;0;0;1;0;0;0;0;0;0;0;0;0;0;0;0;0;0;0;0;0;0;0;0;0;0;0;0;0;0;0;0;0;0;0;0;0;0;0;0;0;0;0;0;0;0;0;0;0;0;0;0;1;0;0;0;1;0;0;0;0;0;0;0;0;0;0;0;0;0;0;0;0;0;0;0;0
mystical-tanglesprout;Mystical Tanglesprout;Uterra;CCXX;Creature;Plant Spirit;FALSE;;3;5;"<b>Defender</b>
 
 <b>Activate:</b> Give another creature +2H.";5;7;"<b>Defender</b>
 
 <b>Activate:</b> Give another creature +2A,+2H.";6;10;"<b>Defender</b>
 
 <b>Activate:</b> Give another creature +4A,+4H.";0;0;0;0;0;0;0;0;0;0;0;0;0;0;1;0;0;0;0;0;0;1;0;1;0;0;0;0;0;0;0;0;0;0;0;0;0;0;0;0;0;0;0;0;0;0;0;1;0;0;0;0;0;0;0;0;0;0;0;0;0;0;0;0;1;0;0;0;0;0.7;0;0.5;0.7;0;0;0;0;0;0;0;0;0;0;0;0;0;0;0;0;0;0;0;0;0;0;0;0;0;0;0;0;0;0
ossuary-mech;Ossuary Mech;Nekrium;CCXX;Creature;Robot Spirit;FALSE;;4;4;When this is destroyed, <b>Upgrade</b> a [l1] card in your discard pile.;7;7;When this is destroyed, <b>Upgrade</b> a card in your discard pile.;9;9;When this is destroyed, you may play a card from your discard pile for <b>Free</b>.;0;0;0;0;0;0;0;0;0;0;0;0;0;0;0;0;1;0;1;0;0;1;0;1;0;0;0;0;0;0;0;0;0;0;0;0;0;0;0;0;0;0;0;0;0;0;0;0;0;0.3;0;0.9;0;0;0;0;0;0;0;0;0;0;0;0;0;0;0;0;0;0;0;0;0;0;0;0;0;0;1;0;0;0;1;0;0;0;0;0;0;0;0;0;0;0;0;0;0;0;0;0;0;0;0
sentry;Sentry;Alloyin;CCXX;Creature;Robot;TRUE;;2;1;1D;4;2;4D;7;3;8D;0;0;0;0;0;0;0;0;0;0;0;0;0;0;0;0;1;0;1;0;0;0;0;0;0;0;0;0;0;0;0;0;0;0;0;0;0;0;0;0;0;0;0;1;0;0;0;0;0;0;0;0;0;0;0;0;0;0;0;0;0;0;0;0;0;0;0;0;0;0;0;0;0;0;0;0;0;0;0;0;0;0;0;0;0;0;0;0;0;0;0;0;0;0;0;0;0;0;0;0;0;0;0
slime;Slime;Nekrium;CCXX;Creature;Ooze;TRUE;;4;2;1D;6;3;2D;8;5;4D;0;0;0;0;0;0;0;0;0;0;0;0;0;0;0;0;0;0;0;0;0;0;0;0;0;0;0;0;0;0;0;0;0;0;0;0;0;0;0;0;0;0;0;1;0;0;0;0;0;0;0;0;0;0;0;0;0;0;0;0;0;0;0;0;0;0;0;0;0;0;0;0;0;0;0;0;0;0;0;0;0;0;0;0;0;0;0;0;0;0;0;0;0;0;0;0;0;0;0;0;0;0;0
spectre;Spectre;Nekrium;CCXX;Creature;Spirit Warrior;TRUE;;3;3;<b>Stealth</b>;5;5;<b>Stealth</b>;5;7;<b>Stealth</b>;0;0;0;0;0;0;0;0;0;0;0;0;0;0;0;0;0;0;0;0;0;1;0;1;0;1;0;0;0;0;0;0;0;0;0;0;0;0;0;0;0;0;0;0;0;0;0;0;0;0;0;0;0;0;0;0;0;0;0;0;0;0;0;0;0;0;0;1;0;0;0;0;0;0;0;0;0;0;0;0;0;0;0;0;0;0;0;0;0;0;0;0;0;0;0;0;0;0;0;0;0;0;0
spite-hydra;Spite Hydra;Nekrium;CCXX;Creature;Beast;FALSE;;4;5;<b>Deploy:</b> If one of your creatures was destroyed this turn, give this +3A,+3H.;7;8;<b>Deploy:</b> If one of your creatures was destroyed this turn, give this +4A,+4H.;10;11;<b>Deploy:</b> If one of your creatures was destroyed this turn, give this +5A,+5H.;1;0;0;0;0;0;0;0;0;0;0;0;0;0;0;0;0;0;0;0;0;0;0;0;0;0;0;0;0;0;0;0;0;0;0;0;0;0;0;0;0;0;0;0;0;0;0;0;0;0;0;0;0;0;0;0;0;0;0;0;0;0;0;0;0;0;0;0;0;0;0;0;1;0;0;0;0;0;0;1;0;0;1;0;0;0;0;0;0;0;1;0;0;0;0;0;0;0;0;0;0;0;0
stormling;Stormling;Tempys;CCXX;Creature;Elemental;TRUE;;5;2;<b>Mobility</b> 1;8;3;<b>Mobility</b> 1;9;5;<b>Mobility</b> 1;0;0;0;0;0;0;0;0;1;0;0;0;0;0;0;0;0;0;0;0;0;0;0;0;0;0;0;0;0;0;0;0;0;0;0;0;0;0;0;0;1;0;0;0;0;0;0;0;0;0;0;0;0;0;0;0;0;0;0;0;0;0;0;0;0;0;0;0;0;0;0;0;0;0;0;0;0;0;0;0;0;0;0;0;0;0;0;0;0;0;0;0;0;0;0;0;0;0;0;0;0;0;0
technohulk;Technohulk;Alloyin;CCXX;Creature;Zombie Robot;TRUE;;2;3;1D, <b>Mobility</b> 1;3;6;2D, <b>Mobility</b> 1;4;6;4D, <b>Mobility</b> 1;0;0;0;0;0;0;0;0;0;0;0;0;0;0;0;0;1;0;1;0;0;0;0;0;0;0;0;0;0;1;0;0;0;0;0;0;0;0;0;0;1;0;0;1;0;0;0;0;0;0;0;0;0;0;0;0;0;0;0;0;0;0;0;0;0;0;0;0;0;0;0;0;0;0;0;0;0;0;0;0;0;0;0;0;0;0;0;0;0;0;0;0;0;0;0;0;0;0;0;0;0;0;0
thundersaur;Thundersaur;Tempys;CCXX;Creature;Dinosaur;FALSE;;0;12;"<b>Breakthrough</b>

When this is dealt damage, give this that much A.";0;16;"<b>Breakthrough</b>

When this is dealt damage, give this that much A.";0;22;"<b>Breakthrough</b>

When this is dealt damage, give this that much A.";0;0;0;0;1;0;0;0;0;0;0;0;0;0;0;0;0;0;0;0;0;0;0;0;0;0;0;0;0;0;0;0;0;0;0;0;0;0;0;0;0;0;0;0;0;0;0;0;0;0;0;0;0;0;0;0;0;0;0;0;1;0;0;0;0;0;0;0;0;0;0;0;0;0;0;0;0;0;0;0;0;0;1;0;0;0;0;0;0;0;0;0;0;0;0;0;0;0;0;0;0;0;0
war-machine;War Machine;Alloyin;CCXX;Creature;Robot Warrior;FALSE;;2;10;<b>Deploy:</b> If this replaced a creature, give it +4A.;4;10;<b>Deploy:</b> If this replaced a creature, give it +6A.;6;10;<b>Deploy:</b> If this replaced a creature, give it +10A.;0;0;0;0;0;0;0;0;0;0;0;0;0;0;0;0;1;0;1;0;0;0;0;0;0;1;0;0;0;0;0;0;0;0;0;0;1;0;0;0;0;0;0;0;0;0;0;0;0;0;0;0;0;0;0;0;0;0;0;0;0;0;0;0;0;0;0;0;0;0;0;0;1;0;0;0;0;0;0;0;0;0;0;0;0;0;0;0;0;0;1;0;0;0;0;0;0;0;0;0;0;0;0
armored;Armored;Alloyin/Uterra;CCXX;Modifier;;TRUE;;1;0;2D;2;0;4D;4;0;6D;0;0;0;0;0;0;0;0;0;0;0;0;0;0;0;0;0;0;0;0;0;0;0;0;0;0;0;0;0;0;0;0;0;0;0;0;0;0;0;0;0;0;0;1;0;0;0;0;0;0;0;0;0;0;0;0;0;0;0;0;0;0;0;0;0;0;0;0;0;0;0;0;0;0;0;0;0;0;0;0;0;0;0;0;0;0;0;0;0;0;0;0;0;0;0;0;0;0;0;0;0;0;0
raging;Raging;Nekrium/Tempys;CCXX;Modifier;;TRUE;;1;1;<b>Aggressive</b>;2;2;<b>Aggressive</b>;3;3;<b>Aggressive</b>;0;0;0;0;0;0;0;0;0;0;0;0;0;0;0;0;0;0;0;0;0;0;0;0;0;0;0;0;0;0;0;0;0;0;0;0;0;0;0;0;0;0;0;0;0;0;0;0;0;0;0;0;0;0;0;0;0;0;0;0;0;0;1;0;0;0;0;0;0;0;0;0;0;0;0;0;0;0;0;0;0;0;0;0;0;0;0;0;0;0;0;0;0;0;0;0;0;0;0;0;0;0;0
shifting;Shifting;Uterra;CCXX;Modifier;;TRUE;;-2;4;;5;5;;8;2;;0;0;0;0;0;0;0;0;0;0;0;0;0;0;0;0;0;0;0;0;0;0;0;0;0;0;0;0;0;0;0;0;0;0;0;0;0;0;0;0;0;0;0;0;0;0;0;0;0;0;0;0;0;0;0;0;0;0;0;0;0;0;0;0;0;0;0;0;0;0;0;0;0;0;0;0;0;0;0;0;0;0;0;0;0;0;0;0;0;0;0;0;0;0;0;0;0;0;0;0;0;0;0
soothing;Soothing;Uterra;CCXX;Modifier;;TRUE;;0;0;<b>Deploy:</b> You gain 2H.;3;3;<b>Deploy:</b> You gain 3H.;5;6;<b>Deploy:</b> You gain 5H.;0;0;0;0;0;0;0;0;0;0;0;0;0;0;0;0;0;0;0;0;0;0;0;0;0;0;0;0;0;0;0;0;0;0;0;0;0;1;0;0;0;0;0;0;0;0;0;0;0;0;0;0;0;0;0;0;0;0;0;0;0;0;0;0;0;0;0;0;0;0;0;0;0;0;0;0;0;0;0;0;0;0;0;0;0;0;0;0;0;0;1;0;0;0;0;0;0;0;0;0;0;0;0
stampeding;Stampeding;Tempys/Uterra;CCXX;Modifier;;TRUE;;2;1;<b>Breakthrough</b>;4;1;<b>Breakthrough</b>;6;2;<b>Breakthrough</b>;0;0;0;0;0;0;0;0;0;0;0;0;0;0;0;0;0;0;0;0;0;0;0;0;0;0;0;0;0;0;0;0;0;0;0;0;0;0;0;0;0;0;0;0;0;0;0;0;0;0;0;0;0;0;0;0;0;0;0;0;1;0;0;0;0;0;0;0;0;0;0;0;0;0;0;0;0;0;0;0;0;0;0;0;0;0;0;0;0;0;0;0;0;0;0;0;0;0;0;0;0;0;0
energy-prison;Energy Prison;Alloyin;CCXX;Spell;;FALSE;;;;"Give a creature -7A.

<b>Upgrade</b> a card in your hand, then discard it.";;;"Give a creature -10A.

<b>Upgrade</b> a card in your hand, then discard it.";;;"Give a creature -15A.

<b>Upgrade</b> a card in your hand.";0;0;0;0;0;0;0;0;0;0;0;0;0;0;0;0;0;0;0;0;0;0;0;0;0;0;0;0;0;0;0;0;0;0;1;0;0;0;0;0;0;0;0;0;0;0;0;0;0;0;0;1;0;0;0;0;0;0;0;0;0;0;0;0;0;0;0;0;0;0;0;0;0;0;0;1;0;0;0;0;0;0;0;0;0;0;0;0;0;0;0;0;0;0;0;0;0;0;0;0;0;0;0
ghastly-renewal;Ghastly Renewal;Nekrium;CCXX;Spell;;FALSE;;;;"You may play a Mindless Zombie <b>Minion</b>.

If you have a Scientist in play, you may play up to two Mindless Zombie <b>Minions</b> instead.";;;"You may play a Zombie Brute <b>Minion</b>.

If you have a Scientist in play, you may play up to two Zombie Brute <b>Minions</b> instead.";;;"<b>Reanimate</b> a creature.

If you have a Scientist in play, you may <b>Reanimate</b> up to two creatures instead.";0;0;0;0;0;0;0;0;0;0;0;0;0;0;0;0;0;0;0;0;1;0;0;0;0;0;0;0;0;0.9;0;0.9;0;0;1;0;0;0;0;0;0;0;0;0;0;0;0;0;0;0;0.3;0;0;0;0;0;0;0;0;0;0;0;0;0;0;0;0;0;0;0;0;0;0;0;0;0;0;0;0;0;0;0;0;0;0;0;0;0;0;0;0;0;0;0;0;0;0;0;0;0;0;0;0
grave-pact;Grave Pact;Nekrium;CCXX;Spell;;FALSE;;;;"Destroy one of your creatures to give a creature -8A,-8H.

";;;"Destroy one of your creatures to give a creature -10A,-10H.

";;;"Destroy one of your creatures to give a creature -13A,-13H.

";0;0;0;0;0;0;0;0;0;0;0;0;0;0;0;0;0;0;0;0;0;0;0;0;0;0;0;0;0;0;0;0;0;0;1;0;0;0;0;0;0;0;0;0;0;0;0;0;0;0;0;0;0;0;0;0;0;0;0;1;0;0;0;0;0;0;0;0;0;0;0;0;0;0;1;0;0;0;0;0;1;0;0;0;0;0;0;0;0;0;0;0;0;0;0;0;0;0;0;0;0;0;0
lead-the-charge;Lead the Charge;Uterra;CCXX;Spell;;FALSE;;;;Give a creature +6H. <b>Ready</b> it.;;;Give a creature +10H. <b>Ready</b> it.;;;Give a creature +15H. <b>Ready</b> it.;0;0;0;0;0;0;0;0;0;0;0;0;0;0;0;0;0;0;0;0;0;0;0;0;0;0;0;0;0;0;0;0;0;0;1;0;0;0;0;0;0;0;0;0;0;0;0;0;1;0;0;0;0;0;0;0;0;0;0;0;0;0;0;0;0;0;0;0;0;0;0;1;0;0;0;0;0;0;0;0;0;0;0;0;0;0;0;0;0;0;0;0;0;0;0;0;0;0;0;0;0;0;0
primordial-slam;Primordial Slam;Tempys;CCXX;Spell;;FALSE;;;;"Deal 4 damage to a creature.

You may give a Warrior +4A.";;;"Deal 6 damage to a creature.

You may give a Warrior +6A.";;;"Deal 8 damage to a creature.

You may give a Warrior +8A.";0;0;0;0;0;0;0;0;0;0;0;0;0;0;0;0;0;0;0;0;0;0;0;0;0;0;1;0;0;0;0;0;0;0;1;0;0;0;0;0;0;0;0;0;0;0;0;0;0;0;0;0;0;0;0;0;0;0;0;1;0;0;0;0;0;0;0;0;0;0;1;0;1;0;0;0;0;0;0;0;0;0;0;0;0;0;0;0;0;0;0;0;0;0;0;0;0;0;0;0;0;0;0
vine-lash;Vine Lash;Uterra;CCXX;Spell;;FALSE;;;;One of your creatures <b>Battles</b> an enemy creature.;;;One of your creatures <b>Strikes</b> an enemy creature.;;;One of your creatures <b>Strikes</b> up to two enemy creatures.;0;0;0;0;0;0;0;0;0;0;0;0;0;0;0;0;0;0;0;0;0;0;0;0;0;0;0;0;0;0;0;0;0;0;1;0;0;0;0;0;0;0;0;0;0;0;0;0;0;0;0;0;0;0;0;0;0;0;0;1;0;0;0;0;0;0;0;0;0;0;0;0;0;0;0;0;0;0;0;0;0;0;0;0;0;0;0;0;0;1;0;0;0;0;0;0;0;0;0;0;0;0;0
summoning;Summoning;Tempys;CRCX;Modifier;;TRUE;;-1;0;<b>Deploy:</b> You may play a Spell Sprite <b>Minion</b>.;1;0;<b>Deploy:</b> You may play a Spell Sprite <b>Minion</b>.;2;0;<b>Deploy:</b> You may play a Spell Swarm <b>Minion</b>.;0;0;0;0;0;0;0;0;1;0;0;0;0;0;0;0;0;0;0;0;0;0;0;0;0;0;0;0;0;0;0;1;0;1;0;0;0;0;0;0;0;0;0;0;0;0;0;0;0;0;0;0;0;0;0;0;0;0;0;0;0;0;0;0;0;0;0;0;0;0;0;0;1;0;0;0;0;0;0;0;0;0;0;0;0;0;0;0;0;0;1;0;0;0;0;0;0;0;0;0;0;0;0
druid;Druid;Uterra;CRRX;Creature;Mage;TRUE;;1;1;<b>Deploy:</b> You may play a Wisp <b>Minion</b>.;2;2;<b>Deploy:</b> You may replace another creature with an Oakfather <b>Minion</b>.;1;2;<b>Deploy:</b> You may play an Oakfather <b>Minion</b>.;0;0;0;0;0;0;0;0;0;0;1;0;0;0;0.7;0;0;0;0;0;0;1;0;0;0;0;0;0;0;0;0;1;0;0;0;0;0.4;0;0;0;0;0;0;0;0;0;0;0;0;0;0;0;0;0;0;0;0;0;0;0;0.7;0;0;0;0;0;0;0;0;0;0;0;0;0;0;0;0;0;0;0;0;0;0;0;0;0;0;0;0;0;1;0;0;0;0;0;0;0;0;0;0;0;0
steeleye-researcher;Steeleye Researcher;Alloyin;CRRX;Creature;Scientist;FALSE;;4;4;When you play a <b>Minion</b>, give this +2A,+2H.;6;6;When you play a <b>Minion</b>, give this +3A,+3H.;8;8;When you play a <b>Minion</b>, give this +5A,+5H.;0;0;0;0;0;0;0;0;0;0;0;0;0;0;0;0;0;0;0;1;0;0;0;0;0;0;0;0;0;0;0;0;1;0;0;0;0;0;0;0;0;0;0;0;0;0;0;0;0;0;0;0;0;0;0;0;0;0;0;0;0;0;0;0;0;0;0;0;0;0;0;0;1;0;0;0;0;0;0;0;0;0;0;0;0;0;0;0;0;0;0;0;0;0;0;0;0;0;0;1;0;0;0
storm-caller;Storm Caller;Tempys;CRRX;Creature;Mage;FALSE;;7;2;<b>Deploy:</b> The enemy player may choose to take 3 damage. If they don't, you may play a [l1] spell for <b>Free</b>.;9;3;<b>Deploy:</b> The enemy player may choose to take 7 damage. If they don't, you may play a [l1] or [l2] spell for <b>Free</b>.;12;5;<b>Deploy:</b> The enemy player may choose to take 10 damage. If they don't, you may play a spell for <b>Free</b>.;0;0;0;0;0;0;0;0;0;0;1;0;0;0;0;0;0;0;0;0;0;0;0;0;0;0;0;0;0;0;0;0;0;1;0;0;0;0;0;0;0;0;0;0;0;0;0;0;0;1;0;0;0;0;0;0;0;0;0;0;0;0;0;0;0;0;0;0;0;0;0;0;0;0;0;0;0;0;0;0;0;0;0;0;0;0;0;0;0;0;1;0;0;0;0;0;0;0;0;0;0;0;0
burnout;Burnout;Tempys;CRRX;Spell;;FALSE;;;;You may play a Spell Sprite <b>Minion</b>. Give your creatures +2A.;;;You may play a Spell Sprite <b>Minion</b>. Give your creatures +3A.;;;You may play a Spell Swarm <b>Minion</b>. Give your creatures +4A.;0;0;0;0;0;0;0;0;1;0;0;0;0;0;0;0;0;0;0;0;0;0;0;0;0;0;0;0;0;0;0;1;0;1;1;0;0;0;0;0;0;0;0;0;0;0;0;0;0;0;0;0;0;0;0;0;0;0;0;0;0;0;0;0;0;0;0;0;0;0;1;0;1;0;0;0;0;0;0;0;0;0;0;0;0;0;0;0;0;0;0;0;0;0;0;0;0;0;0;0;0;0;0
brightsteel-sentinel;Brightsteel Sentinel;Alloyin;CRXX;Creature;Robot;FALSE;;5;4;<b>Deploy:</b> Give your Robots 3D this turn.;9;5;<b>Deploy:</b> Give your Robots 5D this turn.;13;8;<b>Deploy:</b> Give your Robots 8D this turn.;0;0;0;0;0;0;0;0;0;0;0;0;0;0;0;0;1;1;1;0;0;0;0;0;0;0;0;0;0;0;0;0;0;0;0;0;0;0;0;0;0;0;0;0;1;0;0;0;0;0;0;0;0;0;0;0;0;0;0;0;0;0;0;0;0;0;0;0;0;0;0;0;0;0;0;0;0;0;0;0;0;0;0;0;0;0;0;0;0;0;1;0;0;0;0;0;0;0;0;0;0;0;0
toorgmai-guardian;Toorgmai Guardian;Uterra;CRXX;Creature;Plant Warrior;FALSE;;5;6;When another one of your creatures enters the back row, give this +1A,+1H.;7;8;When another one of your creatures enters the back row, give this +2A,+2H.;10;11;When another one of your creatures enters the back row, give this +3A,+3H.;0;0;0;0;0;0;0;0;0;0;0;0;0;0;1;0;0;0;0;0;0;0;0;0;0;1;0;0;0;0;0;0;0;0;0;0;0;0;0;0;0;0;0;0;0;0;0;0;0;0;0;0;0;0;0;0;0;0;0;0;0;0;0;0;0;1;0;0;0;0;0;0;1;0;0;0;0;0;0;0;0;0;0;0;0;0;0;0;0;0;0;0;0;0;0;0;0;0;0;1;0;0;0
windspark-elemental;Windspark Elemental;Tempys;CRXX;Creature;Elemental;FALSE;;4;2;"<b>Aggressive</b>

When this damages a player, deal that much damage to an enemy creature.";8;5;"<b>Aggressive</b>

When this damages a player, deal that much damage to an enemy creature.";12;8;"<b>Aggressive</b>

When this damages a player, deal that much damage to an enemy creature.";0;0;0;0;0;0;0;0;1;0;0;0;0;0;0;0;0;0;0;0;0;0;0;0;0;0;0;0;0;0;0;0;0;0;0;0;0;0;0;0;0;0;0;0;0;0;0;0;0;0;0;0;0;0;0;0;0;1;0;0;0;0;1;0;0;0;0;0;0;0;0;0;0;0;0;0;0;0;0;0;0;0;0;0;0;0;0;0;0;0;0;0;0;0;0;0;0;0;0;0;0;0;0
giant;Giant;Tempys;CXCX;Creature;Warrior;TRUE;;3;3;;5;5;;12;13;;0;0;0;0;0;0;0;0;0;0;0;0;0;0;0;0;0;0;0;0;0;0;0;0;0;1;0;0;0;0;0;0;0;0;0;0;0;0;0;0;0;0;0;0;0;0;0;0;0;0;0;0;0;0;0;0;0;0;0;0;0;0;0;0;0;0;0;0;0;0;0;0;0;0;0;0;0;0;0;0;0;0;0;0;0;0;0;0;0;0;0;0;0;0;0;0;0;0;0;0;0;0;0
gloomreaper-hag;Gloomreaper Hag;Nekrium;CXCX;Creature;Mage;FALSE;;7;5;When this is destroyed, deal 3 damage to a player. You gain 3H.;8;6;When this is destroyed, deal 3 damage to a player. You gain 3H.;9;8;When this is destroyed, deal 3 damage to a player. You gain 3H.;0;0;0;0;0;0;0;0;0;0;1;0;0;0;0;0;0;0;0;0;0;0;0;0;0;0;0;0;0;0;0;0;0;0;0;0;0;1;0;0;0;0;0;0;0;0;0;0;0;0;0;0;0;1;1;0;0;0;0;0;0;0;0;0;0;0;0;0;0;0;0;0;0;0;0;0;0;0;1;0;0;0;1;0;0;0;0;0;0;0;0;0;0;0;0;0;0;0;0;0;0;0;0
justicar;Justicar;Alloyin;CXCX;Creature;Warrior;TRUE;;6;4;;6;4;;8;5;;0;0;0;0;0;0;0;0;0;0;0;0;0;0;0;0;0;0;0;0;0;0;0;0;0;1;0;0;0;0;0;0;0;0;0;0;0;0;0;0;0;0;0;0;0;0;0;0;0;0;0;0;0;0;0;0;0;0;0;0;0;0;0;0;0;0;0;0;0;0;0;0;0;0;0;0;0;0;0;0;0;0;0;0;0;0;0;0;0;0;0;0;0;0;0;0;0;0;0;0;0;0;0
portal-shade;Portal Shade;Nekrium;CXCX;Creature;Spirit;FALSE;;5;3;"<b>Stealth</b>

<b>Activate:</b> Destroy this to give a creature +5A.";8;6;"<b>Stealth</b>

<b>Activate:</b> Destroy this to give a creature +8A.";13;8;"<b>Stealth</b>

<b>Activate:</b> Destroy this to give a creature +13A.";0;0;0;0;0;0;0;0;0;0;0;0;0;0;0;0;0;0;0;0;0;1;0;1;0;0;0;0;0;0;0;0;0;0;0;0;0;0;0;0;0;0;0;0;0;0;0;1;0;0;0;0;0;0;0;0;0;0;0;0;0;0;0;0;0;0;0;1;0;0;1;0;1;0;0;0;0;0;0;0;0;1;0;0;0;0;0;0;0;0;0;0;0;0;0;0;0;0;0;0;0;0;0
shroudthorn-splicer;Shroudthorn Splicer;Uterra;CXCX;Creature;Plant;FALSE;;4;4;<b>Deploy:</b> You may replace another one of your creatures with an Oakfather <b>Minion</b>. If you do, destroy this.;6;6;<b>Deploy:</b> You may replace another one of your creatures with an Oakfather <b>Minion</b>.;10;10;"<b>Breakthrough</b>

<b>Deploy:</b> You may replace another one of your creatures with an Oakfather <b>Minion</b>.";0;0;0;0;0;0;0;0;0;0;0;0;0;0;1;0;0;0;0;0;0;1;0;0;0;0;0;0;0;0;0;1;0;0;0;0;1;0;0;0;0;0;0;0;0;0;0;0;0;0;0;0;0;0;0;0;0;0;0;0;1;0;0;0;0;0;0;0;0;0;0;0;0;0;0;0;0;0;0;0;0;0.5;0;0;0;0;0;0;0;0;1;0;0;0;0;0;0;0;0;0;0;0;0
skeleton;Skeleton;Nekrium;CXCX;Creature;Beast;TRUE;;3;1;;6;4;;15;14;;1;0;0;0;0;0;0;0;0;0;0;0;0;0;0;0;0;0;0;0;0;0;0;0;0;0;0;0;0;0;0;0;0;0;0;0;0;0;0;0;0;0;0;0;0;0;0;0;0;0;0;0;0;0;0;0;0;0;0;0;0;0;0;0;0;0;0;0;0;0;0;0;0;0;0;0;0;0;0;0;0;0;0;0;0;0;0;0;0;0;0;0;0;0;0;0;0;0;0;0;0;0;0
spirit;Spirit;Nekrium;CXCX;Creature;Spirit;TRUE;;6;3;<b>Deploy:</b> If this is played in a lane with an opposing creature, destroy this.;9;4;<b>Deploy:</b> If this is played in a lane with an opposing creature, destroy this.;12;9;<b>Deploy:</b> If this is played in a lane with an opposing creature, destroy this.;0;0;0;0;0;0;0;0;0;0;0;0;0;0;0;0;0;0;0;0;0;1;0;1;0;0;0;0;0;0;0;0;0;0;0;0;0;0;0;0;0;0;0;0;0;0;0;0;0;0;0;0;0;0;0;0;0;0;0;0;0;0;0;0;0;0;0;0;0;0;0;0;0;0;0;0;0;0;0;0;0;1;0;0;0;0;0;0;0;0;1;0;0;0;0;0;0;0;0;0;0;0;0
warcharger;Warcharger;Alloyin;CXCX;Creature;Robot;TRUE;;3;3;<b>Mobility</b> 1;5;5;<b>Mobility</b> 2;7;7;<b>Mobility</b> 3;0;0;0;0;0;0;0;0;0;0;0;0;0;0;0;0;1;0;1;0;0;0;0;0;0;0;0;0;0;0;0;0;0;0;0;0;0;0;0;0;1;0;0;0;0;0;0;0;0;0;0;0;0;0;0;0;0;0;0;0;0;0;0;0;0;0;0;0;0;0;0;0;0;0;0;0;0;0;0;0;0;0;0;0;0;0;0;0;0;0;0;0;0;0;0;0;0;0;0;0;0;0;0
druids-chant;Druid's Chant;Uterra;CXCX;Spell;;FALSE;;;;"Give a creature +3A,+3H.

You gain 3H.";;;"Give a creature +5A,+5H.

You gain 5H.";;;"Give a creature +10A,+10H.

You gain 10H. If you have more than 30H, you may play an Oakfather <b>Minion</b>.";0;0;0;0;0;0;0;0;0;0;0;0;0;0;0.3;0;0;0;0;0;0;0.3;0;0;0;0;0;0;0;0;0;0.3;0;0;1;0;0;1;0;0.3;0;0;0;0;0;0;0;0;0;0;0;0;0;0;0;0;0;0;0;0;0.3;0;0;0;0;0;0;0;0;1;0;0;1;0;0;0;0;0;0;0;0;0;0;0;0;0;0;0;0;0;0;0;0;0;0;0;0;0;0;0;0;0;0
electronet;Electronet;Alloyin;CXCX;Spell;;FALSE;;;;"Give a creature -5A.

If it has increased A, this is <b>Free</b>.";;;"Give a creature -10A.

If it has increased A, this is <b>Free</b>.";;;"Give a creature -15A.

If it has increased A, this is <b>Free</b>.";0;0;0;0;0;0;0;0;0;0;0;0;0;0;0;0;0;0;0;0;0;0;0;0;0;0;0;0;0;0;0;0;0;0;1;0;0;0;0;0;0;0;0;0;0;0;0;0;0;1;0;0;0;0;0;0;0;0;0;0;0;0;0;0;0;0;0;0;0;0;0;0;0;0;0;1;0;0;0;0;0;0;0;0;0;0;0;0;0;0;0;0;0;0;0;0;0;0;0;0;0;0;0
fit-of-rage;Fit of Rage;Tempys;CXCX;Spell;;FALSE;;;;"Give a creature +4A. This turn, it gets <b>Breakthrough</b>.

If you played another spell this turn, you may choose up to two creatures instead.";;;"Give a creature +6A. This turn, it gets <b>Breakthrough</b>.

If you played another spell this turn, you may choose up to three creatures instead.";;;"Give a creature +8A. This turn, it gets <b>Breakthrough</b>.

If you played another spell this turn, give this to all your creatures instead.";0;0;0;0;0;0;0;0;0;0;0;0;0;0;0;0;0;0;0;0;0;0;0;0;0;0;0;0;0;0;0;0;0;1;1;0;0;0;0;0;0;0;0;0;0;0;0;0;0;0;0;0;0;0;0;0;0;0;0;0;0;1;0;0;0;0;0;0;0;0;1;0;1;0;0;0;0;0;0;0;0;0;0;0;0;0;0;0;0;0;0;0;0;0;0;0;0;0;0;0;0;0;0
infernal-ritual;Infernal Ritual;Nekrium;CXCX;Spell;;FALSE;;;;"Destroy one of your creatures to play up to two Mindless Zombie <b>Minions</b>.

Give your Zombies <b>Aggressive</b> this turn.";;;"Destroy one of your creatures to play up to two Zombie Brute <b>Minions</b>.

Give your Zombies +2A. This turn, they get <b>Aggressive</b>.";;;"Destroy one of your creatures to play up to three Zombie Brute <b>Minions</b>.

Give your Zombies +4A. This turn, they get <b>Aggressive</b>.";0;0;0;0;0;0;0;0;0;0;0;0;0;0;0;0;0;0;0;0;0;0;0;0;0;0;0;0;0;1;1;1;0;0;1;0;0;0;0;0;0;0;0;0;0;0;0;0;0;0;0;0;0;0;0;0;0;0;0;0;0;0;0;1;0;0;0;0;0;0;0.7;0;0.7;0;0;0;0;0;0;0;1;0;0;0;0;0;0;0;0;0;0;0;0;0;0;0;0;0;0;0;0;0;0
stone-skin;Stone Skin;Tempys;CXCX;Spell;;FALSE;;;;Give one of your creatures +5A. It may <b>Battle</b> an enemy creature.;;;Give one of your creatures +7A. It may <b>Battle</b> an enemy creature.;;;Give one of your creatures +9A. It may <b>Battle</b> an enemy creature.;0;0;0;0;0;0;0;0;0;0;0;0;0;0;0;0;0;0;0;0;0;0;0;0;0;0;0;0;0;0;0;0;0;0;1;0;0;0;0;0;0;0;0;0;0;0;0;0;0;0;0;0;0;0;0;0;0;0;0;1;0;0;0;0;0;0;0;0;0;0;1;0;1;0;0;0;0;0;0;0;0;0;0;0;0;0;0;0;0;1;0;0;0;0;0;0;0;0;0;0;0;0;0
vyrics-embrace;Vyric's Embrace;Nekrium;CXCX;Spell;;FALSE;;;;Deal 4 damage to a creature. You gain 4H.;;;Deal 6 damage to a creature. You gain 6H.;;;Deal 8 damage to a creature. You gain 8H.;0;0;0;0;0;0;0;0;0;0;0;0;0;0;0;0;0;0;0;0;0;0;0;0;0;0;0;0;0;0;0;0;0;0;1;0;0;1;0;0;0;0;0;0;0;0;0;0;0;0;0;0;0;0;0;0;0;0;0;1;0;0;0;0;0;0;0;0;0;0;0;0;0;0;0;0;0;0;0;0;0;0;0;0;0;0;0;0;0;0;0;0;0;0;0;0;0;0;0;0;0;0;0
batterhide;Batterhide;Uterra;CXRX;Creature;Dinosaur;TRUE;;4;3;<b>Deploy:</b> This turn, an enemy [l1] creature loses all printed abilities and gets <b>Defender</b>.;6;4;<b>Deploy:</b> This turn, an enemy [l1] or [l2] creature loses all printed abilities and gets <b>Defender</b>.;9;5;<b>Deploy:</b> This turn, an enemy creature loses all printed abilities and gets <b>Defender</b>.;0;0;0;0;1;0;0;0;0;0;0;0;0;0;0;0;0;0;0;0;0;0;0;0;0;0;0;0;0;0;0;0;0;0;0;0;0;0;0;0;0;0;0;0;0;0;0;0;0;0;0;0;0;0;0;0;0;0;0;0;0;0;0;0;0;0;1;0;0;0;0;0;0;0;0;0;0;0;0;0;0;0;0;0;1;0;0;0;0;0;1;0;0;0;0;0;0;0;0;0;0;0;0
voltaic-prophet;Voltaic Prophet;Alloyin;CXRX;Creature;Mage;FALSE;;6;5;<b>Activate:</b> If a spell was played this turn, give this 3D this turn.;10;6;<b>Activate:</b> If a spell was played this turn, give this 5D this turn.;15;8;<b>Activate:</b> If a spell was played this turn, give this 10D this turn.;0;0;0;0;0;0;0;0;0;0;1;0;0;0;0;0;0;0;0;0;0;0;0;0;0;0;0;0;0;0;0;0;0;1;0;0;0;0;0;0;0;0;0;1;0;0;0;1;0;0;0;0;0;0;0;0;0;0;0;0;0;0;0;0;0;0;0;0;0;0;0;0;0;0;0;0;0;0;0;0;0;0;0;0;0;0;0;0;0;0;0;0;0;0;0;0;0;0;0;0;0;0;0
aetherforge-oracle;Aetherforge Oracle;Alloyin;CXXX;Creature;Mage;FALSE;;3;5;<b>Deploy:</b> <b>Upgrade</b> a card in your hand, then discard it.;6;10;<b>Deploy:</b> <b>Upgrade</b> a card in your hand, then discard it.;9;13;"<b>Deploy:</b> <b>Upgrade</b> a card in your hand.

When you <b>Upgrade</b> a card, you may <b>Upgrade</b> it up to two times instead.";0;0;0;0;0;0;0;0;0;0;1;0;0;0;0;0;0;0;0;0;0;0;0;0;0;0;0;0;0;0;0;0;0;0;0;0;0;0;0;0;0;0;0;0;0;0;0;0;0;0;0;1;0.3;0;0;0;0;0;0;0;0;0;0;0;0;0;0;0;0;0;0;0;0;0;0;0;0;0;0;0;0;0;0;0;0;0;0;0;0;0;1;0;0;0;0;0;0;0;0;0;0;0;0
apparition;Apparition;Nekrium;CXXX;Creature;Spirit;TRUE;;2;2;<b>Deploy:</b> You may destroy another one of your creatures to give this +2A,+2H.;4;4;<b>Deploy:</b> You may destroy another one of your creatures to give this +5A,+5H.;5;5;<b>Deploy:</b> You may destroy another one of your creatures to give this +8A,+8H.;0;0;0;0;0;0;0;0;0;0;0;0;0;0;0;0;0;0;0;0;0;1;0;1;0;0;0;0;0;0;0;0;0;0;0;0;0;0;0;0;0;0;0;0;0;0;0;0;0;0;0;0;0;0;0;0;0;0;0;0;0;0;0;0;0;0;0;0;0;0;0;0;1;0;0;0;0;0;0;0;1;0;0;0;0;0;0;0;0;0;1;0;0;0;0;0;0;0;0;0;0;0;0
bonescythe-reaver;Bonescythe Reaver;Nekrium;CXXX;Creature;Abomination;FALSE;;4;3;<b>Deploy:</b> Destroy an enemy <b>Minion</b>.;8;4;<b>Deploy:</b> Destroy an enemy [l1] creature.;10;7;<b>Deploy:</b> Destroy an enemy [l1] or [l2] creature.;0;0;0;0;0;0;0;0;0;0;0;0;0;0;0;0;0;0;0;0;0;0;0;0;0;0;0;0;0;0;0;0;0;0;0;0;0;0;0;0;0;0;0;0;0;0;0;0;0;0;0;0;0;0;0;0;0;0;0;1;0;0;0;0;0;0;0;0;0;0;0;0;0;0;0;0;0;0;0;0;0;0;0;0;0;0;0;0;0;0;1;0;0;0;0;0;0;0;0;0;0;0;0
epoch-soldier;Epoch Soldier;Alloyin;CXXX;Creature;Warrior;FALSE;;4;4;<b>Deploy:</b> If this is in your leftmost lane, give this +3A. If this is in your rightmost lane give this +3H.;6;6;<b>Deploy:</b> If this is in your leftmost lane, give this +8A. If this is in your rightmost lane give this +8H.;10;10;<b>Deploy:</b> If this is in your leftmost lane, give this +12A. If this is in your rightmost lane give this +12H.;0;0;0;0;0;0;0;0;0;0;0;0;0;0;0;0;0;0;0;0;0;0;0;0;0;1;0;0;0;0;0;0;0;0;0;0;0;0;0;0;0;0;0;0;0;0;0;0;0;0;0;0;0;0;0;0;0;0;0;0;0;0;0;0;0;0;0;0;0;0;0;0;1;0;0;0;0;0;0;0;0;0;0;0;0;0;0;0;0;0;1;0;0;0;0;0;0;0;0;0;0;0;0
firefist-uranti;Firefist Uranti;Tempys;CXXX;Creature;Yeti Mage;FALSE;;1;8;"<b>Defender</b>

<b>Activate:</b> Deal 1 damage to a creature or player.";2;10;"<b>Defender</b>

<b>Activate:</b> Deal 2 damage to a creature or player.";4;12;"<b>Defender</b>

<b>Activate:</b> This deals damage equal to its A to a creature or player.";0;0;0;0;0;0;0;0;0;0;1;0;0;0;0;0;0;0;0;0;0;0;0;0;0;0;0;1;0;0;0;0;0;0;0;0;0;0;0;0;0;0;0;0;0;0;0;1;0;0;0;0;0;1;1;0;0;0;0;0.9;0;0;0;0;1;0;0;0;0;0;0;0;0;0;0;0;0;0;0;0;0;0;0;0;0;0;0;0;0;0;0;0;0;0;0;0;0.9;0;0;0;0;0;0
glider;Glider;Tempys;CXXX;Creature;Dinosaur;TRUE;;0;5;<b>Deploy:</b> If this is unopposed, give it +4A.;0;7;<b>Deploy:</b> If this is unopposed, give it +7A.;0;9;<b>Deploy:</b> If this is unopposed, give it +10A.;0;0;0;0;1;0;0;0;0;0;0;0;0;0;0;0;0;0;0;0;0;0;0;0;0;0;0;0;0;0;0;0;0;0;0;0;0;0;0;0;0;0;0;0;0;0;0;0;0;0;0;0;0;0;0;0;0;0;0;0;0;0;0;0;0;0;0;0;0;0;0;0;1;0;0;0;0;0;0;0;0;0;0;0;0;0;0;0;0;0;1;0;0;0;0;0;0;0;0;0;0;0;0
glowhive-siren;Glowhive Siren;Uterra;CXXX;Creature;Beast;FALSE;;0;8;"When you gain H, give this +A equal to the H gained.

<b>Deploy:</b> You gain 4H.";0;10;"When you gain H, give this +A equal to the H gained.

<b>Deploy:</b> You gain 5H.";0;12;"When you gain H, give this +A equal to the H gained.

<b>Deploy:</b> You gain 6H.";1;0;0;0;0;0;0;0;0;0;0;0;0;0;0;0;0;0;0;0;0;0;0;0;0;0;0;0;0;0;0;0;0;0;0;0;0;1;1;0;0;0;0;0;0;0;0;0;0;0;0;0;0;0;0;0;0;0;0;0;0;0;0;0;0;0;0;0;0;0;1;0;1;0;0;0;0;0;0;0;0;0;0;0;0;0;0;0;0;0;1;0;0;0;0;0;0;0;0;1;0;0;0
inventor;Inventor;Alloyin;CXXX;Creature;Scientist;TRUE;;1;2;<b>Deploy:</b> You may play a Gizmo <b>Minion</b>.;3;4;<b>Deploy:</b> You may play a Gizmo <b>Minion</b>.;3;4;<b>Deploy:</b> You may play a Mega Gizmo <b>Minion</b>.;0;0;0;0;0;0;0;0;0;0;0;0;0;0;0;0;1;0;0;1;0;0;0;0;0;0;0;0;0;0;0;1;0;0;0;1;0;0;0;0;0;0;0;0;0;0;0;0;0;0;0;0;0;0;0;0;0;0;0;0;0;0;0;0;0;0;0;0;0;1;0;0;1;0;0;0;0;0;0;0;0;0;0;0;0;0;0;0;0;0;1;0;0;0;0;0;0;0;0;0;0;0;0
lasher;Lasher;Tempys;CXXX;Creature;Elemental;TRUE;;2;1;<b>Deploy:</b> Deal (A) damage to another creature.;3;1;<b>Deploy:</b> Deal (A) damage to another creature.;4;1;<b>Deploy:</b> Deal (A) damage to another creature.;0;0;0;0;0;0;0;0;1;0;0;0;0;0;0;0;0;0;0;0;0;0;0;0;0;0;0;0;0;0;0;0;0;0;0;0;0;0;0;0;0;0;0;0;0;0;0;0;0;0;0;0;0;0;0;0;0;0;0;1;0;0;0;0;0;0;0;0;0;0;0;0;0;0;0;0;0;0;0;0;0;0;0;1;0;0;0;0;0;0;1;0;0;0;0;0;0;0;0;0;0;0;0
leyline-vermin;Leyline Vermin;Uterra;CXXX;Creature;Beast;FALSE;;4;7;<b>Deploy:</b> This turn, an enemy creature loses all printed abilities.;7;10;<b>Deploy:</b> This turn, an enemy creature loses all printed abilities.;10;13;<b>Activate:</b> This turn, an enemy creature loses all printed abilities.;1;0;0;0;0;0;0;0;0;0;0;0;0;0;0;0;0;0;0;0;0;0;0;0;0;0;0;0;0;0;0;0;0;0;0;0;0;0;0;0;0;0;0;0;0;0;0;0.3;0;0;0;0;0;0;0;0;0;0;0;0;0;0;0;0;0;0;0;0;0;0;0;0;0;0;0;0;0;0;0;0;0;0;0;0;1;0;0;0;0;0;0.9;0;0;0;0;0;0;0;0;1;0;0;0
oreian-battledroid;Oreian Battledroid;Alloyin;CXXX;Creature;Robot;FALSE;;8;1;3D;10;1;5D;12;1;12D;0;0;0;0;0;0;0;0;0;0;0;0;0;0;0;0;1;0;1;0;0;0;0;0;0;0;0;0;0;0;0;0;0;0;0;0;0;0;0;0;0;0;0;1;0;0;0;0;0;0;0;0;0;0;0;0;0;0;0;0;0;0;0;0;0;0;0;0;0;0;0;0;0;0;0;0;0;0;0;0;0;0;0;0;0;0;0;0;0;0;0;0;0;0;0;0;0;0;0;0;0;0;0
palladium-hindermind;Palladium Hindermind;Alloyin;CXXX;Creature;Mage;FALSE;;2;8;<b>Deploy:</b> Give a creature 3D this turn. You may move that creature to any lane if you have another Mage in play.;4;10;<b>Deploy:</b> Give a creature 7D this turn. You may move that creature to any lane if you have another Mage in play.;8;12;<b>Deploy:</b> Give a creature 10D this turn. You may move that creature to any lane if you have another Mage in play.;0;0;0;0;0;0;0;0;0;0;1;1;0;0;0;0;0;0;0;0;0;0;0;0;0;0;0;0;0;0;0;0;0;0;0;0;0;0;0;0;1;0;0;0;1;0;0;0;0;0;0;0;0;0;0;0;0;0;0;0;0;0;0;0;0;0;0;0;0;0;0;0;0;0;0;0;0;0;0;0;0;0;0;0;0;0;0;0;0;0;1;0;0;0;0;0;0;0;0;0;0;0;0
ranger;Ranger;Uterra;CXXX;Creature;Warrior;TRUE;;2;4;<b>Deploy:</b> If you have no empty lanes, give this +2A,+2H.;2;7;<b>Deploy:</b> If you have no empty lanes, give this +4A,+4H.;3;9;<b>Deploy:</b> If you have no empty lanes, give this +5A,+5H.;0;0;0;0;0;0;0;0;0;0;0;0;0;0;0;0;0;0;0;0;0;0;0;0;0;1;0;0;0;0;0;0;0;0;0;0;0;0;0;0;0;0;0;0;0;0;0;0;0;0;0;0;0;0;0;0;0;0;0;0;0;0;0;0;0;0;0;0;0;0;0;0;1;0;0;0;0;0;0;0;0;0;0;0;0;0;0;0;0;0;1;0;0;0;0;0;0;0;0;0;0;0;0
rimehorn-charger;Rimehorn Charger;Tempys;CXXX;Creature;Beast;FALSE;;6;4;"<b>Aggressive</b>

<b>Deploy:</b> If another creature lost H this turn, give your other creatures +2A.";8;5;"<b>Aggressive</b>

<b>Deploy:</b> If another creature lost H this turn, give your other creatures +3A.";11;6;"<b>Aggressive</b>

<b>Deploy:</b> If another creature lost H this turn, give your other creatures +4A.";1;0;0;0;0;0;0;0;0;0;0;0;0;0;0;0;0;0;0;0;0;0;0;0;0;0;0;0;0;0;0;0;0;0;0;0;0;0;0;0;0;0;0;0;0;0;0;0;0;0;0;0;0;0;0;0;0;0;0;0;0;0;1;0;0;0;0;0;0;0;1;0;1;0;0;0;0;0;0;0;0;0;1;0;0;0;0;0;0;0;1;0;0;0;0;0;0;0;0;0;0;0;0
scourge-hydra;Scourge Hydra;Nekrium;CXXX;Creature;Beast;FALSE;;5;2;<b>Deploy:</b> If one of your creatures was destroyed this turn, destroy a [l1] enemy creature.;8;4;<b>Deploy:</b> If one of your creatures was destroyed this turn, destroy a [l1] or [l2] enemy creature.;14;8;<b>Deploy:</b> If one of your creatures was destroyed this turn, destroy an enemy creature.;1;0;0;0;0;0;0;0;0;0;0;0;0;0;0;0;0;0;0;0;0;0;0;0;0;0;0;0;0;0;0;0;0;0;0;0;0;0;0;0;0;0;0;0;0;0;0;0;0;0;0;0;0;0;0;0;0;0;0;1;0;0;0;0;0;0;0;0;0;0;0;0;0;0;0;0;0;0;0;1;0;0;1;0;0;0;0;0;0;0;1;0;0;0;0;0;0;0;0;0;0;0;0
shardplate-delver;Shardplate Delver;Uterra;CXXX;Creature;Dinosaur;FALSE;;5;6;"<b>Breakthrough</b>

<b>Deploy:</b> If this replaced a creature, give it +3A,+3H.";5;6;"<b>Breakthrough</b>

<b>Deploy:</b> If this replaced a creature, give it +5A,+5H.";5;6;"<b>Breakthrough</b>

<b>Deploy:</b> If this replaced a creature, give it +7A,+7H.";0;0;0;0;1;0;0;0;0;0;0;0;0;0;0;0;0;0;0;0;0;0;0;0;0;0;0;0;0;0;0;0;0;0;0;0;1;0;0;0;0;0;0;0;0;0;0;0;0;0;0;0;0;0;0;0;0;0;0;0;1;0;0;0;0;0;0;0;0;1;0;0;1;0;0;0;0;0;0;0;0;0;0;0;0;0;0;0;0;0;1;0;0;0;0;0;0;0;0;0;0;0;0
sigmund-fraud;Sigmund Fraud;Nekrium;CXXX;Creature;Zombie Scientist;FALSE;;5;4;"<b>Aggressive</b>

<b>Activate:</b> Give your other Zombies +1A. This turn, they get <b>Aggressive</b>.";8;7;"<b>Aggressive</b>

<b>Activate:</b> Give your other Zombies +2A. This turn, they get <b>Aggressive</b>.";10;8;"<b>Aggressive</b>

<b>Activate:</b> Give your other Zombies +3A. This turn, they get <b>Aggressive</b>.";0;0;0;0;0;0;0;0;0;0;0;0;0;0;0;0;0;0;0;1;0;0;0;0;0;0;0;0;0;1;1;0;0;0;0;0;0;0;0;0;0;0;0;0;0;0;0;1;0;0;0;0;0;0;0;0;0;0;0;0;0;0;1;1;0;0;0;0;0;0;1;0;1;0;0;0;0;0;0;0;0;0;0;0;0;0;0;0;0;0;0;0;0;0;0;0;0;0;0;0;0;0;0
spring-dryad;Spring Dryad;Uterra;CXXX;Creature;Dryad;FALSE;;4;5;When another one of your creatures comes into play, you gain 1H.;7;8;When another one of your creatures comes into play, you gain 2H.;10;14;"<b>Breakthrough</b>

<b>Deploy:</b> If you have more than 30H, give this +10A.

When another one of your creatures comes into play, you gain 3H.";0;0;0;0;0;0;0;0;0;0;0;0;0;0;0;0;0;0;0;0;0;0;0;0;0;0;0;0;0;0;0;0;0;0;0;0;0;1;0;0.3;0;0;0;0;0;0;0;0;0;0;0;0;0;0;0;0;0;0;0;0;0.3;0;0;0;0;0;0;0;0;0;0;0;0.3;0;0;0;0;0;0;0;0;0;0;0;0;0;0;0;0;0;0.3;0;0;0;0;0;0;0;0;0.5;0;0;0
stouthide-stegadon;Stouthide Stegadon;Uterra;CXXX;Creature;Dinosaur;FALSE;;5;5;"<b>Breakthrough</b>

<b>Deploy:</b> If this is unopposed, you gain 3H.";8;8;"<b>Breakthrough</b>

<b>Deploy:</b> If this is unopposed, you gain 4H.";12;12;"<b>Breakthrough</b>

<b>Deploy:</b> If this is unopposed, you gain 5H.";0;0;0;0;1;0;0;0;0;0;0;0;0;0;0;0;0;0;0;0;0;0;0;0;0;0;0;0;0;0;0;0;0;0;0;0;0;1;0;0;0;0;0;0;0;0;0;0;0;0;0;0;0;0;0;0;0;0;0;0;1;0;0;0;0;0;0;0;0;0;0;0;0;0;0;0;0;0;0;0;0;0;0;0;0;0;0;0;0;0;1;0;0;0;0;0;0;0;0;0;0;0;0
thunderstomper;Thunderstomper;Tempys;CXXX;Creature;Dinosaur;FALSE;;4;7;<b>Activate:</b> Deal 2 damage to another one of your creatures. Give this +2A.;4;10;<b>Activate:</b> Deal 2 damage to another one of your creatures. Give this +4A.;4;14;<b>Activate:</b> Deal 2 damage to another one of your creatures. Give this +6A.;0;0;0;0;1;0;0;0;0;0;0;0;0;0;0;0;0;0;0;0;0;0;0;0;0;0;0;0;0;0;0;0;0;0;0;0;0;0;0;0;0;0;0;0;0;0;0;1;0;0;0;0;0;0;0;0;0;0;0;0;0;0;0;0;0;0;0;0;0;0;0;0;1;0;0;0;0;0;0;0;0;0;0;1;0;0;0;0;0;0;0;0;0;0;0;0;0;0;0;0;0;0;0
undeati;Undeati;Tempys;CXXX;Creature;Zombie Yeti;FALSE;;2;2;"<b>Aggressive</b>

If you have a creature with decreased H, this is <b>Free</b>.";8;6;"<b>Aggressive</b>

If you have two creatures with decreased H, this is <b>Free</b>.";12;10;"<b>Aggressive</b>

If you have three creatures with decreased H, this is <b>Free</b>.";0;0;0;0;0;0;0;0;0;0;0;0;0;0;0;0;0;0;0;0;0;0;0;0;0;0;0;1;0;1;0;0;0;0;0;0;0;0;0;0;0;0;0;0;0;0;0;0;0;1;0;0;0;0;0;0;0;0;0;0;0;0;1;0;0;0;0;0;0;0;0;0;0;0;0;0;0;0;0;0;0;0;0;0;0;0;0;0;0;0;0;0;0;0;0;0;0;0;0;0;0;0;0
xithian-dreadmaw;Xithian Dreadmaw;Nekrium;CXXX;Creature;Beast;FALSE;;4;3;"<b>Stealth</b>

<b>Activate:</b> Destroy another one of your creatures to give this +2A,+2H.";6;5;"<b>Stealth</b>

<b>Activate:</b> Destroy another one of your creatures to give this +3A,+3H.";7;6;"<b>Stealth</b>

<b>Activate:</b> Destroy another one of your creatures to give this +6A,+6H.";1;0;0;0;0;0;0;0;0;0;0;0;0;0;0;0;0;0;0;0;0;0;0;0;0;0;0;0;0;0;0;0;0;0;0;0;0;0;0;0;0;0;0;0;0;0;0;1;0;0;0;0;0;0;0;0;0;0;0;0;0;0;0;0;0;0;0;1;0;0;0;0;1;0;0;0;0;0;0;0;1;0;0;0;0;0;0;0;0;0;0;0;0;0;0;0;0;0;0;0;0;0;0
charge_plated;Charge Plated;Alloyin;CXXX;Modifier;;TRUE;;-5;-4;;-3;0;;20;20;;0;0;0;0;0;0;0;0;0;0;0;0;0;0;0;0;0;0;0;0;0;0;0;0;0;0;0;0;0;0;0;0;0;0;0;0;0;0;0;0;0;0;0;0;0;0;0;0;0;0;0;0;0;0;0;0;0;0;0;0;0;0;0;0;0;0;0;0;0;0;0;0;0;0;0;0;0;0;0;0;0;0;0;0;0;0;0;0;0;0;0;0;0;0;0;0;0;0;0;0;0;0.5;0
corrupt;Corrupt;Nekrium;CXXX;Modifier;;TRUE;;2;4;<b>Deploy:</b> This deals 5 damage to you.;3;6;<b>Deploy:</b> This deals 5 damage to you.;7;9;<b>Deploy:</b> This deals 5 damage to you.;0;0;0;0;0;0;0;0;0;0;0;0;0;0;0;0;0;0;0;0;0;0;0;0;0;0;0;0;0;0;0;0;0;0;0;0;0;0;0;0;0;0;0;0;0;0;0;0;0;0;0;0;0;0;0;0;0;0;0;0;0;0;0;0;0;0;0;0;0;0;0;0;0;0;0;0;0;0;0;0;0;0;0;0;0;0;0;0;0;0;1;0;0;0;0;0;1;0;0;0;0;0;1
mystical;Mystical;Uterra;CXXX;Modifier;;TRUE;;0;0;<b>Deploy:</b> You may play a Wisp <b>Minion</b>.;2;2;<b>Deploy:</b> You may play a Wisp <b>Minion</b>.;5;6;<b>Deploy:</b> You may play a Wisp <b>Minion</b>.;0;0;0;0;0;0;0;0;0;0;0;0;0;0;0;0;0;0;0;0;0;1;0;0;0;0;0;0;0;0;0;1;0;0;0;0;0;0;0;0;0;0;0;0;0;0;0;0;0;0;0;0;0;0;0;0;0;0;0;0;0;0;0;0;0;0;0;0;0;0;0;0;0;0;0;0;0;0;0;0;0;0;0;0;0;0;0;0;0;0;1;0;0;0;0;0;0;0;0;0;0;0;0
necrotic;Necrotic;Nekrium;CXXX;Modifier;;TRUE;;0;0;When this is destroyed, you may play a Mindless Zombie <b>Minion</b> in this lane.;2;0;When this is destroyed, you may play a Mindless Zombie <b>Minion</b> in this lane.;4;0;When this is destroyed, you may play a Zombie Brute <b>Minion</b> in this lane.;0;0;0;0;0;0;0;0;0;0;0;0;0;0;0;0;0;0;0;0;0;0;0;0;0;0;0;0;0;1;0;1;0;0;0;0;0;0;0;0;0;0;0;0;0;0;0;0;0;0;0;0;0;0;0;0;0;0;0;0;0;0;0;0;0;0;0;0;0;0;0;0;0;0;0;0;0;0;1;0;0;0;1;0;0;0;0;0;0;0;0;0;0;0;0;0;0;0;0;0;0;0;0
protective;Protective;Alloyin;CXXX;Modifier;;TRUE;;2;4;<b>Mobility</b> 1, <b>Defender</b>;3;5;<b>Mobility</b> 2, <b>Defender</b>;6;7;<b>Mobility</b> 3, <b>Defender</b>;0;0;0;0;0;0;0;0;0;0;0;0;0;0;0;0;0;0;0;0;0;0;0;0;0;0;0;0;0;0;0;0;0;0;0;0;0;0;0;0;1;0;0;0;0;0;0;0;0;0;0;0;0;0;0;0;0;0;0;0;0;0;0;0;1;0;0;0;0;0;0;0;0;0;0;0;0;0;0;0;0;0;0;0;0;0;0;0;0;0;0;0;0;0;0;0;0;0;0;0;0;0;0
recycling;Recycling;Alloyin;CXXX;Modifier;;TRUE;;0;0;<b>Deploy:</b> If this replaced a creature, give it +2A,+2H.;0;0;<b>Deploy:</b> If this replaced a creature, give it +5A,+5H.;0;-1;<b>Deploy:</b> If this replaced a creature, give it +10A,+10H.;0;0;0;0;0;0;0;0;0;0;0;0;0;0;0;0;0;0;0;0;0;0;0;0;0;0;0;0;0;0;0;0;0;0;0;0;1;0;0;0;0;0;0;0;0;0;0;0;0;0;0;0;0;0;0;0;0;0;0;0;0;0;0;0;0;0;0;0;0;1;0;0;1;0;0;0;0;0;0;0;0;0;0;0;0;0;0;0;0;0;1;0;0;0;0;0;0;0;0;0;0;0;0
steadfast;Steadfast;Tempys;CXXX;Modifier;;TRUE;;0;0;;5;6;;5;6;;0;0;0;0;0;0;0;0;0;0;0;0;0;0;0;0;0;0;0;0;0;0;0;0;0;0;0;0;0;0;0;0;0;0;0;0;0;0;0;0;0;0;0;0;0;0;0;0;0;0;0;0;0;0;0;0;0;0;0;0;0;0;0;0;0;0;0;0;0;0;0;0;0;0;0;0;0;0;0;0;0;0;0;0;0;0;0;0;0;0;0;0;0;0;0;0;0;0;0;0;0;0;0
steadfast;Steadfast;Alloyin/Nekrium;CXXX;Modifier;;TRUE;;0;0;;6;5;;6;5;;0;0;0;0;0;0;0;0;0;0;0;0;0;0;0;0;0;0;0;0;0;0;0;0;0;0;0;0;0;0;0;0;0;0;0;0;0;0;0;0;0;0;0;0;0;0;0;0;0;0;0;0;0;0;0;0;0;0;0;0;0;0;0;0;0;0;0;0;0;0;0;0;0;0;0;0;0;0;0;0;0;0;0;0;0;0;0;0;0;0;0;0;0;0;0;0;0;0;0;0;0;0;0
aegis-wings;Aegis Wings;Alloyin;CXXX;Spell;;FALSE;;;;Give a creature +2A. This turn, it gets <b>Mobility</b> 1.;;;"Give a creature +4A. This turn, it gets <b>Mobility</b> 2.

This is <b>Free</b>.";;;"Give a creature +8A. This turn, it gets <b>Mobility</b> 3.

This is <b>Free</b>.";0;0;0;0;0;0;0;0;0;0;0;0;0;0;0;0;0;0;0;0;0;0;0;0;0;0;0;0;0;0;0;0;0;0;1;0;0;0;0;0;1;0;0;0;0;0;0;0;0;0.7;0;0;0;0;0;0;0;0;0;0;0;0;0;0;0;0;0;0;0;0;1;0;1;0;0;0;0;0;0;0;0;0;0;0;0;0;0;0;0;0;0;0;0;0;0;0;0;0;0;0;0;0;0
conflagrate;Conflagrate;Tempys;CXXX;Spell;;FALSE;;;;"Deal 2 damage to each of up to two different creatures and/or players.

Increase this damage by 1 for each Mage you have in play.";;;"Deal 3 damage to each of up to three different creatures and/or players.

Increase this damage by 1 for each Mage you have in play.";;;"Deal 4 damage to each of up to four different creatures and/or players.

Increase this damage by 2 for each Mage you have in play.";0;0;0;0;0;0;0;0;0;0;0;1;0;0;0;0;0;0;0;0;0;0;0;0;0;0;0;0;0;0;0;0;0;0;1;0;0;0;0;0;0;0;0;0;0;0;0;0;0;0;0;0;0;1;0;0;0;0;0;1;0;0;0;0;0;0;0;0;0;0;0;0;0;0;0;0;0;0;0;0;0;0;0;1;0;0;0;0;0;0;0;0;0;0;0;0;1;0;0;1;0;0;0
forcefield;Forcefield;Alloyin;CXXX;Spell;;FALSE;;;;"Give a creature 6D this turn.

If you play this on a Warrior, it gets +6A.";;;"Give a creature 10D this turn.

If you play this on a Warrior, it gets +10A.";;;"Give a creature 15D this turn.

If you play this on a Warrior, it gets +15A.";0;0;0;0;0;0;0;0;0;0;0;0;0;0;0;0;0;0;0;0;0;0;0;0;0;0;1;0;0;0;0;0;0;0;1;0;0;0;0;0;0;0;0;0;1;0;0;0;0;0;0;0;0;0;0;0;0;0;0;0;0;0;0;0;0;0;0;0;0;0;1;0;1;0;0;0;0;0;0;0;0;0;0;0;0;0;0;0;0;0;0;0;0;0;0;0;0;0;0;0;0;0;0
gauntlets-of-sulgrim;Gauntlets of Sulgrim;Alloyin;CXXX;Spell;;FALSE;;;;"You may deal 3 damage to a creature.

You may give a creature 3D this turn.";;;"You may deal 6 damage to a creature.

You may give a creature 6D this turn.";;;"You may deal 10 damage to a creature.

You may give a creature 10D this turn.";0;0;0;0;0;0;0;0;0;0;0;0;0;0;0;0;0;0;0;0;0;0;0;0;0;0;0;0;0;0;0;0;0;0;1;0;0;0;0;0;0;0;0;0;1;0;0;0;0;0;0;0;0;0;0;0;0;0;0;1;0;0;0;0;0;0;0;0;0;0;0;0;0;0;0;0;0;0;0;0;0;0;0;0;0;0;0;0;0;0;0;0;0;0;0;0;0;0;0;0;0;0;0
heavy-artillery;Heavy Artillery;Alloyin;CXXX;Spell;;FALSE;;;;"You may give a creature +4A.

You may give a creature -4A.";;;"You may give a creature +8A.

You may give a creature -8A.";;;"You may give a creature +12A.

You may give a creature -12A.";0;0;0;0;0;0;0;0;0;0;0;0;0;0;0;0;0;0;0;0;0;0;0;0;0;0;0;0;0;0;0;0;0;0;1;0;0;0;0;0;0;0;0;0;0;0;0;0;0;0;0;0;0;0;0;0;0;0;0;0;0;0;0;0;0;0;0;0;0;0;1;0;1;0;0;1;0;0;0;0;0;0;0;0;0;0;0;0;0;0;0;0;0;0;0;0;0;0;0;0;0;0;0
lightning-spark;Lightning Spark;Tempys;CXXX;Spell;;FALSE;;;;Deal 5 damage to a creature or player.;;;Deal 8 damage to a creature or player.;;;Deal 10 damage to a creature or player.;0;0;0;0;0;0;0;0;0;0;0;0;0;0;0;0;0;0;0;0;0;0;0;0;0;0;0;0;0;0;0;0;0;0;1;0;0;0;0;0;0;0;0;0;0;0;0;0;0;0;0;0;0;1;0;0;0;0;0;1;0;0;0;0;0;0;0;0;0;0;0;0;0;0;0;0;0;0;0;0;0;0;0;0;0;0;0;0;0;0;0;0;0;0;0;0;1;0;0;1;0;0;0
lysian-rain;Lysian Rain;Uterra;CXXX;Spell;;FALSE;;;;"You may play a Wisp <b>Minion</b>.

Give your <b>Minions</b> +1A,+1H.";;;"You may play up to two Wisp <b>Minions</b>.

Give your <b>Minions</b> +3A,+3H.";;;"You may play up to three Wisp <b>Minions</b>.

Give your <b>Minions</b> +5A,+5H.";0;0;0;0;0;0;0;0;0;0;0;0;0;0;0;0;0;0;0;0;0;1;0;0;0;0;0;0;0;0;0;1;1;0;1;0;0;0;0;0;0;0;0;0;0;0;0;0;0;0;0;0;0;0;0;0;0;0;0;0;0;0;0;0;0;0;0;0;0;1;0;0;1;0;0;0;0;0;0;0;0;0;0;0;0;0;0;0;0;0;0;0;0;0;0;0;0;0;0;0;0;0;0
omnomnom;Omnomnom;Nekrium;CXXX;Spell;;FALSE;;;;"Give a creature -3A,-3H.

If this destroys a creature, you may play a Mindless Zombie <b>Minion</b>.";;;"Give a creature -5A,-5H.

If this destroys a creature, you may play a Mindless Zombie <b>Minion</b>.";;;"Give a creature -8A,-8H.

If this destroys a creature, you may play a Zombie Brute <b>Minion</b>.";0;0;0;0;0;0;0;0;0;0;0;0;0;0;0;0;0;0;0;0;0;0;0;0;0;0;0;0;0;1;0;1;0;0;1;0;0;0;0;0;0;0;0;0;0;0;0;0;0;0;0;0;0;0;0;0;0;0;0;1;0;0;0;0;0;0;0;0;0;0;0;0;0;0;1;0;0;0;0;0;0;0;0;0;0;0;0;0;0;0;0;0;0;0;0;0;0;0;0;0;0;0;0
packs-blessing;Pack's Blessing;Uterra;CXXX;Spell;;FALSE;;;;"Choose one:
*  Give a creature +3A,+3H.
*  Play a Wisp <b>Minion</b> and give it +3A,+3H.";;;"Choose one:
*  Give a creature +6A,+6H.
*  Play a Wisp <b>Minion</b> and give it +6A,+6H.";;;Play an Oakfather <b>Minion</b>. Give a creature +8A,+8H.;0;0;0;0;0;0;0;0;0;0;0;0;0;0;0.3;0;0;0;0;0;0;1;0;0;0;0;0;0;0;0;0;1;0;0;1;0;0;0;0;0;0;0;0;0;0;0;0;0;0;0;0;0;0;0;0;0;0;0;0;0;0.3;0;0;0;0;0;0;0;0;1;0;0;1;0;0;0;0;0;0;0;0;0;0;0;0;0;0;0;0;0;0;0;0;0;0;0;0;0;0;0;0;0;0
pyre-song;Pyre Song;Tempys;CXXX;Spell;;FALSE;;;;Destroy a creature with decreased H.;;;Destroy up to two creatures with decreased H.;;;Destroy all enemy creatures with decreased H.;0;0;0;0;0;0;0;0;0;0;0;0;0;0;0;0;0;0;0;0;0;0;0;0;0;0;0;0;0;0;0;0;0;0;1;0;0;0;0;0;0;0;0;0;0;0;0;0;0;0;0;0;0;0;0;0;0;0;0;1;0;0;0;0;0;0;0;0;0;0;0;0;0;0;0;0;0;0;0;0;0;0;0;0;0;0;0;0;0;0;0;0;0;0;0;0;0;0;0;0;0;0;0
spiritleash;Spiritleash;Nekrium;CXXX;Spell;;FALSE;;;;"Give a creature -4A,-4H.

You may give a Spirit +2A,+2H.";;;"Give a creature -6A,-6H.

You may give a Spirit +3A,+3H.";;;"Give a creature -10A,-10H.

You may give a Spirit +5A,+5H.";0;0;0;0;0;0;0;0;0;0;0;0;0;0;0;0;0;0;0;0;0;0;1;0;0;0;0;0;0;0;0;0;0;0;1;0;0;0;0;0;0;0;0;0;0;0;0;0;0;0;0;0;0;0;0;0;0;0;0;1;0;0;0;0;0;0;0;0;0;1;0;0;1;0;1;0;0;0;0;0;0;0;0;0;0;0;0;0;0;0;0;0;0;0;0;0;0;0;0;0;0;0;0
summoning-council;Summoning Council;Uterra;CXXX;Spell;;FALSE;;;;Play up to two Wisp <b>Minions</b>.;;;Play an Oakfather and Wisp <b>Minion</b>.;;;Play up to two Oakfather <b>Minions</b>.;0;0;0;0;0;0;0;0;0;0;0;0;0;0;0.7;0;0;0;0;0;0;1;0;0;0;0;0;0;0;0;0;1;0;0;1;0;0;0;0;0;0;0;0;0;0;0;0;0;0;0;0;0;0;0;0;0;0;0;0;0;0.7;0;0;0;0;0;0;0;0;0;0;0;0;0;0;0;0;0;0;0;0;0;0;0;0;0;0;0;0;0;0;0;0;0;0;0;0;0;0;0;0;0;0
toxic-spores;Toxic Spores;Uterra;CXXX;Spell;;FALSE;;;;"You may give a creature +3H.

You may give a creature -3H.";;;"You may give a creature +6H.

You may give a creature -6H.";;;"You may give a creature +10H.

You may give a creature -10H.";0;0;0;0;0;0;0;0;0;0;0;0;0;0;0;0;0;0;0;0;0;0;0;0;0;0;0;0;0;0;0;0;0;0;1;0;0;0;0;0;0;0;0;0;0;0;0;0;0;0;0;0;0;0;0;0;0;0;0;1;0;0;0;0;0;0;0;0;0;0;0;1;0;0;0;0;0;1;0;0;0;0;0;0;0;0;0;0;0;0;0;0;0;0;0;0;0;0;0;0;0;0;0
warmonger-mod;Warmonger Mod;Alloyin;CXXX;Spell;;FALSE;;;;You may play a Gizmo <b>Minion</b>.;;;"You may play a Gizmo <b>Minion</b>.

You may play a creature for <b>Free</b>.";;;"You may play a Mega Gizmo <b>Minion</b>.

You may play a creature for <b>Free</b>.";0;0;0;0;0;0;0;0;0;0;0;0;0;0;0;0;1;0;0;0;0;0;0;0;0;0;0;0;0;0;0;1;0;0;1;1;0;0;0;0;0;0;0;0;0;0;0;0;0;0.7;0;0;0;0;0;0;0;0;0;0;0;0;0;0;0;0;0;0;0;1;0;0;1;0;0;0;0;0;0;0;0;0;0;0;0;0;0;0;0;0;0;0;0;0;0;0;0;0;0;0;0;0;0
xraths-will;Xrath's Will;Nekrium;CXXX;Spell;;FALSE;;;;"You may play a Mindless Zombie <b>Minion</b>.

If you gained H this turn, this is <b>Free</b>.";;;"You may play a Zombie Brute <b>Minion</b>.

If you gained H this turn, this is <b>Free</b>.";;;"You may play two Zombie Brute <b>Minions</b>.

If you gained H this turn, this is <b>Free</b>.";0;0;0;0;0;0;0;0;0;0;0;0;0;0;0;0;0;0;0;0;0;0;0;0;0;0;0;0;0;1;0;1;0;0;1;0;0;0;1;0;0;0;0;0;0;0;0;0;0;1;0;0;0;0;0;0;0;0;0;0;0;0;0;0;0;0;0;0;0;0;0;0;0;0;0;0;0;0;0;0;0;0;0;0;0;0;0;0;0;0;0;0;0;0;0;0;0;0;0;1;0;0;0
disintegrating-omni;Disintegrating Omni;Tempys;LXXX;Creature;Mage;FALSE;;3;5;"<b>Ready</b> this when you play Disintegrate.

<b>Activate:</b> Deal 3 damage to a player.";6;8;"<b>Ready</b> this when you play Disintegrate.

<b>Activate:</b> Deal 5 damage to a player.";10;12;"<b>Ready</b> this when you play Disintegrate.

<b>Activate:</b> Deal 7 damage to a player.";0;0;0;0;0;0;0;0;0;0;1;0;0;0;0;0;0;0;0;0;0;0;0;0;0;0;0;0;0;0;0;0;0;0;0;0;0;0;0;0;0;0;0;0;0;0;0;1;0;0;0;0;0;1;1;0;0;0;0;0;0;0;0;0;0;0;0;0;0;0;0;0;0;0;0;0;0;0;0;0;0;0;0;0;0;0;0;0;0;0;0;0;0;0;0;0;0;0;0;1;1;0;0
freezing-omni;Freezing Omni;Tempys;LXXX;Creature;Mage;FALSE;;2;6;"<b>Ready</b> this when you play Ice Storm.

<b>Activate:</b> Deal 1 damage to each enemy creature.";5;9;"<b>Ready</b> this when you play Ice Storm.

<b>Activate:</b> Deal 2 damage to each enemy creature.";9;13;"<b>Ready</b> this when you play Ice Storm.

<b>Activate:</b> Deal 4 damage to each enemy creature.";0;0;0;0;0;0;0;0;0;0;1;0;0;0;0;0;0;0;0;0;0;0;0;0;0;0;0;0;0;0;0;0;0;0;0;0;0;0;0;0;0;0;0;0;0;0;0;1;0;0;0;0;0;0;0;0;0;0;0;1;0;0;0;0;0;0;0;0;0;0;0;0;0;0;0;0;0;0;0;0;0;0;0;0;0;0;0;0;0;0;0;0;0;0;0;0;0;0;0;0.5;1;0;0
hardened-omni;Hardened Omni;Tempys;LXXX;Creature;Mage;FALSE;;5;2;"<b>Ready</b> this when you play Stone Skin.

<b>Activate:</b> Give a creature 3D this turn.";8;3;"<b>Ready</b> this when you play Stone Skin.

<b>Activate:</b> Give a creature 5D this turn.";13;6;"<b>Ready</b> this when you play Stone Skin.

<b>Activate:</b> Give a creature 8D this turn.";0;0;0;0;0;0;0;0;0;0;1;0;0;0;0;0;0;0;0;0;0;0;0;0;0;0;0;0;0;0;0;0;0;0;0;0;0;0;0;0;0;0;0;0;1;0;0;1;0;0;0;0;0;0;0;0;0;0;0;0;0;0;0;0;0;0;0;0;0;0;0;0;0;0;0;0;0;0;0;0;0;0;0;0;0;0;0;0;0;0;0;0;0;0;0;0;0;0;0;0.5;1;0;0
sparking-omni;Sparking Omni;Tempys;LXXX;Creature;Mage;FALSE;;1;7;"<b>Ready</b> this when you play Lightning Spark.
 
 <b>Activate:</b> Deal 2 damage to anything.";4;10;"<b>Ready</b> this when you play Lightning Spark.
 
 <b>Activate:</b> Deal 4 damage to anything.";8;14;"<b>Ready</b> this when you play Lightning Spark.
 
 <b>Activate:</b> Deal 6 damage to anything.";0;0;0;0;0;0;0;0;0;0;1;0;0;0;0;0;0;0;0;0;0;0;0;0;0;0;0;0;0;0;0;0;0;0;0;0;0;0;0;0;0;0;0;0;0;0;0;1;0;0;0;0;0;1;1;0;0;0;0;1;0;0;0;0;0;0;0;0;0;0;0;0;0;0;0;0;0;0;0;0;0;0;0;1;0;0;0;0;0;0;0;0;0;0;0;0;0;0;0;1;1;0;0
metamind-overseer;Metamind Overseer;Alloyin;RCRX;Creature;Metamind Scientist;FALSE;;2;5;<b>Deploy:</b> You may play a Gizmo <b>Minion</b>.;4;8;<b>Deploy:</b> You may play a Gizmo <b>Minion</b>. If you have a Robot in play, you may play a Mega Gizmo <b>Minion</b> instead.;5;10;<b>Deploy:</b> You may play a Mega Gizmo <b>Minion</b>;0;0;0;0;0;0;0;0;0;0;0;0;1;0;0;0;1;0.4;0;1;0;0;0;0;0;0;0;0;0;0;0;1;0;0;0;1;0;0;0;0;0;0;0;0;0;0;0;0;0;0;0;0;0;0;0;0;0;0;0;0;0;0;0;0;0;0;0;0;0;1;0;0;1;0;0;0;0;0;0;0;0;0;0;0;0;0;0;0;0;0;1;0;0;0;0;0;0;0;0;0;0;0;0
ice-storm;Ice Storm;Tempys;RCRX;Spell;;FALSE;;;;Deal 4 damage to an enemy creature and 2 damage to enemy creatures adjacent to it.;;;Deal 8 damage to an enemy creature and 4 damage to enemy creatures adjacent to it.;;;Deal 14 damage to an enemy creature and 7 damage to enemy creatures adjacent to it.;0;0;0;0;0;0;0;0;0;0;0;0;0;0;0;0;0;0;0;0;0;0;0;0;0;0;0;0;0;0;0;0;0;0;1;0;0;0;0;0;0;0;0;0;0;0;0;0;0;0;0;0;0;0;0;0;0;0;0;1;0;0;0;0;0;0;0;0;0;0;0;0;0;0;0;0;0;0;0;0;0;0;0;0;0;0;0;0;0;0;0;0;0;0;0;0;0;0;0;0.5;0;0;0
uterradon-mauler;Uterradon Mauler;Uterra;RCXX;Creature;Dinosaur;FALSE;;4;6;"When this damages a player, you may give another creature +2A,+2H.

<b>Deploy:</b> If this replaced a creature, give it +4A. This turn, it gets <b>Aggressive</b> and <b>Breakthrough</b>.";6;10;"When this damages a player, you may give another creature +4A,+4H.

<b>Deploy:</b> If this replaced a creature, give it +4A. This turn, it gets <b>Aggressive</b> and <b>Breakthrough</b>.";8;14;"When this damages a player, you may give another creature +8A,+8H.

<b>Deploy:</b> If this replaced a creature, give it +4A. This turn, it gets <b>Aggressive</b> and <b>Breakthrough</b>.";0;0;0;0;1;0;0;0;0;0;0;0;0;0;0;0;0;0;0;0;0;0;0;0;0;0;0;0;0;0;0;0;0;0;0;0;1;0;0;0;0;0;0;0;0;0;0;0;0;0;0;0;0;0;0;0;0;1;0;0;0;0;0;1;0;0;0;0;0;1;0;0;1;0;0;0;0;0;0;0;0;0;0;0;0;0;0;0;0;0;1;0;0;0;0;0;0;0;0;0;0;0;0
cypien-experimentation;Cypien Experimentation;Alloyin;RCXX;Spell;;FALSE;;;;"Give a creature +2A,+4H. <b>Ready</b> it.

If this is <b>Upgraded</b>, you may play a Gizmo <b>Minion</b>.";;;"Give a creature +4A,+6H. <b>Ready</b> it.

If this is <b>Upgraded</b>, you may play a Mega Gizmo <b>Minion</b>.";;;Give a creature +6A,+10H. <b>Ready</b> it.;0;0;0;0;0;0;0;0;0;0;0;0;0;0;0;0;0.9;0;0;0;0;0;0;0;0;0;0;0;0;0;0;0.9;0;0;1;0.9;0;0;0;0;0;0;0;0;0;0;0;0;1;0;0;0;0.9;0;0;0;0;0;0;0;0;0;0;0;0;0;0;0;0;1;0;0;1;0;0;0;0;0;0;0;0;0;0;0;0;0;0;0;0;0;0;0;0;0;0;0;0;0;0;0;0;0;0
allomancer;Allomancer;Alloyin;RRRX;Creature;Mage;TRUE;;2;3;<b>Activate:</b> Deal 1 damage to a creature for each Mage you have in play.;3;4;<b>Activate:</b> Deal 2 damage to a creature for each Mage you have in play.;4;5;<b>Activate:</b> Deal 3 damage to a creature for each Mage you have in play.;0;0;0;0;0;0;0;0;0;0;1;1;0;0;0;0;0;0;0;0;0;0;0;0;0;0;0;0;0;0;0;0;0;0;0;0;0;0;0;0;0;0;0;0;0;0;0;1;0;0;0;0;0;0;0;0;0;0;0;1;0;0;0;0;0;0;0;0;0;0;0;0;0;0;0;0;0;0;0;0;0;0;0;0;0;0;0;0;0;0;0;0;0;0;0;0;0;0;0;0;0;0;0
banshee;Banshee;Nekrium;RRRX;Creature;Spirit;TRUE;;3;4;When an enemy creature is destroyed by this, deal 3 damage to the enemy player.;4;5;When an enemy creature is destroyed by this, deal 5 damage to the enemy player.;4;6;When an enemy creature is destroyed by this, deal 7 damage to the enemy player.;0;0;0;0;0;0;0;0;0;0;0;0;0;0;0;0;0;0;0;0;0;1;0;1;0;0;0;0;0;0;0;0;0;0;0;0;0;0;0;0;0;0;0;0;0;0;0;0;0;0;0;0;0;1;1;0;0;0;0;0;0;0;0;0;0;0;0;0;0;0;0;0;0;0;0;0;0;0;0;0;0;0;0;0;0;0;0;0;0;0;0;0;0;0;0;0;0;0;0;0;0;0;0
breaker;Breaker;Tempys;RRRX;Creature;Yeti;TRUE;;2;1;<b>Deploy:</b> Give another one of your creatures +5A.;3;2;<b>Deploy:</b> Give another one of your creatures +6A.;5;2;<b>Deploy:</b> Give another one of your creatures +7A.;0;0;0;0;0;0;0;0;0;0;0;0;0;0;0;0;0;0;0;0;0;0;0;0;0;0;0;1;0;0;0;0;0;0;0;0;0;0;0;0;0;0;0;0;0;0;0;0;0;0;0;0;0;0;0;0;0;0;0;0;0;0;0;0;0;0;0;0;0;0;1;0;1;0;0;0;0;0;0;0;0;0;0;0;0;0;0;0;0;0;1;0;0;0;0;0;0;0;0;0;0;0;0
captain;Captain;Alloyin;RRRX;Creature;Warrior;TRUE;;2;3;<b>Deploy:</b> Give your other Warriors +2A,+2H.;4;6;<b>Deploy:</b> Give your other Warriors +4A,+4H.;4;9;<b>Deploy:</b> Give your other Warriors +6A,+6H.;0;0;0;0;0;0;0;0;0;0;0;0;0;0;0;0;0;0;0;0;0;0;0;0;0;1;1;0;0;0;0;0;0;0;0;0;0;0;0;0;0;0;0;0;0;0;0;0;0;0;0;0;0;0;0;0;0;0;0;0;0;0;0;0;0;0;0;0;0;1;0;0;1;0;0;0;0;0;0;0;0;0;0;0;0;0;0;0;0;0;1;0;0;0;0;0;0;0;0;0;0;0;0
forgeplate-yeti;Forgeplate Yeti;Alloyin;RRRX;Creature;Robot Yeti;FALSE;;4;5;"1D

<b>Deploy:</b> Choose a creature. You may deal 1 damage to it for each D on your creatures.";6;7;"2D

<b>Deploy:</b> Choose a creature. You may deal 1 damage to it for each D on your creatures.";7;10;"4D

<b>Deploy:</b> Choose a creature. You may deal 1 damage to it for each D on your creatures.";0;0;0;0;0;0;0;0;0;0;0;0;0;0;0;0;1;0;1;0;0;0;0;0;0;0;0;1;0;0;0;0;0;0;0;0;0;0;0;0;0;0;0;1;0;1;0;0;0;0;0;0;0;0;0;0;0;0;0;1;0;0;0;0;0;0;0;0;0;0;0;0;0;0;0;0;0;0;0;0;0;0;0;0;0;0;0;0;0;0;1;0;0;0;0;0;0;0;0;0;0;0;0
grimgaunt-predator;Grimgaunt Predator;Nekrium;RRRX;Creature;Spirit Warrior;FALSE;;2;3;"<b>Stealth</b>

When this damages a player, you may destroy a [l1] enemy creature.";4;5;"<b>Stealth</b>

When this damages a player, you may destroy a [l1] or [l2] enemy creature.";7;9;"<b>Stealth</b>

When this damages a player, you may destroy an enemy creature.";0;0;0;0;0;0;0;0;0;0;0;0;0;0;0;0;0;0;0;0;0;1;0;1;0;1;0;0;0;0;0;0;0;0;0;0;0;0;0;0;0;0;0;0;0;0;0;0;0;0;0;0;0;0;0;0;0;1;0;1;0;0;0;0;0;0;0;1;0;0;0;0;0;0;0;0;0;0;0;0;0;0;0;0;0;0;0;0;0;0;0;0;0;0;0;0;0;0;0;0;0;0;0
hunter;Hunter;Uterra;RRRX;Creature;Warrior;TRUE;;4;4;<b>Deploy:</b> You may have another one of your creatures <b>Battle</b> its opposing creature.;5;5;<b>Deploy:</b> You may have another one of your creatures <b>Battle</b> its opposing creature.;6;7;<b>Deploy:</b> You may have another one of your creatures <b>Battle</b> its opposing creature.;0;0;0;0;0;0;0;0;0;0;0;0;0;0;0;0;0;0;0;0;0;0;0;0;0;1;0;0;0;0;0;0;0;0;0;0;0;0;0;0;0;0;0;0;0;0;0;0;0;0;0;0;0;0;0;0;0;0;0;1;0;0;0;0;0;0;0;0;0;0;0;0;0;0;0;0;0;0;0;0;0;0;0;0;0;0;0;0;0;1;1;0;0;0;0;0;0;0;0;0;0;0;0
master;Master;Tempys;RRRX;Creature;Mage;TRUE;;2;3;When you play another Mage, you may play a Spell Sprite <b>Minion</b>.;3;6;When you play another Mage, you may play a Spell Sprite <b>Minion</b>.;4;7;When you play another Mage, you may play a Spell Swarm <b>Minion</b>.;0;0;0;0;0;0;0;0;1;0;1;1;0;0;0;0;0;0;0;0;0;0;0;0;0;0;0;0;0;0;0;1;0;1;0;0;0;0;0;0;0;0;0;0;0;0;0;0;0;0;0;0;0;0;0;0;0;0;0;0;0;0;0;0;0;0;0;0;0;0;0;0;1;0;0;0;0;0;0;0;0;0;0;0;0;0;0;0;0;0;0;0;0;0;0;0;0;0;0;0;0;0;0
packmaster;Packmaster;Uterra;RRRX;Creature;Warrior;TRUE;;1;6;When one of your Warriors is dealt damage, give it +2A.;2;6;When one of your Warriors is dealt damage, give it +5A.;2;7;When one of your Warriors is dealt damage, give it +10A.;0;0;0;0;0;0;0;0;0;0;0;0;0;0;0;0;0;0;0;0;0;0;0;0;0;1;1;0;0;0;0;0;0;0;0;0;0;0;0;0;0;0;0;0;0;0;0;0;0;0;0;0;0;0;0;0;0;0;0;0;0;0;0;0;0;0;0;0;0;0;1;0;1;0;0;0;0;0;0;0;0;0;1;0;0;0;0;0;0;0;0;0;0;0;0;0;0;0;0;0.5;0;0;0
reaper;Reaper;Nekrium;RRRX;Creature;Spirit;TRUE;;2;3;When one of your creatures damages the enemy player, give it +3A.;3;6;When one of your creatures damages the enemy player, give it +5A.;4;9;When one of your creatures damages the enemy player, give it +7A.;0;0;0;0;0;0;0;0;0;0;0;0;0;0;0;0;0;0;0;0;0;1;0;1;0;0;0;0;0;0;0;0;0;0;0;0;0;0;0;0;0;0;0;0;0;0;0;0;0;0;0;0;0;0;0;1;0;1;0;0;0;0;0;0;0;0;0;0;0;0;1;0;1;0;0;0;0;0;0;0;0;0;0;0;0;0;0;0;0;0;0;0;0;0;0;0;0;0;0;0;0;0;0
scorchmane-dragon;Scorchmane Dragon;Tempys;RRRX;Creature;Dragon;FALSE;;0;7;<b>Defender</b>;7;7;"<b>Mobility</b> 2

<b>Deploy:</b> Deal 5 damage to an enemy creature.";13;13;"<b>Mobility</b> 4

<b>Deploy:</b> Deal 5 damage to all enemy creatures.";0;0;0;0;0;0;1;0;0;0;0;0;0;0;0;0;0;0;0;0;0;0;0;0;0;0;0;0;0;0;0;0;0;0;0;0;0;0;0;0;0.7;0;0;0;0;0;0;0;0;0;0;0;0;0;0;0;0;0;0;0.7;0;0;0;0;0.5;0;0;0;0;0;0;0;0;0;0;0;0;0;0;0;0;0;0;0;0;0;0;0;0;0;0.7;0;0;0;0;0;0;0;0;0;0;0;0
sculptor;Sculptor;Alloyin;RRRX;Creature;Mage;TRUE;;0;4;<b>Deploy:</b> If this replaced a creature, you may play a [l1] spell for <b>Free</b>.;3;6;<b>Deploy:</b> If this replaced a creature, you may play a [l1] or [l2] spell for <b>Free</b>.;5;8;<b>Deploy:</b> If this replaced a creature, you may play a spell for <b>Free</b>.;0;0;0;0;0;0;0;0;0;0;1;0;0;0;0;0;0;0;0;0;0;0;0;0;0;0;0;0;0;0;0;0;0;1;0;0;1;0;0;0;0;0;0;0;0;0;0;0;0;1;0;0;0;0;0;0;0;0;0;0;0;0;0;0;0;0;0;0;0;0;0;0;0;0;0;0;0;0;0;0;0;0;0;0;0;0;0;0;0;0;1;0;0;0;0;0;0;0;0;1;0;0;0
specimen;Specimen;Alloyin;RRRX;Creature;Beast;TRUE;;0;8;"<b>Defender</b>

At the end of the turn, if you took no damage, deal 1 damage to a creature or player.";0;12;"<b>Defender</b>

At the end of the turn, if you took no damage, deal 5 damage to a creature or player.";0;14;"<b>Defender</b>

At the end of the turn, if you took no damage, deal (H) damage to a creature or player.";1;0;0;0;0;0;0;0;0;0;0;0;0;0;0;0;0;0;0;0;0;0;0;0;0;0;0;0;0;0;0;0;0;0;0;0;0;0;0;0;0;0;0;0;0;0;0;0;0;0;0;0;0;1;1;0;0;0;0;0.9;0;0;0;0;1;0;0;0;0;0;0;0;0;0;0;0;0;0;0;0;0;0;0;0;0;0;0;0;0;0;0;0;0;0;0;0;0;0;0;0;0;0.5;0
zimus;Zimus;Nekrium;RRRX;Creature;Zombie Warrior;FALSE;;3;3;When this is destroyed, <b>Reanimate</b> it to the same lane with +2A and it loses all printed abilities.;4;4;When this is destroyed, <b>Reanimate</b> it to the same lane with +4A and it loses all printed abilities.;6;6;When this is destroyed, <b>Reanimate</b> it to the same lane with +6A.;0;0;0;0;0;0;0;0;0;0;0;0;0;0;0;0;0;0;0;0;0;0;0;0;0;1;0;0;0;1;0;0;0;0;0;0;0;0;0;0;0;0;0;0;0;0;0;0;0;0;0;0;0;0;0;0;0;0;0;0;0;0;0;0;0;0;0;0;0;0;0;0;1;0;0;0;0;0;1;0;0;0;1;0;0;0;0;0;0;0;0;0;0;0;0;0;0;0;0;0;0;0;0
abetting;Abetting;Tempys;RRRX;Modifier;;TRUE;;0;0;<b>Deploy:</b> Give one of your creatures +3A. This turn, it gets <b>Breakthrough</b>.;0;0;<b>Deploy:</b> Give one of your creatures +5A. This turn, it gets <b>Breakthrough</b>.;1;0;<b>Deploy:</b> Give one of your creatures +7A. This turn, it gets <b>Breakthrough</b>.;0;0;0;0;0;0;0;0;0;0;0;0;0;0;0;0;0;0;0;0;0;0;0;0;0;0;0;0;0;0;0;0;0;0;0;0;0;0;0;0;0;0;0;0;0;0;0;0;0;0;0;0;0;0;0;0;0;0;0;0;0;1;0;0;0;0;0;0;0;0;1;0;1;0;0;0;0;0;0;0;0;0;0;0;0;0;0;0;0;0;1;0;0;0;0;0;0;0;0;0;0;0;0
abyssal;Abyssal;Nekrium;RRRX;Modifier;;TRUE;;0;0;At the end of each deck cycle, each enemy player destroys one of their creatures.;2;2;At the end of each deck cycle, each enemy player destroys one of their creatures.;6;4;At the end of each deck cycle, each enemy player destroys one of their creatures.;0;0;0;0;0;0;0;0;0;0;0;0;0;0;0;0;0;0;0;0;0;0;0;0;0;0;0;0;0;0;0;0;0;0;0;0;0;0;0;0;0;0;0;0;0;0;0;0;0;0;0;0;0;0;0;0;0;0;0;1;0;0;0;0;0;0;0;0;0;0;0;0;0;0;0;0;0;0;0;0;0;0;0;0;0;0;0;0;0;0;0;0;0;0;0;0;0;0;0;0;0;0;0
bolstering;Bolstering;Alloyin;RRRX;Modifier;;TRUE;;0;1;<b>Deploy:</b> Give another one of your creatures 2D this turn.;1;2;<b>Deploy:</b> Give another one of your creatures 4D this turn.;2;3;<b>Deploy:</b> Give another one of your creatures 6D this turn.;0;0;0;0;0;0;0;0;0;0;0;0;0;0;0;0;0;0;0;0;0;0;0;0;0;0;0;0;0;0;0;0;0;0;0;0;0;0;0;0;0;0;0;0;1;0;0;0;0;0;0;0;0;0;0;0;0;0;0;0;0;0;0;0;0;0;0;0;0;0;0;0;0;0;0;0;0;0;0;0;0;0;0;0;0;0;0;0;0;0;1;0;0;0;0;0;0;0;0;0;0;0;0
devouring;Devouring;Nekrium;RRRX;Modifier;;TRUE;;0;1;When you play a spell, you may give a creature -1A,-1H.;1;2;When you play a spell, you may give a creature -2A,-2H.;3;3;When you play a spell, you may give a creature -3A,-3H.;0;0;0;0;0;0;0;0;0;0;0;0;0;0;0;0;0;0;0;0;0;0;0;0;0;0;0;0;0;0;0;0;0;1;0;0;0;0;0;0;0;0;0;0;0;0;0;0;0;0;0;0;0;0;0;0;0;0;0;1;0;0;0;0;0;0;0;0;0;0;0;0;0;0;1;0;0;0;0;0;0;0;0;0;0;0;0;0;0;0;0;0;0;0;0;0;0;0;0;0;0;0;0
ferocious;Ferocious;Uterra;RRRX;Modifier;;TRUE;;2;0;<b>Deploy:</b> Give this 3D this turn.;2;0;<b>Deploy:</b> Give this 5D this turn.;2;0;<b>Deploy:</b> Give this +15A. This turn, it gets 15D.;0;0;0;0;0;0;0;0;0;0;0;0;0;0;0;0;0;0;0;0;0;0;0;0;0;0;0;0;0;0;0;0;0;0;0;0;0;0;0;0;0;0;0;0.9;0.3;0;0;0;0;0;0;0;0;0;0;0;0;0;0;0;0;0;0;0;0;0;0;0;0;0;0;0;0.3;0;0;0;0;0;0;0;0;0;0;0;0;0;0;0;0;0;1;0;0;0;0;0;0;0;0;0;0;0;0
forsaken;Forsaken;Nekrium;RRRX;Modifier;;TRUE;;0;0;<b>Deploy:</b> If this is unopposed, give this +2A,+2H.;0;0;<b>Deploy:</b> If this is unopposed, give this +4A,+4H.;2;2;<b>Deploy:</b> If this is unopposed, give this +6A,+6H.;0;0;0;0;0;0;0;0;0;0;0;0;0;0;0;0;0;0;0;0;0;0;0;0;0;0;0;0;0;0;0;0;0;0;0;0;0;0;0;0;0;0;0;0;0;0;0;0;0;0;0;0;0;0;0;0;0;0;0;0;0;0;0;0;0;0;0;0;0;0;0;0;1;0;0;0;0;0;0;0;0;0;0;0;0;0;0;0;0;0;1;0;0;0;0;0;0;0;0;0;0;0;0
hematophagic;Hematophagic;Nekrium;RRRX;Modifier;;TRUE;;1;2;<b>Deploy:</b> You may destroy another one of your creatures. If you do, you gain 3H.;2;3;<b>Deploy:</b> You may destroy another one of your creatures. If you do, you gain 4H.;5;5;<b>Deploy:</b> You may destroy another one of your creatures. If you do, you gain 5H.;0;0;0;0;0;0;0;0;0;0;0;0;0;0;0;0;0;0;0;0;0;0;0;0;0;0;0;0;0;0;0;0;0;0;0;0;0;1;0;0;0;0;0;0;0;0;0;0;0;0;0;0;0;0;0;0;0;0;0;0;0;0;0;0;0;0;0;0;0;0;0;0;0;0;0;0;0;0;0;0;1;0;0;0;0;0;0;0;0;0;1;0;0;0;0;0;0;0;0;0;0;0;0
pack;Pack;Uterra;RRRX;Modifier;;TRUE;;0;2;<b>Deploy:</b> Give this +2A for each of your other creatures in play.;0;3;<b>Deploy:</b> Give this +3A for each of your other creatures in play.;0;6;<b>Deploy:</b> Give this +4A for each of your other creatures in play.;0;0;0;0;0;0;0;0;0;0;0;0;0;0;0;0;0;0;0;0;0;0;0;0;0;0;0;0;0;0;0;0;0;0;0;0;0;0;0;0;0;0;0;0;0;0;0;0;0;0;0;0;0;0;0;0;0;0;0;0;0;0;0;0;0;0;0;0;0;0;0;0;1;0;0;0;0;0;0;0;0;0;0;0;0;0;0;0;0;0;1;0;0;0;0;0;0;0;0;0;0;0;0
roaring;Roaring;Uterra;RRRX;Modifier;;TRUE;;;;<b>Deploy:</b> Give another creature +2A,+2H.;;;<b>Deploy:</b> Give another creature +3A,+3H.;;1;<b>Deploy:</b> Give another creature +5A,+5H.;0;0;0;0;0;0;0;0;0;0;0;0;0;0;0;0;0;0;0;0;0;0;0;0;0;0;0;0;0;0;0;0;0;0;0;0;0;0;0;0;0;0;0;0;0;0;0;0;0;0;0;0;0;0;0;0;0;0;0;0;0;0;0;0;0;0;0;0;0;1;0;0;1;0;0;0;0;0;0;0;0;0;0;0;0;0;0;0;0;0;1;0;0;0;0;0;0;0;0;0;0;0;0
salvage;Salvage;Alloyin;RRRX;Modifier;;TRUE;;0;0;When this is destroyed, play a Gizmo <b>Minion</b> in this lane.;1;1;When this is destroyed, play a Gizmo <b>Minion</b> in this lane.;1;2;When this is destroyed, play a Mega Gizmo <b>Minion</b> in this lane.;0;0;0;0;0;0;0;0;0;0;0;0;0;0;0;0;1;0;0;0;0;0;0;0;0;0;0;0;0;0;0;1;0;0;0;1;0;0;0;0;0;0;0;0;0;0;0;0;0;0;0;0;0;0;0;0;0;0;0;0;0;0;0;0;0;0;0;0;0;1;0;0;1;0;0;0;0;0;1;0;0;0;1;0;0;0;0;0;0;0;0;0;0;0;0;0;0;0;0;0;0;0;0
stabilizing;Stabilizing;Alloyin;RRRX;Modifier;;TRUE;;1;1;<b>Deploy:</b> You may return a creature to its printed A and H.;2;2;<b>Deploy:</b> You may return a creature to its printed A and H.;4;4;<b>Deploy:</b> You may return a creature to its printed A and H.;0;0;0;0;0;0;0;0;0;0;0;0;0;0;0;0;0;0;0;0;0;0;0;0;0;0;0;0;0;0;0;0;0;0;0;0;0;0;0;0;0;0;0;0;0;0;0;0;0;0;0;0;0;0;0;0;0;0;0;0;0;0;0;0;0;0;0;0;0;1;0;1;0;0;1;1;0;1;0;0;0;0;0;0;0;0;0;0;0;0;1;0;0;0;0;0;0;0;0;0;0;0;0
vampiric;Vampiric;Nekrium;RRRX;Modifier;;TRUE;;1;1;<b>Deploy:</b> Deal 2 damage to a player. You gain 2H.;2;3;<b>Deploy:</b> Deal 3 damage to a player. You gain 3H.;3;3;<b>Deploy:</b> Deal 5 damage to a player. You gain 5H.;0;0;0;0;0;0;0;0;0;0;0;0;0;0;0;0;0;0;0;0;0;0;0;0;0;0;0;0;0;0;0;0;0;0;0;0;0;1;0;0;0;0;0;0;0;0;0;0;0;0;0;0;0;1;1;0;0;0;0;0;0;0;0;0;0;0;0;0;0;0;0;0;0;0;0;0;0;0;0;0;0;0;0;0;0;0;0;0;0;0;1;0;0;0;0;0;0;0;0;0.5;0;0;0
volcanic;Volcanic;Tempys;RRRX;Modifier;;TRUE;;-3;2;<b>Deploy:</b> If you played a spell this turn, give this +5A.;-3;4;<b>Deploy:</b> If you played a spell this turn, give this +7A.;-3;6;<b>Deploy:</b> If you played a spell this turn, give this +10A.;0;0;0;0;0;0;0;0;0;0;0;0;0;0;0;0;0;0;0;0;0;0;0;0;0;0;0;0;0;0;0;0;0;1;0;0;0;0;0;0;0;0;0;0;0;0;0;0;0;0;0;0;0;0;0;0;0;0;0;0;0;0;0;0;0;0;0;0;0;0;0;0;1;0;0;0;0;0;0;0;0;0;0;0;0;0;0;0;0;0;1;0;0;0;0;0;0;0;0;0;0;0;0.5
ferocious-roar;Ferocious Roar;Uterra;RRRX;Spell;;FALSE;;;;Give your creatures +2A,+2H.;;;Give your creatures +3A,+3H.;;;Give your creatures +6A,+6H.;0;0;0;0;0;0;0;0;0;0;0;0;0;0;0;0;0;0;0;0;0;0;0;0;0;0;0;0;0;0;0;0;0;0;1;0;0;0;0;0;0;0;0;0;0;0;0;0;0;0;0;0;0;0;0;0;0;0;0;0;0;0;0;0;0;0;0;0;0;1;0;0;1;0;0;0;0;0;0;0;0;0;0;0;0;0;0;0;0;0;0;0;0;0;0;0;0;0;0;0;0;0;0
adept;Adept;Tempys;RRXX;Creature;Mage;TRUE;;4;2;If you played two spells this turn, this is <b>Free</b>.;6;4;If you played two spells this turn, this is <b>Free</b>.;9;7;If you played two spells this turn, this is <b>Free</b>.;0;0;0;0;0;0;0;0;0;0;1;0;0;0;0;0;0;0;0;0;0;0;0;0;0;0;0;0;0;0;0;0;0;0;0;0;0;0;0;0;0;0;0;0;0;0;0;0;0;1;0;0;0;0;0;0;0;0;0;0;0;0;0;0;0;0;0;0;0;0;0;0;0;0;0;0;0;0;0;0;0;0;0;0;0;0;0;0;0;0;0;0;0;0;0;0;0;0;0;0;0;0;0
aegis-knight;Aegis Knight;Alloyin;RRXX;Creature;Robot;FALSE;;5;4;"<b>Stealth</b>

<b>Deploy:</b> Give this +2A for each creature with D in play.";8;7;"<b>Stealth</b>

<b>Deploy:</b> Give this +3A for each creature with D in play.";10;8;"<b>Stealth</b>

<b>Deploy:</b> Give this +4A for each creature with D in play.";0;0;0;0;0;0;0;0;0;0;0;0;0;0;0;0;1;0;1;0;0;0;0;0;0;0;0;0;0;0;0;0;0;0;0;0;0;0;0;0;0;0;0;0;0;1;0;0;0;0;0;0;0;0;0;0;0;0;0;0;0;0;0;0;0;0;0;1;0;0;0;0;1;0;0;0;0;0;0;0;0;0;0;0;0;0;0;0;0;0;1;0;0;0;0;0;0;0;0;0;0;0;0
apocymancer;Apocymancer;Alloyin;RRXX;Creature;Warrior;FALSE;;3;5;"<b>Stealth</b>

When you replace a creature in another lane, deal 3 damage to a creature or player.";5;7;"<b>Stealth</b>

When you replace a creature in another lane, deal 5 damage to a creature or player.";7;10;"<b>Stealth</b>

When you replace a creature in another lane, deal 7 damage to a creature or player.";0;0;0;0;0;0;0;0;0;0;0;0;0;0;0;0;0;0;0;0;0;0;0;0;0;1;0;0;0;0;0;0;0;0;0;0;1;0;0;0;0;0;0;0;0;0;0;0;0;0;0;0;0;1;1;0;0;0;0;1;0;0;0;0;0;0;0;1;0;0;0;0;0;0;0;0;0;0;0;0;0;0;0;0;0;0;0;0;0;0;0;0;0;0;0;0;0;0;0;1;0;0;0
asir-mechamage;Asir Mechamage;Tempys;RRXX;Creature;Robot Mage;FALSE;;2;2;<b>Activate:</b> If you played a spell this turn, deal 4 damage to a creature or player.;5;5;<b>Activate:</b> If you played a spell this turn, deal 6 damage to a creature or player.;8;8;<b>Activate:</b> If you played a spell this turn, deal 8 damage to a creature or player.;0;0;0;0;0;0;0;0;0;0;1;0;0;0;0;0;1;0;1;0;0;0;0;0;0;0;0;0;0;0;0;0;0;1;0;0;0;0;0;0;0;0;0;0;0;0;0;1;0;0;0;0;0;1;1;0;0;0;0;1;0;0;0;0;0;0;0;0;0;0;0;0;0;0;0;0;0;0;0;0;0;0;0;0;0;0;0;0;0;0;0;0;0;0;0;0;0;0;0;1;0;0;0
brightsteel-gargoyle;Brightsteel Gargoyle;Alloyin;RRXX;Creature;Robot;FALSE;;4;4;<b>Activate:</b> If you have the Forge, give this 4D this turn. Otherwise, give this +1A and you may move it up to one lane.;6;6;<b>Activate:</b> If you have the Forge, give this 6D this turn. Otherwise, give this +2A and you may move it up to one lane.;10;10;<b>Activate:</b> If you have the Forge, give this 10D this turn. Otherwise, give this +3A and you may move it up to one lane.;0;0;0;0;0;0;0;0;0;0;0;0;0;0;0;0;1;0;1;0;0;0;0;0;0;0;0;0;0;0;0;0;0;0;0;0;0;0;0;0;1;0;0;1;0;0;0;1;0;0;0;0;0;0;0;0;0;0;0;0;0;0;0;0;0;0;0;0;0;0;0;0;1;0;0;0;0;0;0;0;0;0;0;0;0;0;0;0;0;0;0;0;0;0;0;0;0;0;0;0;0;0;0
broodfang;Broodfang;Nekrium;RRXX;Creature;Beast;FALSE;;3;5;<b>Activate:</b> If one of your creatures was destroyed this turn, give a creature -3A,-3H.;5;8;<b>Activate:</b> If one of your creatures was destroyed this turn, give a creature -5A,-5H.;7;13;<b>Activate:</b> If one of your creatures was destroyed this turn, give a creature -7A,-7H.;1;0;0;0;0;0;0;0;0;0;0;0;0;0;0;0;0;0;0;0;0;0;0;0;0;0;0;0;0;0;0;0;0;0;0;0;0;0;0;0;0;0;0;0;0;0;0;1;0;0;0;0;0;0;0;0;0;0;0;1;0;0;0;0;0;0;0;0;0;0;0;0;0;0;1;0;0;0;0;1;0;0;1;0;0;0;0;0;0;0;0;0;0;0;0;0;0;0;0;0;0;0;0
chrogias;Chrogias;Uterra;RRXX;Creature;Plant;FALSE;;1;1;;0;15;"<b>Defender</b>

<b>Deploy:</b> You gain 7H.";30;30;"<b>Breakthrough</b>

Enemy spells or abilities cannot affect this.";0;0;0;0;0;0;0;0;0;0;0;0;0;0;1;0;0;0;0;0;0;0;0;0;0;0;0;0;0;0;0;0;0;0;0;0;0;0.4;0;0;0;0;0;0;0;0;0;0;0;0;0;0;0;0;0;0;0;0;0;0;0.3;0;0;0;0.4;0;0;0;0;0;0;0;0;0;0;0;0;0;0;0;0;0;0;0;0;0;0;0;0;0;0.4;0;0;0;0;0;0;0;0;1;0.5;1;0
darkheart-sorcerer;Darkheart Sorcerer;Nekrium;RRXX;Creature;Warrior Mage;FALSE;;2;8;"<b>Defender</b>

When you play a spell, deal 2 damage to a player. You gain 2H.";3;10;"<b>Defender</b>

When you play a spell, deal 3 damage to a player. You gain 3H.";5;15;"<b>Defender</b>

When you play a spell, deal 5 damage to a player. You gain 5H.";0;0;0;0;0;0;0;0;0;0;1;0;0;0;0;0;0;0;0;0;0;0;0;0;0;1;0;0;0;0;0;0;0;1;0;0;0;1;0;0;0;0;0;0;0;0;0;0;0;0;0;0;0;1;1;0;0;0;0;0;0;0;0;0;1;0;0;0;0;0;0;0;0;0;0;0;0;0;0;0;0;0;0;0;0;0;0;0;0;0;0;0;0;0;0;0;0;0;0;1;0;0;0
dr-frankenbaum;Dr. Frankenbaum;Nekrium;RRXX;Creature;Scientist;FALSE;;4;5;When a creature is destroyed by this, you may play a Mindless Zombie <b>Minion</b> to any lane.;6;7;When a creature is destroyed by this, you may play a Zombie Brute <b>Minion</b> to any lane.;9;13;When a creature is destroyed by this, you may put that creature into play in any of your lanes.;0;0;0;0;0;0;0;0;0;0;0;0;0;0;0;0;0;0;0;1;0;0;0;0;0;0;0;0;0;0.9;0;0.9;0;0;0;0;0;0;0;0;0;0;0;0;0;0;0;0;0;0;0.3;0;0;0;0;0;0;0;0;0;0;0;0;0;0;0;0;0;0;0;0;0;0;0;0;0;0;0;0;0;0;0;0;0;0;0;0;0;1;0;0;0;0;0;0;0;0;0;0;0;0;0;0
drone;Drone;Alloyin;RRXX;Creature;Robot;TRUE;;1;4;"<b>Stealth</b>

When this damages a player, <b>Upgrade</b> a card in your hand, then discard it.";2;8;"<b>Stealth</b>

When this damages a player, <b>Upgrade</b> a card in your hand, then discard it.";3;6;"<b>Stealth</b>

When this damages a player, <b>Upgrade</b> a card in your hand. You may play it for <b>Free</b>.";0;0;0;0;0;0;0;0;0;0;0;0;0;0;0;0;1;0;1;0;0;0;0;0;0;0;0;0;0;0;0;0;0;0;0;0;0;0;0;0;0;0;0;0;0;0;0;0;0;0.3;0;1;0;0;0;0;0;1;0;0;0;0;0;0;0;0;0;1;0;0;0;0;0;0;0;0;0;0;0;0;0;0;0;0;0;0;0;0;0;0;0;0;0;0;0;0;0;0;0;0;0;0;0
everflame-phoenix;Everflame Phoenix;Tempys;RRXX;Creature;Beast;FALSE;;6;4;<b>Mobility</b> 1, <b>Aggressive</b>;0;12;"<b>Defender</b>

At the end of each deck cycle, replace this with your [l3] Everflame Phoenix.";15;15;"<b>Mobility</b> 2, <b>Aggressive</b>

When this is destroyed, <b>Reanimate</b> [l2] Everflame Phoenix in this lane.";1;0;0;0;0;0;0;0;0;0;0;0;0;0;0;0;0;0;0;0;0;0;0;0;0;0;0;0;0;0;0;0;0;0;0;0;0;0;0;0;0.8;0;0;0;0;0;0;0;0;0;0;0;0;0;0;0;0;0;0;0;0;0;0.8;0;0.4;0;0;0;0;0;0;0;0;0;0;0;0;0;0.3;0;0;0;0.3;0;0;0;0;0;0;0;0;0;0;0;0;0;0;0;0;0;0;0;0
grove-mother;Grove Mother;Uterra;RRXX;Creature;Mage;FALSE;;2;2;When this is replaced, you may play up to two Wisp <b>Minions</b>.;8;8;When this is replaced, you may play an Oakfather <b>Minion</b>.;12;12;"<b>Breakthrough</b>

When this is replaced, <b>Reanimate</b> this.";0;0;0;0;0;0;0;0;0;0;1;0;0;0;0.4;0;0;0;0;0;0;0.4;0;0;0;0;0;0;0;0;0;0.4;0;0;0;1;0;0;0;0;0;0;0;0;0;0;0;0;0;0;0.3;0;0;0;0;0;0;0;0;0;0.7;0;0;0;0;0;0;0;0;0;0;0;0;0;0;0;0;0;0;0;0;0;0;0;0;0;0;0;0;0;0;0;0;0;0;0;0;0;0;0;0;0;0
invokist;Invokist;Tempys;RRXX;Creature;Mage;TRUE;;2;3;<b>Activate:</b> If you played a spell this turn, deal 2 damage to a creature or player.;4;5;<b>Activate:</b> If you played a spell this turn, deal 3 damage to a creature or player.;6;7;<b>Activate:</b> If you played a spell this turn, deal 5 damage to a creature or player.;0;0;0;0;0;0;0;0;0;0;1;0;0;0;0;0;0;0;0;0;0;0;0;0;0;0;0;0;0;0;0;0;0;1;0;0;0;0;0;0;0;0;0;0;0;0;0;1;0;0;0;0;0;1;1;0;0;0;0;1;0;0;0;0;0;0;0;0;0;0;0;0;0;0;0;0;0;0;0;0;0;0;0;0;0;0;0;0;0;0;0;0;0;0;0;0;0;0;0;0;0;0;0
keeper;Keeper;Uterra;RRXX;Creature;Mage;TRUE;;2;4;<b>Activate:</b> Give your Beasts +2H.;3;6;<b>Activate:</b> Give your Beasts +4H.;4;8;<b>Activate:</b> Give your Beasts +6H.;0;1;0;0;0;0;0;0;0;0;1;0;0;0;0;0;0;0;0;0;0;0;0;0;0;0;0;0;0;0;0;0;0;0;0;0;0;0;0;0;0;0;0;0;0;0;0;1;0;0;0;0;0;0;0;0;0;0;0;0;0;0;0;0;0;0;0;0;0;0;0;1;0;0;0;0;0;0;0;0;0;0;0;0;0;0;0;0;0;0;0;0;0;0;0;0;0;0;0;0;0;0;0
lyria;Lyria;Nekrium;RRXX;Creature;Mage;FALSE;;2;1;<b>Deploy:</b> You may play a random [l1] creature from your discard pile.;7;6;<b>Deploy:</b> You may play a random [l1] creature from your discard pile.;9;8;<b>Deploy:</b> You may play a creature from your discard pile.;0;0;0;0;0;0;0;0;0;0;1;0;0;0;0;0;0;0;0;0;0;0;0;0;0;0;0;0;0;0;0;0;0;0;0;0;0;0;0;0;0;0;0;0;0;0;0;0;0;1;0;0;0;0;0;0;0;0;0;0;0;0;0;0;0;0;0;0;0;0;0;0;0;0;0;0;0;0;0;0;0;0;0;0;0;0;0;0;0;0;1;0;0;0;0;0;0;0;0;0;0;0;0
mystic;Mystic;Tempys;RRXX;Creature;Mage;TRUE;;1;2;<b>Deploy:</b> Give another one of your creatures +3A. This turn, it gets <b>Mobility</b> 1.;2;4;<b>Deploy:</b> Give another one of your creatures +4A. This turn, it gets <b>Mobility</b> 2.;3;5;<b>Deploy:</b> Give another one of your creatures +5A. This turn, it gets <b>Mobility</b> 3.;0;0;0;0;0;0;0;0;0;0;1;0;0;0;0;0;0;0;0;0;0;0;0;0;0;0;0;0;0;0;0;0;0;0;0;0;0;0;0;0;1;0;0;0;0;0;0;0;0;0;0;0;0;0;0;0;0;0;0;0;0;0;0;0;0;0;0;0;0;0;1;0;1;0;0;0;0;0;0;0;0;0;0;0;0;0;0;0;0;0;1;0;0;0;0;0;0;0;0;0;0;0;0
necromancer;Necromancer;Nekrium;RRXX;Creature;Mage;TRUE;;2;3;<b>Activate:</b> <b>Upgrade</b> a [l1] card in your discard pile.;2;4;<b>Activate:</b> <b>Upgrade</b> a card in your discard pile.;2;4;<b>Activate:</b> Play a card from your discard pile for <b>Free</b>.;0;0;0;0;0;0;0;0;0;0;1;0;0;0;0;0;0;0;0;0;0;0;0;0;0;0;0;0;0;0;0;0;0;0;0;0;0;0;0;0;0;0;0;0;0;0;0;1;0;0.3;0;0.9;0;0;0;0;0;0;0;0;0;0;0;0;0;0;0;0;0;0;0;0;0;0;0;0;0;0;0;0;0;0;0;0;0;0;0;0;0;0;0;0;0;0;0;0;0;0;0;0.5;0;0;0
palladium-simulacrum;Palladium Simulacrum;Alloyin;RRXX;Creature;Mage;FALSE;;2;6;"<b>Mobility</b> 1

When a creature moves lanes, give this +2A.";4;9;"<b>Mobility</b> 1

When a creature moves lanes, give this +3A.";8;12;"<b>Mobility</b> 1

When a creature moves lanes, give this +5A.";0;0;0;0;0;0;0;0;0;0;1;0;0;0;0;0;0;0;0;0;0;0;0;0;0;0;0;0;0;0;0;0;0;0;0;0;0;0;0;0;1;0;1;0;0;0;0;0;0;0;0;0;0;0;0;0;0;0;0;0;0;0;0;0;0;0;0;0;0;0;0;0;1;0;0;0;0;0;0;0;0;0;0;0;0;0;0;0;0;0;0;0;0;0;0;0;0;0;0;1;0;0;0
patron;Patron;Nekrium;RRXX;Creature;Beast;TRUE;;4;2;<b>Activate:</b> Give your other Beasts +2A.;6;3;<b>Activate:</b> Give your other Beasts +4A.;8;4;<b>Activate:</b> Give your other Beasts +6A.;1;1;0;0;0;0;0;0;0;0;0;0;0;0;0;0;0;0;0;0;0;0;0;0;0;0;0;0;0;0;0;0;0;0;0;0;0;0;0;0;0;0;0;0;0;0;0;1;0;0;0;0;0;0;0;0;0;0;0;0;0;0;0;0;0;0;0;0;0;0;1;0;1;0;0;0;0;0;0;0;0;0;0;0;0;0;0;0;0;0;0;0;0;0;0;0;0;0;0;0;0;0;0
polymorpher;Polymorpher;Uterra;RRXX;Creature;Mage;TRUE;;5;2;<b>Deploy:</b> You may replace an enemy <b>Minion</b> with a Wisp <b>Minion</b>.;5;2;<b>Deploy:</b> You may replace an enemy [l1] creature with a Wisp <b>Minion</b>.;6;3;<b>Deploy:</b> You may replace an enemy creature with a Wisp <b>Minion</b>.;0;0;0;0;0;0;0;0;0;0;1;0;0;0;0;0;0;0;0;0;0;0;0;0;0;0;0;0;0;0;0;0;0;0;0;0;0;0;0;0;0;0;0;0;0;0;0;0;0;0;0;0;0;0;0;0;0;0;0;1;0;0;0;0;0;0;0;0;0;0;0;0;0;0;0;0;0;0;0;0;0;0;0;0;0;0;0;0;0;0;1;0;0;0;0;0;0;0;0;0;0;0;0
ravager;Ravager;Uterra;RRXX;Creature;Beast;TRUE;;2;4;<b>Deploy:</b> If you gained H this turn, give this +2A,+2H.;3;7;<b>Deploy:</b> If you gained H this turn, give this +4A,+4H.;3;9;<b>Deploy:</b> If you gained H this turn, give this +6A,+6H.;1;0;0;0;0;0;0;0;0;0;0;0;0;0;0;0;0;0;0;0;0;0;0;0;0;0;0;0;0;0;0;0;0;0;0;0;0;0;1;0;0;0;0;0;0;0;0;0;0;0;0;0;0;0;0;0;0;0;0;0;0;0;0;0;0;0;0;0;0;0;0;0;1;0;0;0;0;0;0;0;0;0;0;0;0;0;0;0;0;0;1;0;0;0;0;0;0;0;0;0;0;0;0
razortooth;Razortooth;Tempys;RRXX;Creature;Dinosaur;TRUE;;2;6;<b>Deploy:</b> If an opponent gained H this turn, give this +3A.;4;7;<b>Deploy:</b> If an opponent gained H this turn, give this +5A.;5;8;<b>Deploy:</b> If an opponent gained H this turn, give this +7A.;0;0;0;0;1;0;0;0;0;0;0;0;0;0;0;0;0;0;0;0;0;0;0;0;0;0;0;0;0;0;0;0;0;0;0;0;0;0;0;0;0;0;0;0;0;0;0;0;0;0;0;0;0;0;0;0;0;0;0;0;0;0;0;0;0;0;0;0;0;0;0;0;1;0;0;0;0;0;0;0;0;0;0;0;0;0;0;0;0;0;1;0;0;0;0;0;0;0;0;0;0;0;0
reveler;Reveler;Uterra;RRXX;Creature;Mage;TRUE;;3;3;<b>Deploy:</b> The enemy player may play a spell for <b>Free</b>. Then, you may play a spell for <b>Free</b>.;5;5;<b>Deploy:</b> The enemy player may play a spell for <b>Free</b>. Then, you may play a spell for <b>Free</b>.;4;5;<b>Deploy:</b> You may play a spell for <b>Free</b>.;0;0;0;0;0;0;0;0;0;0;1;0;0;0;0;0;0;0;0;0;0;0;0;0;0;0;0;0;0;0;0;0;0;1;0;0;0;0;0;0;0;0;0;0;0;0;0;0;0;1;0;0;0;0;0;0;0;0;0;0;0;0;0;0;0;0;0;0;0;0;0;0;0;0;0;0;0;0;0;0;0;0;0;0;0;0;0;0;0;0;1;0;0;0;0;0;0;0;0;0;0;0.5;0
sentinel;Sentinel;Tempys;RRXX;Creature;Elemental;TRUE;;3;3;<b>Deploy:</b> Give this +1A,+1H for each spell in your banish zone.;4;4;<b>Deploy:</b> Give this +1A,+1H for each spell in your banish zone.;5;5;<b>Deploy:</b> Give this +1A,+1H for each spell in your banish zone.;0;0;0;0;0;0;0;0;1;0;0;0;0;0;0;0;0;0;0;0;0;0;0;0;0;0;0;0;0;0;0;0;0;1;0;0;0;0;0;0;0;0;0;0;0;0;0;0;0;0;0;0;0;0;0;0;0;0;0;0;0;0;0;0;0;0;0;0;0;0;0;0;1;0;0;0;0;0;0;0;0;0;0;0;0;0;0;0;0;0;1;0;0;0;0;0;0;0;0;0;0;0;0
shambler;Shambler;Nekrium;RRXX;Creature;Zombie;TRUE;;2;3;When one of your creatures is destroyed, deal 1 damage to a player. You gain 1H.;3;5;When one of your creatures is destroyed, deal 2 damage to a player. You gain 2H.;4;7;When one of your creatures is destroyed, deal 3 damage to a player. You gain 3H.;0;0;0;0;0;0;0;0;0;0;0;0;0;0;0;0;0;0;0;0;0;0;0;0;0;0;0;0;0;1;0;0;0;0;0;0;0;1;0;0;0;0;0;0;0;0;0;0;0;0;0;0;0;1;1;0;0;0;0;0;0;0;0;0;0;0;0;0;0;0;0;0;0;0;0;0;0;0;0;1;0;0;1;0;0;0;0;0;0;0;0;0;0;0;0;0;0;0;0;1;0;0;0
spitemaiden;Spitemaiden;Nekrium;RRXX;Creature;Mage;FALSE;;3;2;<b>Deploy:</b> You may have this deal 5 damage to you. If you do, you may play a [l1] spell for <b>Free</b>.;6;5;<b>Deploy:</b> You may have this deal 5 damage to you. If you do, you may play a [l1] or [l2] spell for <b>Free</b>.;10;7;<b>Deploy:</b> You may have this deal 5 damage to you. If you do, you may play a spell for <b>Free</b>.;0;0;0;0;0;0;0;0;0;0;1;0;0;0;0;0;0;0;0;0;0;0;0;0;0;0;0;0;0;0;0;0;0;1;0;0;0;0;0;0;0;0;0;0;0;0;0;0;0;1;0;0;0;0;0;0;0;0;0;0;0;0;0;0;0;0;0;0;0;0;0;0;0;0;0;0;0;0;0;0;0;0;0;0;0;0;0;0;0;0;1;0;0;0;0;0;1;0;0;1;0;0;0
stitcher;Stitcher;Nekrium;RRXX;Creature;Zombie Scientist;TRUE;;0;1;<b>Deploy:</b> You may replace one of your <b>Minions</b> with a [l1] creature in your banish pile.;2;3;<b>Deploy:</b> You may replace one of your <b>Minions</b> with a [l1] or [l2] creature in your banish pile.;4;5;<b>Deploy:</b> You may replace one of your <b>Minions</b> with a creature in your banish pile.;0;0;0;0;0;0;0;0;0;0;0;0;0;0;0;0;0;0;0;1;0;0;0;0;0;0;0;0;0;1;0;0;1;0;0;0;0;0;0;0;0;0;0;0;0;0;0;0;0;0;1;0;0;0;0;0;0;0;0;0;0;0;0;0;0;0;0;0;0;0;0;0;0;0;0;0;0;0;0;0;0;0;0;0;0;0;0;0;0;0;1;0;0;0;0;0;0;0;0;1;0;0;0
swampmoss-lurker;Swampmoss Lurker;Uterra;RRXX;Creature;Dinosaur;FALSE;;4;6;If you have more than 50H, this is <b>Free</b>.;6;8;If you have more than 40H, this is <b>Free</b>.;0;14;<b>Deploy:</b> Give this +A equal to your H.;0;0;0;0;1;0;0;0;0;0;0;0;0;0;0;0;0;0;0;0;0;0;0;0;0;0;0;0;0;0;0;0;0;0;0;0;0;0;0;1;0;0;0;0;0;0;0;0;0;0.9;0;0;0;0;0;0;0;0;0;0;0;0;0;0;0;0;0;0;0;0;0.3;0;0.3;0;0;0;0;0;0;0;0;0;0;0;0;0;0;0;0;0;0.3;0;0;0;0;0;0;0;0;1;0;0.5;0
talisan;Talisan;Uterra;RRXX;Creature;Mage;FALSE;;5;4;<b>Activate:</b> The enemy player may play a card for <b>Free</b>. Then, you may play a card for <b>Free</b>.;8;7;<b>Activate:</b> The enemy player may play a card for <b>Free</b>. Then, you may play a card for <b>Free</b>.;13;10;<b>Activate:</b> Play a card for <b>Free</b>.;0;0;0;0;0;0;0;0;0;0;1;0;0;0;0;0;0;0;0;0;0;0;0;0;0;0;0;0;0;0;0;0;0;0;0;0;0;0;0;0;0;0;0;0;0;0;0;1;0;1;0;0;0;0;0;0;0;0;0;0;0;0;0;0;0;0;0;0;0;0;0;0;0;0;0;0;0;0;0;0;0;0;0;0;0;0;0;0;0;0;0;0;0;0;0;0;0;0;0;0;0;1;0
tinker;Tinker;Alloyin;RRXX;Creature;Warrior;TRUE;;2;3;<b>Deploy:</b> You may destroy a <b>Minion</b>.;3;4;<b>Deploy:</b> You may destroy up to two <b>Minions</b>.;4;6;<b>Deploy:</b> You may destroy all enemy <b>Minions</b>.;0;0;0;0;0;0;0;0;0;0;0;0;0;0;0;0;0;0;0;0;0;0;0;0;0;1;0;0;0;0;0;0;0;0;0;0;0;0;0;0;0;0;0;0;0;0;0;0;0;0;0;0;0;0;0;0;0;0;0;1;0;0;0;0;0;0;0;0;0;0;0;0;0;0;0;0;0;0;0;0;0;0;0;0;0;0;0;0;0;0;1;0;0;0;0;0;0;0;0;1;0;0;0
transcendent-biologist;Transcendent Biologist;Uterra;RRXX;Creature;Scientist;FALSE;;2;2;<b>Deploy:</b> You may play a Wisp <b>Minion</b>. Give your <b>Minions</b> +2A,+2H.;3;3;<b>Deploy:</b> You may play a Wisp <b>Minion</b>. Give your <b>Minions</b> +3A,+3H.;5;5;<b>Deploy:</b> You may play a Wisp <b>Minion</b>. Give your <b>Minions</b> +5A,+5H.;0;0;0;0;0;0;0;0;0;0;0;0;0;0;0;0;0;0;0;1;0;1;0;0;0;0;0;0;0;0;0;1;1;0;0;0;0;0;0;0;0;0;0;0;0;0;0;0;0;0;0;0;0;0;0;0;0;0;0;0;0;0;0;0;0;0;0;0;0;1;0;0;1;0;0;0;0;0;0;0;0;0;0;0;0;0;0;0;0;0;1;0;0;0;0;0;0;0;0;0;0;0;0
uranti-elementalist;Uranti Elementalist;Tempys;RRXX;Creature;Yeti Mage;FALSE;;4;5;<b>Deploy:</b> If this replaced a creature, you may play a [l1] spell for <b>Free</b>.;5;6;<b>Deploy:</b> Play a [l1] or [l2] spell for <b>Free</b>.;6;9;<b>Activate:</b> Play a spell for <b>Free</b>.;0;0;0;0;0;0;0;0;0;0;1;0;0;0;0;0;0;0;0;0;0;0;0;0;0;0;0;1;0;0;0;0;0;1;0;0;0.5;0;0;0;0;0;0;0;0;0;0;0.3;0;1;0;0;0;0;0;0;0;0;0;0;0;0;0;0;0;0;0;0;0;0;0;0;0;0;0;0;0;0;0;0;0;0;0;0;0;0;0;0;0;0;0.9;0;0;0;0;0;0;0;0;1;0;0;0
uranti-heartseeker;Uranti Heartseeker;Tempys;RRXX;Creature;Yeti;FALSE;;3;6;<b>Activate:</b> Give another creature +2A.;4;8;<b>Activate:</b> Give another creature +4A.;7;14;<b>Activate:</b> Give another creature +6A. This turn, your creatures with 10A or more get <b>Breakthrough</b>.;0;0;0;0;0;0;0;0;0;0;0;0;0;0;0;0;0;0;0;0;0;0;0;0;0;0;0;1;0;0;0;0;0;0;0;0;0;0;0;0;0;0;0;0;0;0;0;1;0;0;0;0;0;0;0;0;0;0;0;0;0;0.3;0;0;0;0;0;0;0;0;1;0;1;0;0;0;0;0;0;0;0;0;0;0;0;0;0;0;0;0;0;0;0;0;0;0;0;0;0;0;0;0;0
uterra-charger;Uterra Charger;Uterra;RRXX;Creature;Warrior;FALSE;;5;5;<b>Deploy:</b> You may have this <b>Battle</b> a creature.;7;7;<b>Deploy:</b> You may have this <b>Battle</b> a creature. If this survives, you may have it <b>Battle</b> a creature.;11;11;<b>Deploy:</b> You may have this <b>Battle</b> a creature. If this survives, you may repeat this ability.;0;0;0;0;0;0;0;0;0;0;0;0;0;0;0;0;0;0;0;0;0;0;0;0;0;1;0;0;0;0;0;0;0;0;0;0;0;0;0;0;0;0;0;0;0;0;0;0;0;0;0;0;0;0;0;0;0;0;0;1;0;0;0;0;0;0;0;0;0;0;0;0;0;0;0;0;0;0;0;0;0;0;0;0;0;0;0;0;0;0;1;0;0;0;0;0;0;0;0;1;0;0;0
walker;Walker;Nekrium;RRXX;Creature;Zombie;TRUE;;0;4;<b>Deploy:</b> Give an enemy creature -2A,-2H.;1;3;<b>Deploy:</b> Give an enemy creature -4A,-4H.;2;2;<b>Deploy:</b> Give an enemy creature -6A,-6H.;0;0;0;0;0;0;0;0;0;0;0;0;0;0;0;0;0;0;0;0;0;0;0;0;0;0;0;0;0;1;0;0;0;0;0;0;0;0;0;0;0;0;0;0;0;0;0;0;0;0;0;0;0;0;0;0;0;0;0;1;0;0;0;0;0;0;0;0;0;0;0;0;0;0;1;0;0;0;0;0;0;0;0;0;0;0;0;0;0;0;1;0;0;0;0;0;0;0;0;0;0;0;0
warden;Warden;Alloyin;RRXX;Creature;Robot;TRUE;;2;2;<b>Deploy:</b> If you have another Robot in play, give this +4A,+4H.;3;3;<b>Deploy:</b> If you have another Robot in play, give this +4A,+4H.;4;4;<b>Deploy:</b> If you have another Robot in play, give this +4A,+4H.;0;0;0;0;0;0;0;0;0;0;0;0;0;0;0;0;1;1;1;0;0;0;0;0;0;0;0;0;0;0;0;0;0;0;0;0;0;0;0;0;0;0;0;0;0;0;0;0;0;0;0;0;0;0;0;0;0;0;0;0;0;0;0;0;0;0;0;0;0;0;0;0;1;0;0;0;0;0;0;0;0;0;0;0;0;0;0;0;0;0;1;0;0;0;0;0;0;0;0;0;0;0;0
adaptive;Adaptive;Alloyin;RRXX;Modifier;;TRUE;;1;1;<b>Deploy:</b> If you have the Forge, give this +2A. If you don't, give it +2H.;0;1;<b>Deploy:</b> If you have the Forge, give this +5A. If you don't, give it +5H.;0;1;<b>Deploy:</b> If you have the Forge, give this +10A. If you don't, give it +10H.;0;0;0;0;0;0;0;0;0;0;0;0;0;0;0;0;0;0;0;0;0;0;0;0;0;0;0;0;0;0;0;0;0;0;0;0;0;0;0;0;0;0;0;0;0;0;0;0;0;0;0;0;0;0;0;0;0;0;0;0;0;0;0;0;0;0;0;0;0;0;0;1;1;0;0;0;0;0;0;0;0;0;0;0;0;0;0;0;0;0;1;0;0;0;0;0;0;0;0;0;0;0;0
chaining;Chaining;Tempys;RRXX;Modifier;;TRUE;;-1;0;<b>Deploy:</b> If you played a spell this turn, you may play a [l1] spell for <b>Free</b>.;1;3;<b>Deploy:</b> If you played a spell this turn, you may play a [l1] or [l2] spell for <b>Free</b>.;3;6;<b>Deploy:</b> If you played a spell this turn, you may play a spell for <b>Free</b>.;0;0;0;0;0;0;0;0;0;0;0;0;0;0;0;0;0;0;0;0;0;0;0;0;0;0;0;0;0;0;0;0;0;1;0;0;0;0;0;0;0;0;0;0;0;0;0;0;0;1;0;0;0;0;0;0;0;0;0;0;0;0;0;0;0;0;0;0;0;0;0;0;0;0;0;0;0;0;0;0;0;0;0;0;0;0;0;0;0;0;1;0;0;0;0;0;0;0;0;0;0;0;0
commanding;Commanding;Nekrium;RRXX;Modifier;;TRUE;;0;1;<b>Deploy:</b> Give your other Zombies +1A,+1H.;1;3;<b>Deploy:</b> Give your other Zombies +3A,+3H.;3;6;<b>Deploy:</b> Give your other Zombies +6A,+6H.;0;0;0;0;0;0;0;0;0;0;0;0;0;0;0;0;0;0;0;0;0;0;0;0;0;0;0;0;0;0;1;0;0;0;0;0;0;0;0;0;0;0;0;0;0;0;0;0;0;0;0;0;0;0;0;0;0;0;0;0;0;0;0;0;0;0;0;0;0;1;0;0;1;0;0;0;0;0;0;0;0;0;0;0;0;0;0;0;0;0;1;0;0;0;0;0;0;0;0;0;0;0;0
ghoulish;Ghoulish;Nekrium;RRXX;Modifier;;TRUE;;1;0;<b>Deploy:</b> <b>Upgrade</b> a [l1] card in your discard pile.;2;1;<b>Deploy:</b> <b>Upgrade</b> a card in your discard pile.;3;1;<b>Deploy:</b> The next [l3] card you play this turn is <b>Free</b>.;0;0;0;0;0;0;0;0;0;0;0;0;0;0;0;0;0;0;0;0;0;0;0;0;0;0;0;0;0;0;0;0;0;0;0;0;0;0;0;0;0;0;0;0;0;0;0;0;0;0.3;0;0.9;0;0;0;0;0;0;0;0;0;0;0;0;0;0;0;0;0;0;0;0;0;0;0;0;0;0;0;0;0;0;0;0;0;0;0;0;0;0;1;0;0;0;0;0;0;0;0;0;0;0;0
kindred;Kindred;Uterra;RRXX;Modifier;;TRUE;;0;1;When you gain H, give this +2A,+2H.;1;2;When you gain H, give this +3A,+3H.;3;5;When you gain H, give this +5A,+5H.;0;0;0;0;0;0;0;0;0;0;0;0;0;0;0;0;0;0;0;0;0;0;0;0;0;0;0;0;0;0;0;0;0;0;0;0;0;0;1;0;0;0;0;0;0;0;0;0;0;0;0;0;0;0;0;0;0;0;0;0;0;0;0;0;0;0;0;0;0;0;0;0;1;0;0;0;0;0;0;0;0;0;0;0;0;0;0;0;0;0;0;0;0;0;0;0;0;0;0;1;0;0;0
magnivorous;Magnivorous;Uterra;RRXX;Modifier;;TRUE;;0;3;When an enemy player plays a spell, give this +2A.;1;4;When an enemy player plays a spell, give this +5A.;3;5;When an enemy player plays a spell, give this +10A.;0;0;0;0;0;0;0;0;0;0;0;0;0;0;0;0;0;0;0;0;0;0;0;0;0;0;0;0;0;0;0;0;0;1;0;0;0;0;0;0;0;0;0;0;0;0;0;0;0;0;0;0;0;0;0;0;0;0;0;0;0;0;0;0;0;0;0;0;0;0;0;0;1;0;0;0;0;0;0;0;0;0;0;0;0;0;0;0;0;0;0;0;0;0;0;0;0;0;0;0;0;0;0
piercing;Piercing;Tempys;RRXX;Modifier;;TRUE;;0;3;When this deals damage, it ignores D.;4;3;When this deals damage, it ignores D.;6;3;When your creatures and spells deal damage, they ignore D.;0;0;0;0;0;0;0;0;0;0;0;0;0;0;0;0;0;0;0;0;0;0;0;0;0;0;0;0;0;0;0;0;0;0.3;0;0;0;0;0;0;0;0;0;0;0;0;0;0;0;0;0;0;0;0;0;0;0;0;0;0;0;0;0;0;0;0;0;0;0;0;0;0;0;0;0;0;0;0;0;0;0;0;0;0;0;0;0;0;0;0;0;0;0;0;0;0;0;0;0;0;0;0;0
pyromantic;Pyromantic;Tempys;RRXX;Modifier;;TRUE;;0;1;<b>Deploy:</b> You may deal 2 damage to a creature.;1;1;<b>Deploy:</b> You may deal 3 damage to a creature.;2;3;<b>Deploy:</b> You may deal 5 damage to a creature.;0;0;0;0;0;0;0;0;0;0;0;0;0;0;0;0;0;0;0;0;0;0;0;0;0;0;0;0;0;0;0;0;0;0;0;0;0;0;0;0;0;0;0;0;0;0;0;0;0;0;0;0;0;0;0;0;0;0;0;1;0;0;0;0;0;0;0;0;0;0;0;0;0;0;0;0;0;0;0;0;0;0;0;0;0;0;0;0;0;0;1;0;0;0;0;0;0;0;0;0;0;0;0
refreshing;Refreshing;Uterra;RRXX;Modifier;;TRUE;;2;2;<b>Deploy:</b> If this replaced a creature, you gain 3H.;2;3;<b>Deploy:</b> If this replaced a creature, you gain 5H.;2;6;<b>Deploy:</b> If this replaced a creature, you gain 9H.;0;0;0;0;0;0;0;0;0;0;0;0;0;0;0;0;0;0;0;0;0;0;0;0;0;0;0;0;0;0;0;0;0;0;0;0;1;1;0;0;0;0;0;0;0;0;0;0;0;0;0;0;0;0;0;0;0;0;0;0;0;0;0;0;0;0;0;0;0;0;0;0;0;0;0;0;0;0;0;0;0;0;0;0;0;0;0;0;0;0;1;0;0;0;0;0;0;0;0;0;0;0;0
shieldbearing;Shieldbearing;Alloyin;RRXX;Modifier;;TRUE;;1;0;<b>Deploy:</b> Give this 1D this turn.;2;0;<b>Deploy:</b> Give this 2D this turn.;4;1;<b>Deploy:</b> Give this 4D this turn.;0;0;0;0;0;0;0;0;0;0;0;0;0;0;0;0;0;0;0;0;0;0;0;0;0;0;0;0;0;0;0;0;0;0;0;0;0;0;0;0;0;0;0;1;0;0;0;0;0;0;0;0;0;0;0;0;0;0;0;0;0;0;0;0;0;0;0;0;0;0;0;0;0;0;0;0;0;0;0;0;0;0;0;0;0;0;0;0;0;0;1;0;0;0;0;0;0;0;0;0;0;0;0
synapse;Synapse;Alloyin;RRXX;Modifier;;TRUE;;-1;1;<b>Activate:</b> <b>Upgrade</b> a card in your hand, then discard it.;-1;2;<b>Activate:</b> <b>Upgrade</b> a card in your hand, then discard it.;-1;4;<b>Activate:</b> <b>Upgrade</b> a card in your hand.;0;0;0;0;0;0;0;0;0;0;0;0;0;0;0;0;0;0;0;0;0;0;0;0;0;0;0;0;0;0;0;0;0;0;0;0;0;0;0;0;0;0;0;0;0;0;0;1;0;0;0;1;0;0;0;0;0;0;0;0;0;0;0;0;0;0;0;0;0;0;0;0;0;0;0;0;0;0;0;0;0;0;0;0;0;0;0;0;0;0;0;0;0;0;0;0;0;0;0;0;0;0;0
taunting;Taunting;Alloyin;RRXX;Modifier;;TRUE;;2;1;<b>Deploy:</b> You may move an enemy creature to this lane.;3;2;<b>Deploy:</b> You may move an enemy creature to this lane.;4;6;<b>Deploy:</b> You may move an enemy creature to this lane.;0;0;0;0;0;0;0;0;0;0;0;0;0;0;0;0;0;0;0;0;0;0;0;0;0;0;0;0;0;0;0;0;0;0;0;0;0;0;0;0;0;1;0;0;0;0;0;0;0;0;0;0;0;0;0;0;0;0;0;0;0;0;0;0;0;0;0;0;0;0;0;0;0;0;0;0;0;0;0;0;0;0;0;0;0;0;0;0;0;0;1;0;0;0;0;0;0;0;0;0;0;0;0
digitize;Digitize;Alloyin;RRXX;Spell;;FALSE;;;;Give a creature +5A. If it is your only creature in play, give it +5H.;;;Give a creature +8A. If it is your only creature in play, give it +8H.;;;Give a creature +12A. If it is your only creature in play, give it +12H.;0;0;0;0;0;0;0;0;0;0;0;0;0;0;0;0;0;0;0;0;0;0;0;0;0;0;0;0;0;0;0;0;0;0;1;0;0;0;0;0;0;0;0;0;0;0;0;0;0;0;0;0;0;0;0;0;0;0;0;0;0;0;0;0;0;0;0;0;0;1;1;1;1;0;0;0;0;0;0;0;0;0;0;0;0;0;0;0;0;0;0;0;0;0;0;0;0;0;0;0;0;0;0
epidemic;Epidemic;Nekrium;RRXX;Spell;;FALSE;;;;All creatures get -2A,-2H.;;;All creatures get -5A,-5H.;;;All creatures get -8A,-8H.;0;0;0;0;0;0;0;0;0;0;0;0;0;0;0;0;0;0;0;0;0;0;0;0;0;0;0;0;0;0;0;0;0;0;1;0;0;0;0;0;0;0;0;0;0;0;0;0;0;0;0;0;0;0;0;0;0;0;0;1;0;0;0;0;0;0;0;0;0;0;0;0;0;0;1;0;0;0;0;0;0;0;0;1;0;0;0;0;0;0;0;0;0;0;0;0;0;0;0;0;0;0;0
feral-instinct;Feral Instinct;Uterra;RRXX;Spell;;FALSE;;;;"Give a creature +3A. This turn, give it 3D and <b>Breakthrough</b>.

If it deals damage to a player this turn, you may play a Wisp <b>Minion</b>.";;;"Give a creature +4A. This turn, give it 4D and <b>Breakthrough</b>.

If it deals damage to a player this turn, you may play a [l1] or [l2] card for <b>Free</b>.";;;"Give a creature +6A. This turn, give it 6D and <b>Breakthrough</b>.

If it deals damage to a player this turn, you may play a card for <b>Free</b>.";0;0;0;0;0;0;0;0;0;0;0;0;0;0;0;0;0;0;0;0;0;0.5;0;0;0;0;0;0;0;0;0;0.5;0;0;1;0;0;0;0;0;0;0;0;0;1;0;0;0;0;0.7;0;0;0;0;0;1;0;1;0;0;0;1;0;0;0;0;0;0;0;0;1;0;1;0;0;0;0;0;0;0;0;0;0;0;0;0;0;0;0;0;0;0;0;0;0;0;0;0;0;0;0;0;0
firestorm;Firestorm;Tempys;RRXX;Spell;;FALSE;;;;Deal 4 damage to all creatures.;;;Deal 7 damage to all creatures.;;;Deal 10 damage to all creatures.;0;0;0;0;0;0;0;0;0;0;0;0;0;0;0;0;0;0;0;0;0;0;0;0;0;0;0;0;0;0;0;0;0;0;1;0;0;0;0;0;0;0;0;0;0;0;0;0;0;0;0;0;0;0;0;0;0;0;0;1;0;0;0;0;0;0;0;0;0;0;0;0;0;0;0;0;0;0;0;0;0;0;0;1;0;0;0;0;0;0;0;0;0;0;0;0;0;0;0;0;0;0;0
flame-jet;Flame Jet;Tempys;RRXX;Spell;;FALSE;;;;"Deal 5 damage to the enemy player.

You may also have this deal 5 damage to you. If you do, this is <b>Free</b>.";;;"Deal 7 damage to the enemy player

You may also have this deal 7 damage to you. If you do, this is <b>Free</b>.";;;"Deal 9 damage to the enemy player.

You may also have this deal 9 damage to you. If you do, this is <b>Free</b>.";0;0;0;0;0;0;0;0;0;0;0;0;0;0;0;0;0;0;0;0;0;0;0;0;0;0;0;0;0;0;0;0;0;0;1;0;0;0;0;0;0;0;0;0;0;0;0;0;0;1;0;0;0;1;0;0;0;0;0;0;0;0;0;0;0;0;0;0;0;0;0;0;0;0;0;0;0;0;0;0;0;0;0;0;0;0;0;0;0;0;0;0;0;0;0;0;1;0;0;1;0;0;0
group-meal;Group Meal;Nekrium;RRXX;Spell;;FALSE;;;;"You may play a Mindless Zombie <b>Minion</b>.

<b>Upgrade</b> a [l1] card in your discard pile for each Zombie you have in play.";;;"You may play a Zombie Brute <b>Minion</b>.

<b>Upgrade</b> a card in your discard pile for each Zombie you have in play. (Must be different cards.)";;;"You may play a Zombie Brute <b>Minion</b>.

<b>Upgrade</b> a card in your discard pile for each Zombie you have in play. (Must be different cards.) Then, you may play a card in your discard pile for <b>Free</b>.
";0;0;0;0;0;0;0;0;0;0;0;0;0;0;0;0;0;0;0;0;0;0;0;0;0;0;0;0;0;1;1;1;0;0;1;0;0;0;0;0;0;0;0;0;0;0;0;0;0;0.3;0;1;0;0;0;0;0;0;0;0;0;0;0;0;0;0;0;0;0;0;0;0;0;0;0;0;0;0;0;0;0;0;0;0;0;0;0;0;0;0;0;0;0;0;0;0;0;0;0;0;0;0;0
nanoswarm;Nanoswarm;Alloyin;RRXX;Spell;;FALSE;;;;You may play a Gizmo <b>Minion</b>. If you have a Scientist in play, play up to two Gizmos <b>Minions</b> instead.;;;You may play a Mega Gizmo <b>Minion</b>. If you have a Scientist in play, play up to two Mega Gizmos <b>Minions</b> instead.;;;You may play up to two Mega Gizmo <b>Minions</b>. If you have a Scientist in play, give all your non-Minion creatures +3A,+3H.;0;0;0;0;0;0;0;0;0;0;0;0;0;0;0;0;1;0;0;0;1;0;0;0;0;0;0;0;0;0;0;1;0;0;1;1;0;0;0;0;0;0;0;0;0;0;0;0;0;0;0;0;0;0;0;0;0;0;0;0;0;0;0;0;0;0;0;0;0;1;0;0;1;0;0;0;0;0;0;0;0;0;0;0;0;0;0;0;0;0;0;0;0;0;0;0;0;0;0;0;0;0;0
savage-oath;Savage Oath;Uterra;RRXX;Spell;;FALSE;;;;"Give a creature +3A,+3H.

If it's a Warrior, give it +3A,+6H instead.";;;"Give a creature +4A,+4H.

If it's a Warrior, give it +4A,+10H instead.";;;"Give a creature +6A,+6H.

If it's a Warrior, give it +6A,+16H instead.";0;0;0;0;0;0;0;0;0;0;0;0;0;0;0;0;0;0;0;0;0;0;0;0;0;0;1;0;0;0;0;0;0;0;1;0;0;0;0;0;0;0;0;0;0;0;0;0;0;0;0;0;0;0;0;0;0;0;0;0;0;0;0;0;0;0;0;0;0;1;0;0;1;0;0;0;0;0;0;0;0;0;0;0;0;0;0;0;0;0;0;0;0;0;0;0;0;0;0;0;0;0;0
tech-upgrade;Tech Upgrade;Alloyin;RRXX;Spell;;FALSE;;;;"Choose one:
*  Deal 4 damage to a creature.
*  Give a creature 4D this turn.
*  <b>Upgrade</b> up to two cards in your hand, then discard them.
If you have a Scientist in play, choose two instead.";;;"Choose one:
*  Deal 7 damage to a creature.
*  Give a creature 7D this turn.
*  <b>Upgrade</b> up to two cards in your hand, then discard them.
If you have a Scientist in play, choose two instead.";;;"Choose one:
*  Deal 10 damage to a creature.
*  Give a creature 10D this turn.
*  <b>Upgrade</b> up to two cards in your hand.
If you have a Scientist in play, choose two instead.";0;0;0;0;0;0;0;0;0;0;0;0;0;0;0;0;0;0;0;0;1;0;0;0;0;0;0;0;0;0;0;0;0;0;1;0;0;0;0;0;0;0;0;0;1;0;0;0;0;0;0;1;0;0;0;0;0;0;0;1;0;0;0;0;0;0;0;0;0;0;0;0;0;0;0;0;0;0;0;0;0;0;0;0;0;0;0;0;0;0;0;0;0;0;0;0;0;0;0;0;0;0;0
varnas-pact;Varna's Pact;Nekrium;RRXX;Spell;;FALSE;;;;"You may play a Mindless Zombie <b>Minion</b>.

Give an enemy creature -2A,-2H for each <b>Minion</b> you have in play.";;;"You may play a Zombie Brute <b>Minion</b>.

Give an enemy creature -2A,-2H for each <b>Minion</b> you have in play.";;;"You may play a Zombie Brute <b>Minion</b>.

Give an enemy creature -5A,-5H for each <b>Minion</b> you have in play.";0;0;0;0;0;0;0;0;0;0;0;0;0;0;0;0;0;0;0;0;0;0;0;0;0;0;0;0;0;1;0;1;1;0;1;0;0;0;0;0;0;0;0;0;0;0;0;0;0;0;0;0;0;0;0;0;0;0;0;1;0;0;0;0;0;0;0;0;0;0;0;0;0;0;1;0;0;0;0;0;0;0;0;0;0;0;0;0;0;0;0;0;0;0;0;0;0;0;0;1;0;0;0
blight-witch;Blight Witch;Nekrium;RXRX;Creature;Zombie Mage;FALSE;;3;6;<b>Activate:</b> Destroy another one of your creatures to play a [l1] spell for <b>Free</b>.;5;8;<b>Activate:</b> Destroy another one of your creatures to play a spell for <b>Free</b>.;7;12;<b>Activate:</b> Destroy another one of your creatures to play any number of spells for <b>Free</b>.;0;0;0;0;0;0;0;0;0;0;1;0;0;0;0;0;0;0;0;0;0;0;0;0;0;0;0;0;0;1;0;0;0;0.9;0;0;0;0;0;0;0;0;0;0;0;0;0;1;0;1;0;0;0;0;0;0;0;0;0;0;0;0;0;0;0;0;0;0;0;0;0;0;0;0;0;0;0;0;0;0;1;0;0;0;0;0;0;0;0;0;0;0;0;0;0;0;0;0;0;1;0;0;0
blizzard-shaman;Blizzard Shaman;Tempys;RXRX;Creature;Mage;FALSE;;3;4;<b>Activate:</b> Deal 2 damage to all creatures.;5;8;<b>Activate:</b> Deal 4 damage to all creatures.;8;12;<b>Activate:</b> Deal 6 damage to all creatures.;0;0;0;0;0;0;0;0;0;0;1;0;0;0;0;0;0;0;0;0;0;0;0;0;0;0;0;0;0;0;0;0;0;0;0;0;0;0;0;0;0;0;0;0;0;0;0;1;0;0;0;0;0;0;0;0;0;0;0;1;0;0;0;0;0;0;0;0;0;0;0;0;0;0;0;0;0;0;0;0;0;0;0;1;0;0;0;0;0;0;0;0;0;0;0;0;0;0;0;0;0;0;0
caller;Caller;Tempys;RXRX;Creature;Mage;TRUE;;3;2;<b>Activate:</b> Move another one of your creatures to any lane.;6;3;<b>Activate:</b> Move another one of your creatures to any lane.;8;5;<b>Activate:</b> Move another one of your creatures to any lane.;0;0;0;0;0;0;0;0;0;0;1;0;0;0;0;0;0;0;0;0;0;0;0;0;0;0;0;0;0;0;0;0;0;0;0;0;0;0;0;0;1;0;0;0;0;0;0;1;0;0;0;0;0;0;0;0;0;0;0;0;0;0;0;0;0;0;0;0;0;0;0;0;0;0;0;0;0;0;0;0;0;0;0;0;0;0;0;0;0;0;0;0;0;0;0;0;0;0;0;0;0;0;0
creeper;Creeper;Nekrium;RXRX;Creature;Beast;TRUE;;2;4;<b>Deploy:</b> Deal 5 damage to an enemy player unless they destroy one of their creatures.;3;5;<b>Deploy:</b> Deal 6 damage to an enemy player unless they destroy one of their creatures.;4;6;<b>Deploy:</b> Deal 7 damage to an enemy player unless they destroy one of their creatures.;1;0;0;0;0;0;0;0;0;0;0;0;0;0;0;0;0;0;0;0;0;0;0;0;0;0;0;0;0;0;0;0;0;0;0;0;0;0;0;0;0;0;0;0;0;0;0;0;0;0;0;0;0;1;1;0;0;0;0;0;0;0;0;0;0;0;0;0;0;0;0;0;0;0;0;0;0;0;0;0;0;0;0;0;0;0;0;0;0;0;1;0;0;0;0;0;0;0;0;0;0;0;0
everflow-eidolon;Everflow Eidolon;Uterra;RXRX;Creature;Spirit;FALSE;;2;5;"2D, <b>Defender</b>

<b>Activate:</b> Give your other creatures in the back row +2A.";4;8;"3D, <b>Defender</b>

<b>Activate:</b> Give your other creatures in the back row +3A.";5;10;"5D, <b>Defender</b>

<b>Activate:</b> Give your other creatures in the back row +5A.";0;0;0;0;0;0;0;0;0;0;0;0;0;0;0;0;0;0;0;0;0;1;0;1;0;0;0;0;0;0;0;0;0;0;0;0;0;0;0;0;0;0;0;1;0;0;0;1;0;0;0;0;0;0;0;0;0;0;0;0;0;0;0;0;1;1;0;0;0;0;1;0;1;0;0;0;0;0;0;0;0;0;0;0;0;0;0;0;0;0;0;0;0;0;0;0;0;0;0;0;0;0;0
featherfang;Featherfang;Uterra;RXRX;Creature;Dinosaur;TRUE;;2;4;At the end of turn, if this has decreased H, give this +3A.;2;6;At the end of turn, if this has decreased H, give this +5A.;4;8;At the end of turn, if this has decreased H, give this +8A.;0;0;0;0;1;0;0;0;0;0;0;0;0;0;0;0;0;0;0;0;0;0;0;0;0;0;0;0;0;0;0;0;0;0;0;0;0;0;0;0;0;0;0;0;0;0;0;0;0;0;0;0;0;0;0;0;0;0;0;0;0;0;0;0;0;0;0;0;0;0;0;0;1;0;0;0;0;0;0;0;0;0;1;0;0;0;0;0;0;0;0;0;0;0;0;0;0;0;0;0;0;0;0
flamebreak-invoker;Flamebreak Invoker;Tempys;RXRX;Creature;Mage Warrior;FALSE;;3;6;"<b>Aggressive</b>

<b>Activate:</b> Give your other [l1] creatures <b>Aggressive</b> this turn.";4;10;"<b>Aggressive</b>

<b>Activate:</b> Give your other [l1] and [l2] creatures <b>Aggressive</b> this turn.";7;12;"<b>Aggressive</b>

<b>Activate:</b> Give your other creatures +2A. This turn, they get <b>Aggressive</b>.";0;0;0;0;0;0;0;0;0;0;1;0;0;0;0;0;0;0;0;0;0;0;0;0;0;1;0;0;0;0;0;0;0;0;0;0;0;0;0;0;0;0;0;0;0;0;0;1;0;0;0;0;0;0;0;0;0;0;0;0;0;0;1;1;0;0;0;0;0;0;0.3;0;0.3;0;0;0;0;0;0;0;0;0;0;0;0;0;0;0;0;0;0;0;0;0;0;0;0;0;0;0;0;0;0
palladium-pulsemage;Palladium Pulsemage;Alloyin;RXRX;Creature;Mage;FALSE;;2;5;<b>Activate:</b> Each player destroys their lowest A creature.;3;8;<b>Activate:</b> Each player destroys their lowest A creature.;5;12;<b>Activate:</b> Each enemy player destroys their lowest A creature.;0;0;0;0;0;0;0;0;0;0;1;0;0;0;0;0;0;0;0;0;0;0;0;0;0;0;0;0;0;0;0;0;0;0;0;0;0;0;0;0;0;0;0;0;0;0;0;1;0;0;0;0;0;0;0;0;0;0;0;1;0;0;0;0;0;0;0;0;0;0;0;0;0;0;0;0;0;0;0;0;0.9;0;0;0;0;0;0;0;0;0;0;0;0;0;0;0;0;0;0;1;0;0;0
relentless-wanderers;Relentless Wanderers;Uterra;RXRX;Creature;Spirit Warrior;FALSE;;2;5;"<b>Defender</b>

<b>Activate:</b> Play a Wisp <b>Minion</b>.";4;6;"<b>Defender</b>

<b>Activate:</b> Play a Wisp <b>Minion</b>.

At the end of each deck cycle, you may play an Oakfather <b>Minion</b>.";6;7;"<b>Defender</b>

<b>Activate:</b> Play an Oakfather <b>Minion</b>.";0;0;0;0;0;0;0;0;0;0;0;0;0;0;0.7;0;0;0;0;0;0;1;0;1;0;1;0;0;0;0;0;1;0;0;0;0;0;0;0;0;0;0;0;0;0;0;0;1;0;0;0;0;0;0;0;0;0;0;0;0;0.7;0;0;0;1;0;0;0;0;0;0;0;0;0;0;0;0;0;0;0;0;0;0;0;0;0;0;0;0;0;0;0;0;0;0;0;0;0;0;0;0;0;0
scrapper;Scrapper;Alloyin;RXRX;Creature;Robot;TRUE;;2;4;When a creature replaces this, give it +5A.;4;7;When a creature replaces this, give it +7A.;6;9;When a creature replaces this, give it +8A.;0;0;0;0;0;0;0;0;0;0;0;0;0;0;0;0;1;0;1;0;0;0;0;0;0;0;0;0;0;0;0;0;0;0;0;1;0;0;0;0;0;0;0;0;0;0;0;0;0;0;0;0;0;0;0;0;0;0;0;0;0;0;0;0;0;0;0;0;0;0;1;0;1;0;0;0;0;0;0;0;0;0;0;0;0;0;0;0;0;0;0;0;0;0;0;0;0;0;0;0;0;0;0
spirit-reaver;Spirit Reaver;Nekrium;RXRX;Creature;Warrior Beast;FALSE;;3;5;<b>Activate:</b> Choose a creature type. Give each creature of that type -1H.;5;8;<b>Activate:</b> Choose a creature type. Give each creature of that type -2H.;7;11;<b>Activate:</b> Choose a creature type. Give each creature of that type -3H.;1;0;0;0;0;0;0;0;0;0;0;0;0;0;0;0;0;0;0;0;0;0;0;0;0;1;0;0;0;0;0;0;0;0;0;0;0;0;0;0;0;0;0;0;0;0;0;1;0;0;0;0;0;0;0;0;0;0;0;1;0;0;0;0;0;0;0;0;0;0;0;0;0;0;0;0;0;1;0;0;0;0;0;0;0;0;0;0;0;0;0;0;0;0;0;0;0;0;0;0;0;0;0
summoner;Summoner;Nekrium;RXRX;Creature;Mage;TRUE;;0;6;"<b>Defender</b>

<b>Activate:</b> If you played a spell this turn, play a Mindless Zombie <b>Minion</b>.";0;8;"<b>Defender</b>

<b>Activate:</b> If you played a spell this turn, play a Mindless Zombie <b>Minion</b>.";0;12;"<b>Defender</b>

<b>Activate:</b> If you played a spell this turn, play a Zombie Brute <b>Minion</b>.";0;0;0;0;0;0;0;0;0;0;1;0;0;0;0;0;0;0;0;0;0;0;0;0;0;0;0;0;0;1;0;1;0;1;0;0;0;0;0;0;0;0;0;0;0;0;0;1;0;0;0;0;0;0;0;0;0;0;0;0;0;0;0;0;1;0;0;0;0;0;0;0;0;0;0;0;0;0;0;0;0;0;0;0;0;0;0;0;0;0;0;0;0;0;0;0;0;0;0;0;0;0;0
inflaming;Inflaming;Tempys;RXRX;Modifier;;TRUE;;0;1;<b>Deploy:</b> Give creatures adjacent to this +2A.;1;1;<b>Deploy:</b> Give creatures adjacent to this +4A.;2;3;<b>Deploy:</b> Give creatures adjacent to this +6A.;0;0;0;0;0;0;0;0;0;0;0;0;0;0;0;0;0;0;0;0;0;0;0;0;0;0;0;0;0;0;0;0;0;0;0;0;0;0;0;0;0;0;0;0;0;0;0;0;0;0;0;0;0;0;0;0;0;0;0;0;0;0;0;0;0;0;0;0;0;0;0;0;1;0;0;0;0;0;0;0;0;0;0;0;0;0;0;0;0;0;1;0;1;0;0;0;0;0;0;0;0;0;0
reckless;Reckless;Tempys;RXRX;Modifier;;TRUE;;4;1;"<b>Breakthrough</b>

<b>Deploy:</b> Deal 3 damage to one of your creatures.";6;2;"<b>Breakthrough</b>

<b>Deploy:</b> Deal 5 damage to one of your creatures.";9;3;"<b>Breakthrough</b>

<b>Deploy:</b> Deal 7 damage to one of your creatures.";0;0;0;0;0;0;0;0;0;0;0;0;0;0;0;0;0;0;0;0;0;0;0;0;0;0;0;0;0;0;0;0;0;0;0;0;0;0;0;0;0;0;0;0;0;0;0;0;0;0;0;0;0;0;0;0;0;0;0;0;1;0;0;0;0;0;0;0;0;0;0;0;0;0;0;0;0;0;0;0;0;0;0;1;0;0;0;0;0;0;1;0;0;0;0;0;0;0;0;0;0;0;0
regenerating;Regenerating;Uterra;RXRX;Modifier;;TRUE;;0;3;At the end of turn, if this has decreased H, give it +1H.;0;3;At the end of turn, if this has decreased H, give it +3H.;1;5;At the end of turn, if this has decreased H, give it +5H.;0;0;0;0;0;0;0;0;0;0;0;0;0;0;0;0;0;0;0;0;0;0;0;0;0;0;0;0;0;0;0;0;0;0;0;0;0;0;0;0;0;0;0;0;0;0;0;0;0;0;0;0;0;0;0;0;0;0;0;0;0;0;0;0;0;0;0;0;0;0;0;0;0;0;0;0;0;0;0;0;0;0;1;0;0;0;0;0;0;0;0;0;0;0;0;0;0;0;0;0;0;0;0
shambling;Shambling;Nekrium;RXRX;Modifier;;TRUE;;-1;2;When one of your creatures is destroyed, deal 1 damage to a player. You gain 1H.;-1;3;When one of your creatures is destroyed, deal 2 damage to a player. You gain 2H.;1;5;When one of your creatures is destroyed, deal 3 damage to a player. You gain 3H.;0;0;0;0;0;0;0;0;0;0;0;0;0;0;0;0;0;0;0;0;0;0;0;0;0;0;0;0;0;0;0;0;0;0;0;0;0;1;0;0;0;0;0;0;0;0;0;0;0;0;0;0;0;1;1;0;0;0;0;0;0;0;0;0;0;0;0;0;0;0;0;0;0;0;0;0;0;0;0;1;0;0;1;0;0;0;0;0;0;0;0;0;0;0;0;0;0;0;0;1;0;0;0
sparking;Sparking;Tempys;RXRX;Modifier;;TRUE;;0;1;<b>Deploy:</b> Deal 1 damage to all other creatures.;2;2;<b>Deploy:</b> Deal 2 damage to all other creatures.;3;3;<b>Deploy:</b> Deal 5 damage to all other creatures.;0;0;0;0;0;0;0;0;0;0;0;0;0;0;0;0;0;0;0;0;0;0;0;0;0;0;0;0;0;0;0;0;0;0;0;0;0;0;0;0;0;0;0;0;0;0;0;0;0;0;0;0;0;0;0;0;0;0;0;1;0;0;0;0;0;0;0;0;0;0;0;0;0;0;0;0;0;0;0;0;0;0;0;1;0;0;0;0;0;0;1;0;0;0;0;0;0;0;0;0;0;0;0
suppressing;Suppressing;Alloyin;RXRX;Modifier;;TRUE;;1;0;<b>Deploy:</b> You may destroy a creature with 3A or less.;2;0;<b>Deploy:</b> You may destroy a creature with 5A or less.;3;0;<b>Deploy:</b> You may destroy a creature with 8A or less.;0;0;0;0;0;0;0;0;0;0;0;0;0;0;0;0;0;0;0;0;0;0;0;0;0;0;0;0;0;0;0;0;0;0;0;0;0;0;0;0;0;0;0;0;0;0;0;0;0;0;0;0;0;0;0;0;0;0;0;1;0;0;0;0;0;0;0;0;0;0;0;0;0;0;0;0;1;0;0;0;0;0;0;0;0;0;0;0;0;0;1;0;0;0;0;0;0;0;0;1;0;0;0
cercees-call;Cercee's Call;Nekrium;RXRX;Spell;;FALSE;;;;You may play a Mindless Zombie <b>Minion</b> for each spell played this turn, including this one.;;;You may play a Zombie Brute <b>Minion</b> for each spell played this turn, including this one.;;;"You may play a Zombie Brute <b>Minion</b> for each spell played this turn, including this one.

This is <b>Free</b>.";0;0;0;0;0;0;0;0;0;0;0;0;0;0;0;0;0;0;0;0;0;0;0;0;0;0;0;0;0;1;0;1;0;1;1;0;0;0;0;0;0;0;0;0;0;0;0;0;0;0.3;0;0;0;0;0;0;0;0;0;0;0;0;0;0;0;0;0;0;0;0;0;0;0;0;0;0;0;0;0;0;0;0;0;0;0;0;0;0;0;0;0;0;0;0;0;0;0;0;0;1;0;0;0
dendrify;Dendrify;Uterra;RXRX;Spell;;FALSE;;;;Replace a [l1] creature with an Oakfather <b>Minion</b>.;;;Replace a creature with an Oakfather <b>Minion</b>.;;;Replace up to two creatures with Oakfather <b>Minions</b>.;0;0;0;0;0;0;0;0;0;0;0;0;0;0;1;0;0;0;0;0;0;1;0;0;0;0;0;0;0;0;0;1;0;0;1;0;0;0;0;0;0;0;0;0;0;0;0;0;0;0;0;0;0;0;0;0;0;0;0;0;1;0;0;0;0;0;0;0;0;0;0;0;0;0;0;0;0;0;0;0;0;0;0;0;0;0;0;0;0;0;0;0;0;0;0;0;0;0;0;0;0;0;0
lucid-echoes;Lucid Echoes;Alloyin;RXRX;Spell;;FALSE;;;;"<b>Upgrade</b> a card in your hand, then discard it.

You may choose a creature. Deal 1 damage to it for each [l2] and [l3] card in your discard pile. (This effect happens before this is banished.)";;;"<b>Upgrade</b> up to two cards in your hand, then discard them.

You may choose a creature. Deal 2 damage to it for each [l2] and [l3] card in your discard pile. (This effect happens before this is banished.)";;;"<b>Upgrade</b> a card in your hand.

Deal 20 damage to a creature.";0;0;0;0;0;0;0;0;0;0;0;0;0;0;0;0;0;0;0;0;0;0;0;0;0;0;0;0;0;0;0;0;0;0;1;0;0;0;0;0;0;0;0;0;0;0;0;0;0;0;0;1;0;0;0;0;0;0;0;1;0;0;0;0;0;0;0;0;0;0;0;0;0;0;0;0;0;0;0;0;0;0;0;0;0;0;0;0;0;0;0;0;0;0;0;0;0;0;0;0;0;0;0
metasight;Metasight;Alloyin;RXRX;Spell;;FALSE;;;;Give up to two enemy creatures -3A. You may swap them.;;;Give up to two enemy creatures -5A. You may swap them.;;;Give up to two enemy creatures -8A. You may swap them.;0;0;0;0;0;0;0;0;0;0;0;0;0;0;0;0;0;0;0;0;0;0;0;0;0;0;0;0;0;0;0;0;0;0;1;0;0;0;0;0;0;1;0;0;0;0;0;0;0;0;0;0;0;0;0;0;0;0;0;0;0;0;0;0;0;0;0;0;0;0;0;0;0;0;0;1;0;0;0;0;0;0;0;0;0;0;0;0;0;0;0;0;0;0;0;0;0;0;0;0;0;0;0
sonic-burst;Sonic Burst;Alloyin;RXRX;Spell;;FALSE;;;;Destroy all enemy creatures with 3A or less.;;;Destroy all enemy creatures with 5A or less.;;;Destroy all enemy creatures with 8A or less.;0;0;0;0;0;0;0;0;0;0;0;0;0;0;0;0;0;0;0;0;0;0;0;0;0;0;0;0;0;0;0;0;0;0;1;0;0;0;0;0;0;0;0;0;0;0;0;0;0;0;0;0;0;0;0;0;0;0;0;1;0;0;0;0;0;0;0;0;0;0;0;0;0;0;0;0;1;0;0;0;0;0;0;0;0;0;0;0;0;0;0;0;0;0;0;0;0;0;0;1;0;0;0
drix;Drix;Alloyin;RXXX;Creature;Metamind Scientist;FALSE;;1;4;<b>Activate:</b> Play a Gizmo <b>Minion</b>.;2;8;"<b>Activate:</b> Play a Gizmo <b>Minion</b>.

When another one of your creatures replaces a creature, give it +2A,+2H.";4;10;"<b>Activate:</b> Play a Mega Gizmo <b>Minion</b>.

When another one of your creatures replaces a creature, give it +4A,+4H.";0;0;0;0;0;0;0;0;0;0;0;0;1;0;0;0;1;0;0;1;0;0;0;0;0;0;0;0;0;0;0;1;0;0;0;1;0.7;0;0;0;0;0;0;0;0;0;0;1;0;0;0;0;0;0;0;0;0;0;0;0;0;0;0;0;0;0;0;0;0;1;0;0;1;0;0;0;0;0;0;0;0;0;0;0;0;0;0;0;0;0;0;0;0;0;0;0;0;0;0;1;0;0;0
epoch-hawk;Epoch Hawk;Alloyin;RXXX;Creature;Mech;FALSE;;4;6;<b>Activate:</b> This swaps lanes with another one of your creatures.;6;10;<b>Activate:</b> This swaps lanes with another one of your creatures.;8;14;<b>Activate:</b> This swaps lanes with another one of your creatures.;0;0;0;0;0;0;0;0;0;0;0;0;0;0;0;0;0;0;0;0;0;0;0;0;0;0;0;0;0;0;0;0;0;0;0;0;0;0;0;0;1;0;0;0;0;0;0;1;0;0;0;0;0;0;0;0;0;0;0;0;0;0;0;0;0;0;0;0;0;0;0;0;0;0;0;0;0;0;0;0;0;0;0;0;0;0;0;0;0;0;0;0;0;0;0;0;0;0;0;0;0;0;0
flameshaper-savant;Flameshaper Savant;Tempys;RXXX;Creature;Mage;FALSE;;4;3;When you play a [l1] card, deal 1 damage to a creature or player.;;;When you play a [l1] card, deal 3 damage to a creature or player.;;;When you play a [l1] card, deal 5 damage to a creature or player.;0;0;0;0;0;0;0;0;0;0;1;0;0;0;0;0;0;0;0;0;0;0;0;0;0;0;0;0;0;0;0;0;0;0;0;0;0;0;0;0;0;0;0;0;0;0;0;0;0;0;0;0;0;1;1;0;0;0;0;1;0;0;0;0;0;0;0;0;0;0;0;0;0;0;0;0;0;0;0;0;0;0;0;0;0;0;0;0;0;0;0;0;0;0;0;0;0;0;0;0;0;0;0
harvester;Harvester;Nekrium;RXXX;Creature;Zombie Scientist;TRUE;;1;3;When one of your Scientists is destroyed, play a Mindless Zombie <b>Minion</b> in its lane.;1;4;When one of your Scientists is destroyed, play a Mindless Zombie <b>Minion</b> in its lane.;2;6;When one of your Scientists is destroyed, play a Zombie Brute <b>Minion</b> in its lane.;0;0;0;0;0;0;0;0;0;0;0;0;0;0;0;0;0;0;0;1;1;0;0;0;0;0;0;0;0;1;0;1;0;0;0;0;0;0;0;0;0;0;0;0;0;0;0;0;0;0;0;0;0;0;0;0;0;0;0;0;0;0;0;0;0;0;0;0;0;0;0;0;0;0;0;0;0;0;0;1;0;0;1;0;0;0;0;0;0;0;0;0;0;0;0;0;0;0;0;0;0;0;0
mantis;Mantis;Uterra;RXXX;Creature;Beast;TRUE;;0;1;"<b>Deploy:</b> This turn, this gets ""<b>Activate:</b> Use your Forgeborn's [l2] ability.""";0;1;"<b>Deploy:</b> This turn, this gets ""<b>Activate:</b> Use your Forgeborn's [l3] ability.""";0;1;"<b>Deploy:</b> This turn, this gets ""<b>Activate:</b> Use your Forgeborn's [l4] ability.""";1;0;0;0;0;0;0;0;0;0;0;0;0;0;0;0;0;0;0;0;0;0;0;0;0;0;0;0;0;0;0;0;0;0;0;0;0;0;0;0;0;0;0;0;0;0;0;1;0;0;0;0;0;0;0;0;0;0;0;0;0;0;0;0;0;0;0;0;0;0;0;0;0;0;0;0;0;0;0;0;0;0;0;0;0;0;0;0;0;0;1;0;0;0;0;0;0;0;0;1;0;1;0
matriarch;Matriarch;Uterra;RXXX;Creature;Dinosaur;TRUE;;3;4;<b>Deploy:</b> If the enemy player has fewer than three cards in hand, give this +2A,+2H.;4;6;<b>Deploy:</b> If the enemy player has fewer than three cards in hand, give this +4A,+4H.;5;8;<b>Deploy:</b> If the enemy player has fewer than three cards in hand, give this +6A,+6H.;0;0;0;0;1;0;0;0;0;0;0;0;0;0;0;0;0;0;0;0;0;0;0;0;0;0;0;0;0;0;0;0;0;0;0;0;0;0;0;0;0;0;0;0;0;0;0;0;0;0;0;0;0;0;0;0;0;0;0;0;0;0;0;0;0;0;0;0;0;0;0;0;1;0;0;0;0;0;0;0;0;0;0;0;0;0;0;0;0;0;1;0;0;0;0;0;0;0;0;0;0;0;0
operator;Operator;Alloyin;RXXX;Creature;Scientist;TRUE;;1;3;When one of your Scientists is destroyed, play a Gizmo <b>Minion</b> in its lane.;1;5;When one of your Scientists is destroyed, play a Gizmo <b>Minion</b> in its lane.;1;6;When one of your Scientists is destroyed, play a Mega Gizmo <b>Minion</b> in its lane.;0;0;0;0;0;0;0;0;0;0;0;0;0;0;0;0;1;0;0;1;1;0;0;0;0;0;0;0;0;0;0;1;0;0;0;1;0;0;0;0;0;0;0;0;0;0;0;0;0;0;0;0;0;0;0;0;0;0;0;0;0;0;0;0;0;0;0;0;0;1;0;0;1;0;0;0;0;0;0;1;0;0;1;0;0;0;0;0;0;0;0;0;0;0;0;0;0;0;0;0;0;0;0
reinforcements;Reinforcements;Alloyin;RXXX;Creature;Warrior;TRUE;;1;3;<b>Deploy:</b> Give creatures adjacent to this +3H.;4;4;<b>Deploy:</b> Give creatures adjacent to this +4H.;5;6;<b>Deploy:</b> Give creatures adjacent to this +5H.;0;0;0;0;0;0;0;0;0;0;0;0;0;0;0;0;0;0;0;0;0;0;0;0;0;1;0;0;0;0;0;0;0;0;0;0;0;0;0;0;0;0;0;0;0;0;0;0;0;0;0;0;0;0;0;0;0;0;0;0;0;0;0;0;0;0;0;0;0;0;0;1;0;0;0;0;0;0;0;0;0;0;0;0;0;0;0;0;0;0;1;0;1;0;0;0;0;0;0;0;0;0;0
rex;Rex;Uterra;RXXX;Creature;Dinosaur;TRUE;;2;3;When another one of your Dinosaurs comes into play, you may have it <b>Battle</b> an enemy creature.;2;5;When another one of your Dinosaurs comes into play give it +2A,+2H. You may have it <b>Battle</b> an enemy creature.;2;7;When another one of your Dinosaurs comes into play give it +5A,+5H. You may have it <b>Battle</b> an enemy creature.;0;0;0;0;1;1;0;0;0;0;0;0;0;0;0;0;0;0;0;0;0;0;0;0;0;0;0;0;0;0;0;0;0;0;0;0;0;0;0;0;0;0;0;0;0;0;0;0;0;0;0;0;0;0;0;0;0;0;0;1;0;0;0;0;0;0;0;0;0;0.7;0;0;0.7;0;0;0;0;0;0;0;0;0;0;0;0;0;0;0;0;0;0;0;0;0;0;0;0;0;0;0;0;0;0
spellknight;Spellknight;Tempys;RXXX;Creature;Warrior Mage;TRUE;;1;5;<b>Activate:</b> If you played a spell this turn, give this +2A.;1;8;<b>Activate:</b> If you played a spell this turn, give this +3A.;1;10;<b>Activate:</b> If you played a spell this turn, give this +5A.;0;0;0;0;0;0;0;0;0;0;1;0;0;0;0;0;0;0;0;0;0;0;0;0;0;1;0;0;0;0;0;0;0;1;0;0;0;0;0;0;0;0;0;0;0;0;0;1;0;0;0;0;0;0;0;0;0;0;0;0;0;0;0;0;0;0;0;0;0;0;0;0;1;0;0;0;0;0;0;0;0;0;0;0;0;0;0;0;0;0;0;0;0;0;0;0;0;0;0;0;0;0;0
wrecks;Wrecks;Tempys;RXXX;Creature;Dinosaur;TRUE;;3;2;"<b>Aggressive</b>, <b>Breakthrough</b>

<b>Activate:</b> This turn, give your other Dinosaurs <b>Aggressive</b>.";8;6;"<b>Aggressive</b>, <b>Breakthrough</b>

<b>Activate:</b> This turn, give your other Dinosaurs <b>Breakthrough</b>.";7;3;"<b>Aggressive</b>, <b>Breakthrough</b>

<b>Activate:</b> This turn, give your other Dinosaurs <b>Aggressive</b> and <b>Breakthrough</b>.";0;0;0;0;1;1;0;0;0;0;0;0;0;0;0;0;0;0;0;0;0;0;0;0;0;0;0;0;0;0;0;0;0;0;0;0;0;0;0;0;0;0;0;0;0;0;0;1;0;0;0;0;0;0;0;0;0;0;0;0;1;0.7;1;0.8;0;0;0;0;0;0;0;0;0;0;0;0;0;0;0;0;0;0;0;0;0;0;0;0;0;0;0;0;0;0;0;0;0;0;0;0;0;0;0
yeti-warcaller;Yeti Warcaller;Tempys;RXXX;Creature;Yeti;FALSE;;4;7;<b>Activate:</b> If a creature changed lanes this turn, deal 3 damage to a creature or player.;7;9;<b>Activate:</b> If a creature changed lanes this turn, deal 4 damage to a creature or player.;9;15;<b>Activate:</b> If a creature changed lanes this turn, deal 5 damage to a creature or player.;0;0;0;0;0;0;0;0;0;0;0;0;0;0;0;0;0;0;0;0;0;0;0;0;0;0;0;1;0;0;0;0;0;0;0;0;0;0;0;0;0;0;1;0;0;0;0;1;0;0;0;0;0;1;1;0;0;0;0;1;0;0;0;0;0;0;0;0;0;0;0;0;0;0;0;0;0;0;0;0;0;0;0;0;0;0;0;0;0;0;0;0;0;0;0;0;0;0;0;0;0;0;0
assailing;Assailing;Tempys;RXXX;Modifier;;TRUE;;1;1;<b>Deploy:</b> If this is unopposed, deal 3 damage to the enemy player.;1;2;<b>Deploy:</b> If this is unopposed, deal 5 damage to the enemy player.;3;4;<b>Deploy:</b> If this is unopposed, deal 7 damage to the enemy player.;0;0;0;0;0;0;0;0;0;0;0;0;0;0;0;0;0;0;0;0;0;0;0;0;0;0;0;0;0;0;0;0;0;0;0;0;0;0;0;0;0;0;0;0;0;0;0;0;0;0;0;0;0;1;1;0;0;0;0;0;0;0;0;0;0;0;0;0;0;0;0;0;0;0;0;0;0;0;0;0;0;0;0;0;0;0;0;0;0;0;1;0;0;0;0;0;0;0;0;0;0;0;0
cutthroat;Cutthroat;Nekrium;RXXX;Modifier;;TRUE;;0;0;<b>Deploy:</b> You may destroy another one of your creatures to destroy a creature of the same <b>Level</b>.;0;0;<b>Deploy:</b> You may destroy another one of your creatures to destroy a creature of the same <b>Level</b>.;0;0;<b>Deploy:</b> You may destroy another one of your creatures to destroy a creature of the same <b>Level</b>.;0;0;0;0;0;0;0;0;0;0;0;0;0;0;0;0;0;0;0;0;0;0;0;0;0;0;0;0;0;0;0;0;0;0;0;0;0;0;0;0;0;0;0;0;0;0;0;0;0;0;0;0;0;0;0;0;0;0;0;1;0;0;0;0;0;0;0;0;0;0;0;0;0;0;0;0;0;0;0;0;1;0;0;0;0;0;0;0;0;0;1;0;0;0;0;0;0;0;0;0;0;0;0
rallying;Rallying;Alloyin;RXXX;Modifier;;TRUE;;0;0;<b>Deploy:</b> If this replaced a creature, give your creatures +2A,+2H.;1;1;<b>Deploy:</b> If this replaced a creature, give your creatures +3A,+3H.;2;2;<b>Deploy:</b> If this replaced a creature, give your creatures +4A,+4H.;0;0;0;0;0;0;0;0;0;0;0;0;0;0;0;0;0;0;0;0;0;0;0;0;0;0;0;0;0;0;0;0;0;0;0;0;1;0;0;0;0;0;0;0;0;0;0;0;0;0;0;0;0;0;0;0;0;0;0;0;0;0;0;0;0;0;0;0;0;1;0;0;1;0;0;0;0;0;0;0;0;0;0;0;0;0;0;0;0;0;1;0;0;0;0;0;0;0;0;1;0;0;0
reinforced;Reinforced;Alloyin;RXXX;Modifier;;TRUE;;0;2;When this is destroyed, give one of your creatures +3H.;1;3;When this is destroyed, give one of your creatures +5H.;3;5;When this is destroyed, give one of your creatures +8H.;0;0;0;0;0;0;0;0;0;0;0;0;0;0;0;0;0;0;0;0;0;0;0;0;0;0;0;0;0;0;0;0;0;0;0;0;0;0;0;0;0;0;0;0;0;0;0;0;0;0;0;0;0;0;0;0;0;0;0;0;0;0;0;0;0;0;0;0;0;0;0;1;0;0;0;0;0;0;1;0;0;0;1;0;0;0;0;0;0;0;0;0;0;0;0;0;0;0;0;0;0;0;0
rooted;Rooted;Uterra;RXXX;Modifier;;TRUE;;2;4;"<b>Defender</b>

When you gain H, this loses <b>Defender</b> and gets <b>Aggressive</b> this turn.";4;5;"<b>Defender</b>

When you gain H, this loses <b>Defender</b> and gets <b>Aggressive</b> this turn.";7;8;"<b>Defender</b>

When you gain H, this loses <b>Defender</b> and gets <b>Aggressive</b> this turn.";0;0;0;0;0;0;0;0;0;0;0;0;0;0;0;0;0;0;0;0;0;0;0;0;0;0;0;0;0;0;0;0;0;0;0;0;0;0;1;0;0;0;0;0;0;0;0;0;0;0;0;0;0;0;0;0;0;0;0;0;0;0;0;1;1;0;0;0;0;0;0;0;0;0;0;0;0;0;0;0;0;0;0;0;0;0;0;0;0;0;0;0;0;0;0;0;0;0;0;0;0;0;0
sated;Sated;Uterra;RXXX;Modifier;;TRUE;;1;2;<b>Deploy:</b> If you have more than 50H, give this +5A.;0;2;<b>Deploy:</b> If you have more than 40H, give this +7A.;0;1;"<b>Breakthrough</b>

<b>Deploy:</b> If you have more than 30H, give this +15A.";0;0;0;0;0;0;0;0;0;0;0;0;0;0;0;0;0;0;0;0;0;0;0;0;0;0;0;0;0;0;0;0;0;0;0;0;0;0;0;1;0;0;0;0;0;0;0;0;0;0;0;0;0;0;0;0;0;0;0;0;0.3;0;0;0;0;0;0;0;0;0;0;0;1;0;0;0;0;0;0;0;0;0;0;0;0;0;0;0;0;0;1;0;0;0;0;0;0;0;0;0;0;0;0
tormenting;Tormenting;Nekrium;RXXX;Modifier;;TRUE;;0;1;<b>Deploy:</b> Destroy an enemy <b>Minion</b>.;1;2;<b>Deploy:</b> Destroy an enemy <b>Minion</b>.;3;4;<b>Deploy:</b> Destroy an enemy <b>Minion</b>.;0;0;0;0;0;0;0;0;0;0;0;0;0;0;0;0;0;0;0;0;0;0;0;0;0;0;0;0;0;0;0;0;0;0;0;0;0;0;0;0;0;0;0;0;0;0;0;0;0;0;0;0;0;0;0;0;0;0;0;1;0;0;0;0;0;0;0;0;0;0;0;0;0;0;0;0;0;0;0;0;0;0;0;0;0;0;0;0;0;0;1;0;0;0;0;0;0;0;0;1;0;0;0
unstable;Unstable;Tempys;RXXX;Modifier;;TRUE;;0;1;When this loses H, deal 1 damage to each enemy creature.;0;1;When this loses H, deal 2 damage to each enemy creature.;1;2;When this loses H, deal 3 damage to each enemy creature.;0;0;0;0;0;0;0;0;0;0;0;0;0;0;0;0;0;0;0;0;0;0;0;0;0;0;0;0;0;0;0;0;0;0;0;0;0;0;0;0;0;0;0;0;0;0;0;0;0;0;0;0;0;0;0;0;0;0;0;1;0;0;0;0;0;0;0;0;0;0;0;0;0;0;0;0;0;0;0;0;0;0;1;0;0;0;0;0;0;0;0;0;0;0;0;0;0;0;0;0;0;0;0
chant-of-umbruk;Chant of Umbruk;Tempys;RXXX;Spell;;FALSE;;;;"Give your creatures +3A.

If you have Dinosaur in play, give one of your creatures <b>Breakthrough</b> this turn.";;;"Give your creatures +5A.

If you have a Dinosaur in play, give up to two of your creatures <b>Breakthrough</b> this turn.";;;"Give your creatures +7A.

If you have a Dinosaur in play, give all of your creatures <b>Breakthrough</b> this turn.";0;0;0;0;0;1;0;0;0;0;0;0;0;0;0;0;0;0;0;0;0;0;0;0;0;0;0;0;0;0;0;0;0;0;1;0;0;0;0;0;0;0;0;0;0;0;0;0;0;0;0;0;0;0;0;0;0;0;0;0;0;1;0;0;0;0;0;0;0;0;1;0;1;0;0;0;0;0;0;0;0;0;0;0;0;0;0;0;0;0;0;0;0;0;0;0;0;0;0;0;0;0;0
cypien-augmentation;Cypien Augmentation;Alloyin;RXXX;Spell;;FALSE;;;;"Give your creatures 4D this turn.

If you have a Mage in play, deal 2 damage to all enemy creatures.";;;"Give your creatures 6D this turn.

If you have a Mage in play, deal 3 damage to all enemy creatures.";;;"Give your creatures 10D this turn.

If you have a Mage in play, deal 5 damage to all enemy creatures.";0;0;0;0;0;0;0;0;0;0;0;1;0;0;0;0;0;0;0;0;0;0;0;0;0;0;0;0;0;0;0;0;0;0;1;0;0;0;0;0;0;0;0;0;1;0;0;0;0;0;0;0;0;0;0;0;0;0;0;1;0;0;0;0;0;0;0;0;0;0;0;0;0;0;0;0;0;0;0;0;0;0;0;0;0;0;0;0;0;0;0;0;0;0;0;0;0;0;0;1;0;0;0
dysian-syphon;Dysian Syphon;Nekrium;RXXX;Spell;;FALSE;;;;"Deal 3 damage to the enemy player. You gain 3H.

You may destroy one of your creatures to play a [l1] card for <b>Free</b>.";;;"Deal 4 damage to the enemy player. You gain 4H.

You may destroy one of your creatures to play a [l1] or [l2] card for <b>Free</b>.";;;"Deal 5 damage to the enemy player. You gain 5H.

You may destroy one of your creatures to play a card for <b>Free</b>.";0;0;0;0;0;0;0;0;0;0;0;0;0;0;0;0;0;0;0;0;0;0;0;0;0;0;0;0;0;0;0;0;0;0;1;0;0;1;0;0;0;0;0;0;0;0;0;0;0;1;0;0;0;1;0;0;0;0;0;0;0;0;0;0;0;0;0;0;0;0;0;0;0;0;0;0;0;0;0;0;1;0;0;0;0;0;0;0;0;0;0;0;0;0;0;0;0;0;0;1;0;0;0
everflame-aura;Everflame Aura;Tempys;RXXX;Spell;;FALSE;;;;"<b>Ready</b> a creature and give it +3A. This turn, it gets <b>Mobility</b> 1.

If that creature has decreased H, this is <b>Free</b>.";;;"<b>Ready</b> a creature and give it +5A. This turn, it gets <b>Mobility</b> 2.
";;;<b>Ready</b> a creature and give it +10A. This turn, it gets <b>Mobility</b> 3.;0;0;0;0;0;0;0;0;0;0;0;0;0;0;0;0;0;0;0;0;0;0;0;0;0;0;0;0;0;0;0;0;0;0;1;0;0;0;0;0;1;0;0;0;0;0;0;0;1;0.5;0;0;0;0;0;0;0;0;0;0;0;0;0;0;0;0;0;0;0;0;1;0;1;0;0;0;0;0;0;0;0;0;1;0;0;0;0;0;0;0;0;0;0;0;0;0;0;0;0;0;0;0;0
forge-seal;Forge Seal;Uterra;RXXX;Spell;;FALSE;;;;"This turn, give one of your creatures ""<b>Activate:</b> Use your [l2] Forgeborn ability.""

If you have a Spirit in play, you gain 3H.";;;"This turn, give one of your creatures ""<b>Activate:</b> Use your [l3] Forgeborn ability.""

If you have a Spirit in play, you gain 5H.";;;"This turn, give one of your creatures ""<b>Activate:</b> Use your [l4] Forgeborn ability.""

If you have a Spirit in play, you gain 8H.";0;0;0;0;0;0;0;0;0;0;0;0;0;0;0;0;0;0;0;0;0;0;1;0;0;0;0;0;0;0;0;0;0;0;1;0;0;1;0;0;0;0;0;0;0;0;0;1;0;0;0;0;0;0;0;0;0;0;0;0;0;0;0;0;0;0;0;0;0;0;0;0;0;0;0;0;0;0;0;0;0;0;0;0;0;0;0;0;0;0;0;0;0;0;0;0;0;0;0;1;0;1;0
howl-of-xith;Howl of Xith;Nekrium;RXXX;Spell;;FALSE;;;;"Give a creature <b>Stealth</b> this turn.

Give your Spirits +2A,+2H.";;;"Give a creature <b>Stealth</b> this turn.

Give your Spirits +4A,+4H.";;;"Give a creature <b>Stealth</b> this turn.

Give your Spirits +6A,+6H.";0;0;0;0;0;0;0;0;0;0;0;0;0;0;0;0;0;0;0;0;0;0;1;0;0;0;0;0;0;0;0;0;0;0;1;0;0;0;0;0;0;0;0;0;0;0;0;0;0;0;0;0;0;0;0;0;0;0;0;0;0;0;0;0;0;0;0;0;1;1;0;0;1;0;0;0;0;0;0;0;0;0;0;0;0;0;0;0;0;0;0;0;0;0;0;0;0;0;0;0;0;0;0
lightning-brand;Lightning Brand;Tempys;RXXX;Spell;;FALSE;;;;"You may play a Spell Sprite <b>Minion</b>.

If you have a Mage in play, you may play a [l1] spell for <b>Free</b>.";;;"You may play a Spell Sprite <b>Minion</b>.

If you have a Mage in play, you may play a [l1] or [l2] spell for <b>Free</b>.";;;"You may play a Spell Swarm <b>Minion</b>.

If you have a Mage in play, you may play a spell for <b>Free</b>.";0;0;0;0;0;0;0;0;1;0;0;1;0;0;0;0;0;0;0;0;0;0;0;0;0;0;0;0;0;0;0;1;0;1;1;0;0;0;0;0;0;0;0;0;0;0;0;0;0;1;0;0;0;0;0;0;0;0;0;0;0;0;0;0;0;0;0;0;0;0;0;0;1;0;0;0;0;0;0;0;0;0;0;0;0;0;0;0;0;0;0;0;0;0;0;0;0;0;0;0;0;0;0
might-of-the-herd;Might of the Herd;Uterra;RXXX;Spell;;FALSE;;;;"Give a creature <b>Aggressive</b> this turn.

Give your Dinosaurs +3A,+3H.";;;"Give a creature <b>Aggressive</b> this turn.

Give your Dinosaurs +5A,+5H.";;;"Give a creature <b>Aggressive</b> this turn.

Give your Dinosaurs +8A,+8H.";0;0;0;0;0;1;0;0;0;0;0;0;0;0;0;0;0;0;0;0;0;0;0;0;0;0;0;0;0;0;0;0;0;0;1;0;0;0;0;0;0;0;0;0;0;0;0;0;0;0;0;0;0;0;0;0;0;0;0;0;0;0;0;1;0;0;0;0;0;1;0;0;1;0;0;0;0;0;0;0;0;0;0;0;0;0;0;0;0;0;0;0;0;0;0;0;0;0;0;0;0;0;0
naptime;Naptime;Uterra;RXXX;Spell;;FALSE;;;;"This turn, an enemy creature loses all printed abilities and gets <b>Defender</b>.

You gain 4H.";;;"This turn, up to two enemy creatures lose all printed abilities and get <b>Defender</b>.

You gain 4H.";;;"This turn, all enemy creatures lose all printed abilties and get <b>Defender</b>.

You gain 4H.";0;0;0;0;0;0;0;0;0;0;0;0;0;0;0;0;0;0;0;0;0;0;0;0;0;0;0;0;0;0;0;0;0;0;1;0;0;1;0;0;0;0;0;0;0;0;0;0;0;0;0;0;0;0;0;0;0;0;0;0;0;0;0;0;0;0;1;0;0;0;0;0;0;0;0;0;0;0;0;0;0;0;0;0;1;0;0;0;0;0;0;0;0;0;0;0;0;0;0;0;0;0;0
necrovive;Necrovive;Nekrium;RXXX;Spell;;FALSE;;;;Each enemy player destroys one of their creatures.;;;"Each enemy player destroys one of their creatures.

If an enemy player has more creatures than you in play, this is <b>Free</b>.";;;"Each enemy player destroys one of their creatures.

This is <b>Free</b>.";0;0;0;0;0;0;0;0;0;0;0;0;0;0;0;0;0;0;0;0;0;0;0;0;0;0;0;0;0;0;0;0;0;0;1;0;0;0;0;0;0;0;0;0;0;0;0;0;0;0.7;0;0;0;0;0;0;0;0;0;1;0;0;0;0;0;0;0;0;0;0;0;0;0;0;0;0;0;0;0;0;0;0;0;0;0;0;0;0;0;0;0;0;0;0;0;0;0;0;0;0;0;0;0
primal-surge;Primal Surge;Uterra;RXXX;Spell;;FALSE;;;;"Give a creature +2A. This turn, it gets 2D.

If you gained H this turn, this is <b>Free</b>.";;;"Give a creature +5A. This turn, it gets 5D.

If you gained H this turn, this is <b>Free</b>.";;;"Give a creature +8A. This turn, it gets 8D.

If you gained H this turn, this is <b>Free</b>.";0;0;0;0;0;0;0;0;0;0;0;0;0;0;0;0;0;0;0;0;0;0;0;0;0;0;0;0;0;0;0;0;0;0;1;0;0;0;1;0;0;0;0;0;1;0;0;0;0;1;0;0;0;0;0;0;0;0;0;0;0;0;0;0;0;0;0;0;0;0;1;0;1;0;0;0;0;0;0;0;0;0;0;0;0;0;0;0;0;0;0;0;0;0;0;0;0;0;0;1;0;0;0
soulreap;Soulreap;Nekrium;RXXX;Spell;;FALSE;;;;"Deal 3 damage to a creature. You gain 3H.

If you have a Beast in play, deal 3 damage to a player. You gain 3H.";;;"Deal 5 damage to a creature. You gain 5H.

If you have a Beast in play, deal 5 damage to a player. You gain 5H.";;;"Deal 7 damage to a creature. You gain 7H.

If you have a Beast in play, deal 7 damage to a player. You gain 7H.";0;1;0;0;0;0;0;0;0;0;0;0;0;0;0;0;0;0;0;0;0;0;0;0;0;0;0;0;0;0;0;0;0;0;1;0;0;1;0;0;0;0;0;0;0;0;0;0;0;0;0;0;0;1;0;0;0;0;0;1;0;0;0;0;0;0;0;0;0;0;0;0;0;0;0;0;0;0;0;0;0;0;0;0;0;0;0;0;0;0;0;0;0;0;0;0;0;0;0;1;0;0;0
staff-of-vaerus;Staff of Vaerus;Tempys;RXXX;Spell;;FALSE;;;;"Give a creature +5A.

If you play this on a Mage, you may deal 3 damage to any creature.";;;"Give a creature +10A.

If you play this on a Mage, you may deal 5 damage to any creature.";;;"Give a creature +15A.

If you play this on a Mage, you may deal 10 damage to any creature.";0;0;0;0;0;0;0;0;0;0;0;1;0;0;0;0;0;0;0;0;0;0;0;0;0;0;0;0;0;0;0;0;0;0;1;0;0;0;0;0;0;0;0;0;0;0;0;0;0;0;0;0;0;0;0;0;0;0;0;0;0;0;0;0;0;0;0;0;0;0;1;0;1;0;0;0;0;0;0;0;0;0;0;0;0;0;0;0;0;0;0;0;0;0;0;0;0;0;0;0;0;0;0
turnabout;Turnabout;Tempys;RXXX;Spell;;FALSE;;;;Choose a [l1] enemy creature. It <b>Battles</b> an enemy creature adjacent to it.;;;Choose an enemy creature. It <b>Battles</b> an enemy creature adjacent to it.;;;Choose an enemy creature. It <b>Battles</b> another enemy creature.;0;0;0;0;0;0;0;0;0;0;0;0;0;0;0;0;0;0;0;0;0;0;0;0;0;0;0;0;0;0;0;0;0;0;1;0;0;0;0;0;0;0;0;0;0;0;0;0;0;0;0;0;0;0;0;0;0;0;0;1;0;0;0;0;0;0;0;0;0;0;0;0;0;0;0;0;0;0;0;0;0;0;0;0;0;0;0;0;0;0;0;0;0;0;0;0;0;0;0;1;0;0;0
lightforge-sentry;Lightforge Sentry;Alloyin;XCCX;Creature;Spirit;FALSE;;4;2;"2D

<b>Deploy:</b> Choose one:
•  Give creatures adjacent to this +2A.
•  Give creatures adjacent to this 2D this turn.";8;3;"3D

<b>Deploy:</b> Choose one:
•  Give creatures adjacent to this +3A.
•  Give creatures adjacent to this 3D this turn.";10;5;"5D

<b>Deploy:</b> Choose one:
•  Give creatures adjacent to this +5A.
•  Give creatures adjacent to this 5D this turn.";0;0;0;0;0;0;0;0;0;0;0;0;0;0;0;0;0;0;0;0;0;1;0;1;0;0;0;0;0;0;0;0;0;0;0;0;0;0;0;0;0;0;0;1;1;0;0;0;0;0;0;0;0;0;0;0;0;0;0;0;0;0;0;0;0;0;0;0;0;0;0;0;1;0;0;0;0;0;0;0;0;0;0;0;0;0;0;0;0;0;1;0;1;0;0;0;0;0;0;0;0;0;0
portotron-2000;Portotron 2000;Alloyin;XCCX;Creature;Robot;FALSE;;5;2;"2D

<b>Deploy:</b> This may swap lanes with another one of your creatures.";8;2;"4D

<b>Deploy:</b> This may swap lanes with another one of your creatures.";15;2;"6D

<b>Deploy:</b> This may swap lanes with another one of your creatures.";0;0;0;0;0;0;0;0;0;0;0;0;0;0;0;0;1;0;1;0;0;0;0;0;0;0;0;0;0;0;0;0;0;0;0;0;0;0;0;0;1;0;0;1;0;0;0;0;0;0;0;0;0;0;0;0;0;0;0;0;0;0;0;0;0;0;0;0;0;0;0;0;0;0;0;0;0;0;0;0;0;0;0;0;0;0;0;0;0;0;1;0;0;0;0;0;0;0;0;0;0;0;0
dissipating-spectre;Dissipating Spectre;Nekrium;XCCX;Creature;Spirit;FALSE;;3;7;"<b>Mobility</b> 1, <b>Stealth</b>

When this moves, give this -2H.";5;9;<b>Mobility</b> 1, <b>Stealth</b>;7;13;"<b>Mobility</b> 1, <b>Stealth</b>

When this moves, give this +2H.";0;0;0;0;0;0;0;0;0;0;0;0;0;0;0;0;0;0;0;0;0;1;0;1;0;0;0;0;0;0;0;0;0;0;0;0;0;0;0;0;1;0;0.3;0;0;0;0;0;0;0;0;0;0;0;0;0;0;0;0;0;0;0;0;0;0;0;0;1;0;0;0;0;0;0;0;0;0;0;0;0;0;0;0;0.5;0;0;0;0;0;0;0;0;0;0;0;0;0;0;0;0;0;0;0
charger-mammoth;Charger Mammoth;Tempys;XCCX;Creature;Beast;FALSE;;4;4;"<b>Aggressive</b>, <b>Breakthrough</b>

When this is replaced, give the creature replacing it +4A,+4H. This turn, it gets <b>Aggressive</b> and <b>Breakthrough</b>.";6;6;"<b>Aggressive</b>, <b>Breakthrough</b>

When this is replaced, give the creature replacing it +6A,+6H. This turn, it gets <b>Aggressive</b> and <b>Breakthrough</b>.";8;8;"<b>Aggressive</b>, <b>Breakthrough</b>

When this is replaced, give the creature replacing it +8A,+8H. This turn, it gets <b>Aggressive</b> and <b>Breakthrough</b>.";1;0;0;0;0;0;0;0;0;0;0;0;0;0;0;0;0;0;0;0;0;0;0;0;0;0;0;0;0;0;0;0;0;0;0;1;0;0;0;0;0;0;0;0;0;0;0;0;0;0;0;0;0;0;0;0;0;0;0;0;1;1;1;1;0;0;0;0;0;0;0;0;1;0;0;0;0;0;0;0;0;0;0;0;0;0;0;0;0;0;0;0;0;0;0;0;0;0;0;0;0;0;0
nargath-commander;Nargath Commander;Tempys;XCCX;Creature;Warrior;FALSE;;4;6;<b>Activate:</b> Deal 2 damage to creatures adjacent to this to give them +2A.;4;10;<b>Activate:</b> Deal 2 damage to creatures adjacent to this to give them +4A.;6;15;<b>Activate:</b> Deal 2 damage to creatures adjacent to this to give them +6A.;0;0;0;0;0;0;0;0;0;0;0;0;0;0;0;0;0;0;0;0;0;0;0;0;0;1;0;0;0;0;0;0;0;0;0;0;0;0;0;0;0;0;0;0;0;0;0;1;0;0;0;0;0;0;0;0;0;0;0;0;0;0;0;0;0;0;0;0;0;0;1;0;1;0;0;0;0;0;0;0;0;0;0;1;0;0;0;0;0;0;0;0;1;0;0;0;0;0;0;0;0;0;0
shardplate-behemoth;Shardplate Behemoth;Uterra;XCCX;Creature;Beast;FALSE;;0;8;This deals damage with its H instead of its A.;0;12;This deals damage with its H instead of its A.;0;18;This deals damage with its H instead of its A.;1;0;0;0;0;0;0;0;0;0;0;0;0;0;0;0;0;0;0;0;0;0;0;0;0;0;0;0;0;0;0;0;0;0;0;0;0;0;0;0;0;0;0;0;0;0;0;0;0;0;0;0;0;0;0;0;0;0;0;0;0;0;0;0;0;0;0;0;0;0;0;0;0;0;0;0;0;0;0;0;0;0;0;0;0;0;0;0;0;0;0;0;0;0;0;0;0;0;0;0;0;0;0
steggadon-alpha;Steggadon Alpha;Uterra;XCCX;Creature;Dinosaur;FALSE;;5;4;<b>Slay:</b> Give another one of your creatures +2A,+2H.;8;6;<b>Slay:</b> Give another one of your creatures +3A,+3H.;12;8;<b>Slay:</b> Give another one of your creatures +5A,+5H.;0;0;0;0;1;0;0;0;0;0;0;0;0;0;0;0;0;0;0;0;0;0;0;0;0;0;0;0;0;0;0;0;0;0;0;0;0;0;0;0;0;0;0;0;0;0;0;0;0;0;0;0;0;0;0;0;0;0;0;0;0;0;0;0;0;0;0;0;0;1;0;0;1;0;0;0;0;0;0;0;0;0;0;0;0;0;0;0;1;0;0;0;0;0;0;0;0;0;0;0;0;0;0
ardent;Ardent;Alloyin/Nekrium/Tempys/Uterra;XCCX;Modifier;;TRUE;;;;;;;;;;;0;0;0;0;0;0;0;0;0;0;0;0;0;0;0;0;0;0;0;0;0;0;0;0;0;0;0;0;0;0;0;0;0;0;0;0;0;0;0;0;0;0;0;0;0;0;0;0;0;0;0;0;0;0;0;0;0;0;0;0;0;0;0;0;0;0;0;0;0;0;0;0;0;0;0;0;0;0;0;0;0;0;0;0;0;0;0;0;0;0;0;0;0;0;0;0;0;0;0;0;0;0;0
biding;Biding;Uterra;XCCX;Modifier;;TRUE;;;;At the end of the deck cycle, give this +2A,+2H.;;;At the end of the deck cycle, give this +4A,+4H.;;;At the end of the deck cycle, give this +6A,+6H.;0;0;0;0;0;0;0;0;0;0;0;0;0;0;0;0;0;0;0;0;0;0;0;0;0;0;0;0;0;0;0;0;0;0;0;0;0;0;0;0;0;0;0;0;0;0;0;0;0;0;0;0;0;0;0;0;0;0;0;0;0;0;0;0;0;0;0;0;0;0;0;0;1;0;0;0;0;0;0;0;0;0;0;0;0;0;0;0;0;0;0;0;0;0;0;0;0;0;0;0;0;0;0
horrific;Horrific;Nekrium;XCCX;Modifier;;TRUE;;;;<b>Deploy:</b> Give the opposing creature -2A,-2H.;;;<b>Deploy:</b> Give the opposing creature -3A,-3H.;;;<b>Deploy:</b> Give the opposing creature -5A,-5H.;0;0;0;0;0;0;0;0;0;0;0;0;0;0;0;0;0;0;0;0;0;0;0;0;0;0;0;0;0;0;0;0;0;0;0;0;0;0;0;0;0;0;0;0;0;0;0;0;0;0;0;0;0;0;0;0;0;0;0;1;0;0;0;0;0;0;0;0;0;0;0;0;0;0;0;0;0;0;0;0;0;0;0;0;0;0;0;0;0;0;1;0;0;0;0;0;0;0;0;0;0;0;0
revenant;Revenant;Nekrium;XCCX;Creature;Zombie;TRUE;;5;4;When this is destroyed, you may deal 2 damage to a creature.;7;6;When this is destroyed, you may deal 4 damage to a creature.;10;10;When this is destroyed, you may deal 6 damage to a creature.;0;0;0;0;0;0;0;0;0;0;0;0;0;0;0;0;0;0;0;0;0;0;0;0;0;0;0;0;0;1;0;0;0;0;0;0;0;0;0;0;0;0;0;0;0;0;0;0;0;0;0;0;0;0;0;0;0;0;0;1;0;0;0;0;0;0;0;0;0;0;0;0;0;0;0;0;0;0;1;0;0;0;1;0;0;0;0;0;0;0;0;0;0;0;0;0;0;0;0;0;0;0;0
hawkrider;Hawkrider;Tempys;XCCX;Creature;Yeti;TRUE;;6;3;<b>Deploy:</b> If this is lower level than your Forgeborn, you may give up to two other creatures +3A.;8;5;<b>Deploy:</b> If this is lower level than your Forgeborn, you may give up to two other creatures +5A.;11;9;<b>Deploy:</b> If this is lower level than your Forgeborn, you may give up to two other creatures +7A.;0;0;0;0;0;0;0;0;0;0;0;0;0;0;0;0;0;0;0;0;0;0;0;0;0;0;0;1;0;0;0;0;0;0;0;0;0;0;0;0;0;0;0;0;0;0;0;0;0;0;0;0;0;0;0;0;0;0;0;0;0;0;0;0;0;0;0;0;0;0;1;0;1;0;0;0;0;0;0;0;0;0;0;0;0;0;0;0;0;0;1;0;0;0;0;0;0;0;0;0;0;0;0
smash-fist;Smash Fist;Tempys;XCCX;Creature;Warrior;TRUE;;6;4;<b>Slay:</b> Give another one of your creatures +2A.;9;6;<b>Slay:</b> Give another one of your creatures +4A.;13;10;<b>Slay:</b> Give another one of your creatures +6A.;0;0;0;0;0;0;0;0;0;0;0;0;0;0;0;0;0;0;0;0;0;0;0;0;0;1;0;0;0;0;0;0;0;0;0;0;0;0;0;0;0;0;0;0;0;0;0;0;0;0;0;0;0;0;0;0;0;0;0;0;0;0;0;0;0;0;0;0;0;0;1;0;1;0;0;0;0;0;0;0;0;0;0;0;0;0;0;0;1;0;0;0;0;0;0;0;0;0;0;0;0;0;0
elk;Elk;Uterra;XCCX;Creature;Beast;TRUE;;5;5;<b>Slay:</b> You gain 3H.;8;8;<b>Slay:</b> You gain 4H.;12;13;<b>Slay:</b> You gain 5H.;1;0;0;0;0;0;0;0;0;0;0;0;0;0;0;0;0;0;0;0;0;0;0;0;0;0;0;0;0;0;0;0;0;0;0;0;0;1;0;0;0;0;0;0;0;0;0;0;0;0;0;0;0;0;0;0;0;0;0;0;0;0;0;0;0;0;0;0;0;0;0;0;0;0;0;0;0;0;0;0;0;0;0;0;0;0;0;0;1;0;0;0;0;0;0;0;0;0;0;0;0;0;0
coldheart-brute;Coldheart Brute;Nekrium;XCRX;Creature;Zombie;FALSE;;3;1;"<b>Deploy:</b> If you have an <b>Exalt</b> in play, you may play a Mindless Zombie <b>Minion</b>.

<b>Deploy:</b> Give your other Zombies +1A.";5;3;"<b>Deploy:</b> If you have two or more <b>Exalts</b> in play, you may play a Zombie Brute <b>Minion</b>.

<b>Deploy:</b> Give your other Zombies +2A.";6;5;"<b>Deploy:</b> If you have two or more <b>Exalts</b> in play, you may play up to two Zombie Brute <b>Minions</b>.

<b>Deploy:</b> Give your other Zombies +4A.";0;0;0;0;0;0;0;0;0;0;0;0;0;0;0;0;0;0;0;0;0;0;0;0;0;0;0;0;0;1;1;1;0;0;0;0;0;0;0;0;0;0;0;0;0;0;0;0;0;0;0;0;0;0;0;0;0;0;0;0;0;0;0;0;0;0;0;0;0;0;1;0;1;0;0;0;0;0;0;0;0;0;0;0;0;0;1;0;0;0;1;0;0;0;0;0;0;0;0;0;0;0;0
oxidon-rager;Oxidon Rager;Uterra;XCRX;Creature;Dinosaur;FALSE;;6;8;"<b>Breakthrough</b>

When this has no adjacent creatures, destroy it.";9;11;"<b>Breakthrough</b>

When this has no adjacent creatures, destroy it.";15;17;"<b>Breakthrough</b>

When this has no adjacent creatures, destroy it.";0;0;0;0;1;0;0;0;0;0;0;0;0;0;0;0;0;0;0;0;0;0;0;0;0;0;0;0;0;0;0;0;0;0;0;0;0;0;0;0;0;0;0;0;0;0;0;0;0;0;0;0;0;0;0;0;0;0;0;0;1;0;0;0;0;0;0;0;0;0;0;0;0;0;0;0;0;0;0;0;0;0;0;0;0;0;0;0;0;0;0;0;1;0;0;0;0;0;0;0;0;0;0
toxic;Toxic;Uterra;XCRX;Modifier;;TRUE;;;;<b>Deploy:</b> Give the opposing creature in this lane -2H to give this +2H.;;;<b>Deploy:</b> Give the opposing creature in this lane -3H to give this +3H.;;;<b>Deploy:</b> Give the opposing creature in this lane -4H to give this +4H.;0;0;0;0;0;0;0;0;0;0;0;0;0;0;0;0;0;0;0;0;0;0;0;0;0;0;0;0;0;0;0;0;0;0;0;0;0;0;0;0;0;0;0;0;0;0;0;0;0;0;0;0;0;0;0;0;0;0;0;1;0;0;0;0;0;0;0;0;0;0;0;0;0;0;0;0;0;0;0;0;0;0;0;0;0;0;0;0;0;0;1;0;0;0;0;0;0;0;0;0;0;0;0
researcher;Researcher;Alloyin;XCRX;Creature;Scientist;TRUE;;6;3;<b>Deploy:</b> Give this 2D this turn for each <b>Exalt</b> in play.;9;5;<b>Deploy:</b> Give this 3D this turn for each <b>Exalt</b> in play.;13;9;<b>Deploy:</b> Give this 4D this turn for each <b>Exalt</b> in play.;0;0;0;0;0;0;0;0;0;0;0;0;0;0;0;0;0;0;0;1;0;0;0;0;0;0;0;0;0;0;0;0;0;0;0;0;0;0;0;0;0;0;0;1;0;0;0;0;0;0;0;0;0;0;0;0;0;0;0;0;0;0;0;0;0;0;0;0;0;0;0;0;0;0;0;0;0;0;0;0;0;0;0;0;0;0;1;0;0;0;1;0;0;0;0;0;0;0;0;0;0;0;0
alluvian;Alluvian;Nekrium;XCRX;Creature;Ooze Beast;TRUE;;4;4;<b>Deploy:</b> If your Forgeborn is higher level than this creature, give an enemy creature -3A,-3H.;6;6;<b>Deploy:</b> If your Forgeborn is higher level than this creature, give an enemy creature -5A,-5H.;9;10;<b>Deploy:</b> If your Forgeborn is higher level than this creature, give an enemy creature -7A,-7H.;1;0;0;0;0;0;0;0;0;0;0;0;0;0;0;0;0;0;0;0;0;0;0;0;0;0;0;0;0;0;0;0;0;0;0;0;0;0;0;0;0;0;0;0;0;0;0;0;0;0;0;0;0;0;0;0;0;0;0;1;0;0;0;0;0;0;0;0;0;0;0;0;0;0;1;0;0;0;0;0;0;0;0;0;0;0;0;0;0;0;1;0;0;0;0;0;0;0;0;0;0;0;0
butcher;Butcher;Nekrium;XCRX;Creature;Beast Warrior;TRUE;;6;5;<b>Slay:</b> Deal 1 damage to the enemy player. You gain 1H.;9;7;<b>Slay:</b> Deal 2 damage to the enemy player. You gain 2H.;13;11;<b>Slay:</b> Deal 3 damage to the enemy player. You gain 3H.;1;0;0;0;0;0;0;0;0;0;0;0;0;0;0;0;0;0;0;0;0;0;0;0;0;1;0;0;0;0;0;0;0;0;0;0;0;1;0;0;0;0;0;0;0;0;0;0;0;0;0;0;0;1;1;0;0;0;0;0;0;0;0;0;0;0;0;0;0;0;0;0;0;0;0;0;0;0;0;0;0;0;0;0;0;0;0;0;1;0;0;0;0;0;0;0;0;0;0;0;0;0;0
shardback;Shardback;Tempys;XCRX;Creature;Dinosaur;TRUE;;4;6;When this is dealt non-combat damage, deal 2 damage to all enemy creatures.;7;9;When this is dealt non-combat damage, deal 3 damage to all enemy creatures.;10;14;When this is dealt non-combat damage, deal 5 damage to all enemy creatures.;0;0;0;0;1;0;0;0;0;0;0;0;0;0;0;0;0;0;0;0;0;0;0;0;0;0;0;0;0;0;0;0;0;0;0;0;0;0;0;0;0;0;0;0;0;0;0;0;0;0;0;0;0;0;0;0;0;0;0;1;0;0;0;0;0;0;0;0;0;0;0;0;0;0;0;0;0;0;0;0;0;0;1;0;0;0;0;0;0;0;0;0;0;0;0;0;0;0;0;1;0;0;0
lotus;Lotus;Uterra;XCRX;Creature;Plant;TRUE;;3;4;<b>Deploy:</b> If this is lower level than your Forgeborn, you may give another creature +3A,+3H.;5;5;<b>Deploy:</b> If this is lower level than your Forgeborn, you may give another creature +5A,+5H.;8;9;<b>Deploy:</b> If this is lower level than your Forgeborn, you may give another creature +8A,+8H.;0;0;0;0;0;0;0;0;0;0;0;0;0;0;1;0;0;0;0;0;0;0;0;0;0;0;0;0;0;0;0;0;0;0;0;0;0;0;0;0;0;0;0;0;0;0;0;0;0;0;0;0;0;0;0;0;0;0;0;0;0;0;0;0;0;0;0;0;0;1;0;0;1;0;0;0;0;0;0;0;0;0;0;0;0;0;0;0;0;0;1;0;0;0;0;0;0;0;0;0;0;0;0
gizzy-mo;Gizzy Mo;Alloyin;XCXX;Creature;Scientist;FALSE;;2;2;When this is replaced, give the creature replacing it +2A,+2H. You may play a Gizmo <b>Minion</b>.;5;5;When this is replaced, give the creature replacing it +5A,+5H. You may play a Gizmo <b>Minion</b>.;6;6;When this is replaced, give the creature replacing it +6A,+6H. You may play a Mega Gizmo <b>Minion</b>.;0;0;0;0;0;0;0;0;0;0;0;0;0;0;0;0;1;0;0;1;0;0;0;0;0;0;0;0;0;0;0;1;0;0;0;1;0;0;0;0;0;0;0;0;0;0;0;0;0;0;0;0;0;0;0;0;0;0;0;0;0;0;0;0;0;0;0;0;0;1;0;0;1;0;0;0;0;0;0;0;0;0;0;0;0;0;0;0;0;0;0;0;0;0;0;0;0;0;0;0;0;0;0
glitch-scout;Glitch Scout;Alloyin;XCXX;Creature;Warrior Mage;FALSE;;3;5;"<b>Mobility</b> 1

<b>Slay:</b> <b>Upgrade</b> a card in your hand, then discard it.";6;8;"<b>Mobility</b> 1

<b>Slay:</b> <b>Upgrade</b> a card in your hand, then discard it.";7;9;"<b>Mobility</b> 1

<b>Slay:</b> <b>Upgrade</b> a card in your hand, then play it for <b>Free</b>.";0;0;0;0;0;0;0;0;0;0;1;0;0;0;0;0;0;0;0;0;0;0;0;0;0;1;0;0;0;0;0;0;0;0;0;0;0;0;0;0;1;0;0;0;0;0;0;0;0;0.3;0;1;0;0;0;0;0;0;0;0;0;0;0;0;0;0;0;0;0;0;0;0;0;0;0;0;0;0;0;0;0;0;0;0;0;0;0;0;1;0;0;0;0;0;0;0;0;0;0;0;0;0;0
guardians-wall;Guardian's Wall;Alloyin;XCXX;Spell;Exalt;FALSE;;;;"<b>Deploy:</b> You may give a creature -5A.

When you play a Warrior in this lane, you may give a creature -5A. Then, destroy this.";;;"<b>Deploy:</b> You may give a creature -8A.

When you play a Warrior in this lane, you may give a creature -8A. Then, destroy this.";;;"<b>Deploy:</b> You may give a creature -10A.

When you play a Warrior in this lane, you may give a creature -10A. Then, destroy this.";0;0;0;0;0;0;0;0;0;0;0;0;0;0;0;0;0;0;0;0;0;0;0;0;0;0;1;0;0;0;0;0;0;0;1;0;0;0;0;0;0;0;0;0;0;0;0;0;0;0;0;0;0;0;0;0;0;0;0;0;0;0;0;0;0;0;0;0;0;0;0;0;0;0;0;1;0;0;0;0;0;0;0;0;0;1;0;0;0;0;0;0;0;0;0;0;0;0;0;0;0;0;0
isolate;Isolate;Alloyin;XCXX;Spell;;FALSE;;;;Deal 8 damage to a creature if it has no creatures adjacent to it.;;;Deal 12 damage to a creature if it has no creatures adjacent to it.;;;Deal 18 damage to a creature if it has no creatures adjacent to it.;0;0;0;0;0;0;0;0;0;0;0;0;0;0;0;0;0;0;0;0;0;0;0;0;0;0;0;0;0;0;0;0;0;0;1;0;0;0;0;0;0;0;0;0;0;0;0;0;0;0;0;0;0;0;0;0;0;0;0;1;0;0;0;0;0;0;0;0;0;0;0;0;0;0;0;0;0;0;0;0;0;0;0;0;0;0;0;0;0;0;0;0;0;0;0;0;0;0;0;0;0;0;0
redact;Redact;Alloyin;XCXX;Spell;;FALSE;;;;"Destroy a creature with 4A or less.

You gain 2H.";;;"Destroy a creature with 7A or less.

You gain 3H.";;;"Destroy a creature with 10A or less.

You gain 5H.";0;0;0;0;0;0;0;0;0;0;0;0;0;0;0;0;0;0;0;0;0;0;0;0;0;0;0;0;0;0;0;0;0;0;1;0;0;1;0;0;0;0;0;0;0;0;0;0;0;0;0;0;0;0;0;0;0;0;0;1;0;0;0;0;0;0;0;0;0;0;0;0;0;0;0;0;1;0;0;0;0;0;0;0;0;0;0;0;0;0;0;0;0;0;0;0;0;0;0;1;0;0;0
shield-node;Shield Node;Alloyin;XCXX;Spell;Exalt;FALSE;;;;"<b>Deploy:</b> You may give a creature in this lane 4D this turn.

When you play a creature in this lane, give it 4D this turn. Then, destroy this.";;;"<b>Deploy:</b> You may give a creature in this lane 7D this turn.

When you play a creature in this lane, give it 7D this turn. Then, destroy this.";;;"<b>Deploy:</b> You may give a creature in this lane 10D this turn.

When you play a creature in this lane, give it 10D this turn. Then, destroy this.";0;0;0;0;0;0;0;0;0;0;0;0;0;0;0;0;0;0;0;0;0;0;0;0;0;0;0;0;0;0;0;0;0;0;1;0;0;0;0;0;0;0;0;0;1;0;0;0;0;0;0;0;0;0;0;0;0;0;0;0;0;0;0;0;0;0;0;0;0;0;0;0;0;0;0;0;0;0;0;0;0;0;0;0;0;1;0;0;0;0;0;0;0;0;0;0;0;0;0;0;0;0;0
voltaic-magus;Voltaic Magus;Alloyin;XCXX;Creature;Mage;FALSE;;4;7;"When an <b>Exalt</b> is played, give this +2A.

While this has 8A or more, it has 2D.";5;10;"When an <b>Exalt</b> is played, give this +4A.

While this has 13A or more, it has 4D.";8;14;"When an <b>Exalt</b> is played, give this +6A.

While this has 20A or more, it has 6D.";0;0;0;0;0;0;0;0;0;0;1;0;0;0;0;0;0;0;0;0;0;0;0;0;0;0;0;0;0;0;0;0;0;0;0;0;0;0;0;0;0;0;0;1;0;0;0;0;0;0;0;0;0;0;0;0;0;0;0;0;0;0;0;0;0;0;0;0;0;0;0;0;1;0;0;0;0;0;0;0;0;0;0;0;0;0;1;0;0;0;0;0;0;0;0;0;0;0;0;0;0;0;0
bride-of-frankenbaum;Bride of Frankenbaum;Nekrium;XCXX;Creature;Scientist;FALSE;;4;4;<b>Slay:</b> You may play a [l1] spell for <b>Free</b>.;7;7;<b>Slay:</b> You may play a [l1] or [l2] spell for <b>Free</b>.;11;11;<b>Slay:</b> You may play a spell for <b>Free</b>.;0;0;0;0;0;0;0;0;0;0;0;0;0;0;0;0;0;0;0;1;0;0;0;0;0;0;0;0;0;0;0;0;0;1;0;0;0;0;0;0;0;0;0;0;0;0;0;0;0;1;0;0;0;0;0;0;0;0;0;0;0;0;0;0;0;0;0;0;0;0;0;0;0;0;0;0;0;0;0;0;0;0;0;0;0;0;0;0;1;0;0;0;0;0;0;0;0;0;0;0;0;0;0
death-current;Death Current;Nekrium;XCXX;Spell;;FALSE;;;;"Deal 2 damage to a creature. You gain 2H.

Give a creature +2H.";;;"Deal 4 damage to a creature. You gain 4H.

Give a creature +4H.";;;"Deal 6 damage to a creature. You gain 6H.

Give a creature +6H.";0;0;0;0;0;0;0;0;0;0;0;0;0;0;0;0;0;0;0;0;0;0;0;0;0;0;0;0;0;0;0;0;0;0;1;0;0;1;0;0;0;0;0;0;0;0;0;0;0;0;0;0;0;0;0;0;0;0;0;1;0;0;0;0;0;0;0;0;0;0;0;1;0;0;0;0;0;0;0;0;0;0;0;0;0;0;0;0;0;0;0;0;0;0;0;0;0;0;0;0;0;0;0
evil-lab;Evil Lab;Nekrium;XCXX;Spell;Exalt;FALSE;;;;"<b>Deploy:</b> Deal 3 damage to a creature. You gain 3H.

When you play a Scientist in this lane, give it +2A,+2H. Then, destroy this.";;;"<b>Deploy:</b> Deal 5 damage to a creature. You gain 5H.

When you play a Scientist in this lane, give it +3A,+3H. Then, destroy this.";;;"<b>Deploy:</b> Deal 7 damage to a creature. You gain 7H.

When you play a Scientist in this lane, give it +4A,+4H. Then, destroy this.";0;0;0;0;0;0;0;0;0;0;0;0;0;0;0;0;0;0;0;0;1;0;0;0;0;0;0;0;0;0;0;0;0;0;1;0;0;1;0;0;0;0;0;0;0;0;0;0;0;0;0;0;0;0;0;0;0;0;0;1;0;0;0;0;0;0;0;0;0;1;0;0;1;0;0;0;0;0;0;0;0;0;0;0;0;1;0;0;0;0;0;0;0;0;0;0;0;0;0;0;0;0;0
grimgaunt-harvester;Grimgaunt Harvester;Nekrium;XCXX;Creature;Spirit Warrior;FALSE;;0;11;"<b>Defender</b>

When one of your creatures is destroyed, give this +2A.

While this has 6A or more, it loses <b>Defender</b> and has <b>Aggressive</b>.";0;16;"<b>Defender</b>

When one of your creatures is destroyed, give this +3A.

While this has 9A or more, it loses <b>Defender</b> and has <b>Aggressive</b>.";0;24;"<b>Defender</b>

When one of your creatures is destroyed, give this +4A.

While this has 12A or more, it loses <b>Defender</b> and has <b>Aggressive</b>.";0;0;0;0;0;0;0;0;0;0;0;0;0;0;0;0;0;0;0;0;0;1;0;1;0;1;0;0;0;0;0;0;0;0;0;0;0;0;0;0;0;0;0;0;0;0;0;0;0;0;0;0;0;0;0;0;0;0;0;0;0;0;0;0;1;0;0;0;0;0;0;0;1;0;0;0;0;0;0;1;0;0;1;0;0;0;0;0;0;0;0;0;0;0;0;0;0;0;0;0;0;0;0
keeper-of-the-damned;Keeper of the Damned;Nekrium;XCXX;Creature;Scientist;FALSE;;5;4;<b>Activate:</b> Destroy one of your creatures to play a Mindless Zombie <b>Minion</b> in that lane.;8;6;<b>Activate:</b> Destroy one of your creatures to play a Zombie Brute <b>Minion</b> in that lane.;12;11;<b>Activate:</b> Destroy one of your creatures to play a Zombie Brute <b>Minion</b> in that lane.;0;0;0;0;0;0;0;0;0;0;0;0;0;0;0;0;0;0;0;1;0;0;0;0;0;0;0;0;0;1;0;1;0;0;0;0;0;0;0;0;0;0;0;0;0;0;0;1;0;0;0;0;0;0;0;0;0;0;0;0;0;0;0;0;0;0;0;0;0;0;0;0;0;0;0;0;0;0;0;0;1;0;0;0;0;0;0;0;0;0;0;0;0;0;0;0;0;0;0;0;0;0;0
runescarred-pit;Runescarred Pit;Nekrium;XCXX;Spell;Exalt;FALSE;;;;"<b>Deploy:</b> You may play a Zombie Brute in this lane.

When you play any [l2] or [l3] Runescarred Pit, you may play a Zombie Brute in this lane.";;;"<b>Deploy:</b> You may play a Zombie Brute in this lane.

When you play any [l3] Runescarred Pit, you may play a Zombie Brute in this lane.";;;"<b>Deploy:</b> You may play a Zombie Brute in this lane.

When you play another Runescarred Pit, you may play a Zombie Brute in this lane.";0;0;0;0;0;0;0;0;0;0;0;0;0;0;0;0;0;0;0;0;0;0;0;0;0;0;0;0;0;1;0;1;0;0;1;0;0;0;0;0;0;0;0;0;0;0;0;0;0;0;0;0;0;0;0;0;0;0;0;0;0;0;0;0;0;0;0;0;0;0;0;0;0;0;0;0;0;0;0;0;0;0;0;0;0;1;0;0;0;0;0;0;0;0;0;0;0;0;0;1;0;0;0
shadows-strength;Shadow's Strength;Nekrium;XCXX;Spell;;FALSE;;;;Give a [l1] creature +3A. This turn, it gets <b>Stealth</b>.;;;"This is <b>Free</b>.

Give a [l1] or [l2] creature +5A. This turn, it gets <b>Stealth</b>.";;;"This is <b>Free</b>.

Give a creature +7A. This turn, it gets <b>Stealth</b>.";0;0;0;0;0;0;0;0;0;0;0;0;0;0;0;0;0;0;0;0;0;0;0;0;0;0;0;0;0;0;0;0;0;0;1;0;0;0;0;0;0;0;0;0;0;0;0;0;0;0.7;0;0;0;0;0;0;0;0;0;0;0;0;0;0;0;0;0;0;1;0;1;0;1;0;0;0;0;0;0;0;0;0;0;0;0;0;0;0;0;0;0;0;0;0;0;0;0;0;0;0;0;0;0
flamesculptors-seal;Flamesculptor's Seal;Tempys;XCXX;Spell;Exalt;FALSE;;;;"<b>Deploy:</b> Deal 3 damage to an enemy creature.

When you play a Mage in this lane, deal 3 damage to an enemy creature. Then, destroy this.";;;"<b>Deploy:</b> Deal 5 damage to an enemy creature.

When you play a Mage in this lane, deal 5 damage to an enemy creature. Then, destroy this.";;;"<b>Deploy:</b> Deal 7 damage to an enemy creature.

When you play a Mage in this lane, deal 7 damage to an enemy creature. Then, destroy this.";0;0;0;0;0;0;0;0;0;0;0;1;0;0;0;0;0;0;0;0;0;0;0;0;0;0;0;0;0;0;0;0;0;0;1;0;0;0;0;0;0;0;0;0;0;0;0;0;0;0;0;0;0;0;0;0;0;0;0;1;0;0;0;0;0;0;0;0;0;0;0;0;0;0;0;0;0;0;0;0;0;0;0;0;0;1;0;0;0;0;0;0;0;0;0;0;0;0;0;0;0;0;0
icelance-magus;Icelance Magus;Tempys;XCXX;Creature;Mage;FALSE;;5;3;"<b>Slay:</b> Deal 2 damage to the enemy player.

<b>Activate:</b> Deal 1 damage to a creature.";8;5;"<b>Slay:</b> Deal 3 damage to the enemy player.

<b>Activate:</b> Deal 2 damage to a creature.";10;7;"<b>Slay:</b> Deal 5 damage to the enemy player.

<b>Activate:</b> Deal 4 damage to a creature.";0;0;0;0;0;0;0;0;0;0;1;0;0;0;0;0;0;0;0;0;0;0;0;0;0;0;0;0;0;0;0;0;0;0;0;0;0;0;0;0;0;0;0;0;0;0;0;1;0;0;0;0;0;1;1;0;0;0;0;1;0;0;0;0;0;0;0;0;0;0;0;0;0;0;0;0;0;0;0;0;0;0;0;0;0;0;0;0;1;0;0;0;0;0;0;0;0;0;0;0;0;0;0
lightning-charge;Lightning Charge;Tempys;XCXX;Spell;;FALSE;;;;Give a [l1] creature +5A. This turn, it gets <b>Aggressive</b>.;;;Give up to two creatures +7A. This turn, they get <b>Aggressive</b>.;;;Give all your creatures +9A. This turn, they get <b>Aggressive</b>.;0;0;0;0;0;0;0;0;0;0;0;0;0;0;0;0;0;0;0;0;0;0;0;0;0;0;0;0;0;0;0;0;0;0;1;0;0;0;0;0;0;0;0;0;0;0;0;0;0;0;0;0;0;0;0;0;0;0;0;0;0;0;0;1;0;0;0;0;0;0;1;0;1;0;0;0;0;0;0;0;0;0;0;0;0;0;0;0;0;0;0;0;0;0;0;0;0;0;0;0;0;0;0
rageborn-eruptor;Rageborn Eruptor;Tempys;XCXX;Creature;Elemental;FALSE;;4;6;"<b>Breakthrough</b>

<b>Deploy:</b> Give this +1A for each <b>Exalt</b> in play.";5;9;"<b>Breakthrough</b>

<b>Deploy:</b> Give this +2A for each <b>Exalt</b> in play.";6;13;"<b>Breakthrough</b>

<b>Deploy:</b> Give this +3A for each <b>Exalt</b> in play.";0;0;0;0;0;0;0;0;1;0;0;0;0;0;0;0;0;0;0;0;0;0;0;0;0;0;0;0;0;0;0;0;0;0;0;0;0;0;0;0;0;0;0;0;0;0;0;0;0;0;0;0;0;0;0;0;0;0;0;0;1;0;0;0;0;0;0;0;0;0;0;0;1;0;0;0;0;0;0;0;0;0;0;0;0;0;1;0;0;0;1;0;0;0;0;0;0;0;0;0;0;0;0
spirit-golem-conclave;Spirit Golem Conclave;Tempys;XCXX;Spell;Exalt;FALSE;;;;"<b>Deploy:</b> Give a creature +3A.

When one of your creatures enters this lane, give it +3A.";;;"<b>Deploy:</b> Destroy your [l1] Spirit Golem Conclave. Give a creature +8A.

When one of your creatures enters this lane, give it +8A.";;;"<b>Deploy:</b> Destroy your [l1] and [l2] Spirit Golem Conclave. Give a creature +15A.

When one of your creatures enters this lane, give it +15A.";0;0;0;0;0;0;0;0;0;0;0;0;0;0;0;0;0;0;0;0;0;0;0.7;0;0;0;0;0;0;0;0;0;0;0;1;0;0;0;0;0;0;0;1;0;0;0;0;0;0;0;0;0;0;0;0;0;0;0;0;0;0;0;0;0;0;0;0;0;0;0;1;0;1;0;0;0;0;0;0;0;0;0;0;0;0;1;0;0;0;0;0;0;0;0;0;0;0;0;0;0;0;0;0
tortoise-colossus;Tortoise Colossus;Tempys;XCXX;Creature;Dinosaur;FALSE;;5;5;"<b>Mobility</b> 1, <b>Defender</b>

<b>Activate:</b> This loses <b>Defender</b> and gets <b>Aggressive</b> this turn.";8;8;"<b>Mobility</b> 2, <b>Defender</b>

<b>Activate:</b> This loses <b>Defender</b> and gets <b>Aggressive</b> this turn.";12;12;"<b>Mobility</b> 3, <b>Defender</b>

<b>Activate:</b> This loses <b>Defender</b> and gets <b>Aggressive</b> this turn.";0;0;0;0;1;0;0;0;0;0;0;0;0;0;0;0;0;0;0;0;0;0;0;0;0;0;0;0;0;0;0;0;0;0;0;0;0;0;0;0;1;0;0;0;0;0;0;1;0;0;0;0;0;0;0;0;0;0;0;0;0;0;0;1;1;0;0;0;0;0;0;0;0;0;0;0;0;0;0;0;0;0;0;0;0;0;0;0;0;0;0;0;0;0;0;0;0;0;0;0;0;0;0
warbringer-ritual;Warbringer Ritual;Tempys;XCXX;Spell;;FALSE;;;;You may play a Spell Sprite <b>Minion</b>.;;;"You may play up to two Spell Sprite <b>Minions</b>.

You may play a Spell for <b>Free</b>.";;;"You may play a Spell Swarm <b>Minion</b>.

You may play a Spell for <b>Free</b>.";0;0;0;0;0;0;0;0;1;0;0;0;0;0;0;0;0;0;0;0;0;0;0;0;0;0;0;0;0;0;0;1;0;1;1;0;0;0;0;0;0;0;0;0;0;0;0;0;0;0.7;0;0;0;0;0;0;0;0;0;0;0;0;0;0;0;0;0;0;0;0;0;0;1;0;0;0;0;0;0;0;0;0;0;0;0;0;0;0;0;0;0;0;0;0;0;0;0;0;0;0;0;0;0
musthic-megatha;Musthic Megatha;Uterra;XCXX;Creature;Beast;FALSE;;4;5;"When an <b>Exalt</b> is played, give this +2A,+2H.

While this has 8A or more, it has <b>Breakthrough</b>.";6;7;"When an <b>Exalt</b> is played, give this +3A,+3H.

While this has 12A or more, it has <b>Breakthrough</b>.";11;12;"When an <b>Exalt</b> is played, give this +4A,+4H.

While this has 19A or more, it has <b>Breakthrough</b>.";1;0;0;0;0;0;0;0;0;0;0;0;0;0;0;0;0;0;0;0;0;0;0;0;0;0;0;0;0;0;0;0;0;0;0;0;0;0;0;0;0;0;0;0;0;0;0;0;0;0;0;0;0;0;0;0;0;0;0;0;0;0;0;0;0;0;0;0;0;0;0;0;1;0;0;0;0;0;0;0;0;0;0;0;0;0;1;0;0;0;0;0;0;0;0;0;0;0;0;0;0;0;0
spiked-carapice;Spiked Carapice;Uterra;XCXX;Spell;;FALSE;;;;Give a creature +3A,+3H. If you played this on a Dinosaur, give all of your creatures 2D this turn.;;;Give a creature +6A,+6H. If you played this on a Dinosaur, give all of your creatures 3D this turn.;;;Give a creature +10A,+10H. If you played this on a Dinosaur, give all of your creatures 4D this turn.;0;0;0;0;0;1;0;0;0;0;0;0;0;0;0;0;0;0;0;0;0;0;0;0;0;0;0;0;0;0;0;0;0;0;1;0;0;0;0;0;0;0;0;0;1;0;0;0;0;0;0;0;0;0;0;0;0;0;0;0;0;0;0;0;0;0;0;0;0;1;0;0;1;0;0;0;0;0;0;0;0;0;0;0;0;0;0;0;0;0;0;0;0;0;0;0;0;0;0;0;0;0;0
twinstrength;Twinstrength;Uterra;XCXX;Spell;;FALSE;;;;Give up to two different creatures +2A,+2H.;;;Give up to two different creatures +4A,+4H.;;;Give up to two different creatures +8A,+8H.;0;0;0;0;0;0;0;0;0;0;0;0;0;0;0;0;0;0;0;0;0;0;0;0;0;0;0;0;0;0;0;0;0;0;1;0;0;0;0;0;0;0;0;0;0;0;0;0;0;0;0;0;0;0;0;0;0;0;0;0;0;0;0;0;0;0;0;0;0;0;0;0;1;0;0;0;0;0;0;0;0;0;0;0;0;0;0;0;0;0;0;0;0;0;0;0;0;0;0;0;0;0;0
uterradon-nest;Uterradon Nest;Uterra;XCXX;Spell;Exalt;FALSE;;;;"<b>Deploy:</b> Give a creature +3A,+3H.

When you play a Dinosaur in this lane, give it +3A,+3H. Then, destroy this.";;;"<b>Deploy:</b> Give a creature +4A,+4H.

When you play a Dinosaur in this lane, give it and creatures adjacent to it +3A,+3H. Then, destroy this.";;;"<b>Deploy:</b> Give a creature +6A,+6H.

When you play a Dinosaur in this lane, give all of your creatures +3A,+3H. Then, destroy this.";0;0;0;0;0;1;0;0;0;0;0;0;0;0;0;0;0;0;0;0;0;0;0;0;0;0;0;0;0;0;0;0;0;0;1;0;0;0;0;0;0;0;0;0;0;0;0;0;0;0;0;0;0;0;0;0;0;0;0;0;0;0;0;0;0;0;0;0;0;1;0;0;1;0;0;0;0;0;0;0;0;0;0;0;0;1;0;0;0;0;0;0;0;0;0;0;0;0;0;0;0;0;0
venom-chalice;Venom Chalice;Uterra;XCXX;Spell;Exalt;FALSE;;;;"<b>Deploy:</b> Give a creature -3H.

When you play a creature in this lane, give it +3H. Then, destroy this.";;;"<b>Deploy:</b> Give a creature -6H.

When you play a creature in this lane, give it +6H. Then, destroy this.";;;"<b>Deploy:</b> Give a creature -9H.

When you play a creature in this lane, give it +9H. Then, destroy this.";0;0;0;0;0;0;0;0;0;0;0;0;0;0;0;0;0;0;0;0;0;0;0;0;0;0;0;0;0;0;0;0;0;0;1;0;0;0;0;0;0;0;0;0;0;0;0;0;0;0;0;0;0;0;0;0;0;0;0;1;0;0;0;0;0;0;0;0;0;0;0;1;0;0;0;0;0;1;0;0;0;0;0;0;0;1;0;0;0;0;0;0;0;0;0;0;0;0;0;0;0;0;0
blitzing;Blitzing;Tempys;XCXX;Modifier;;TRUE;;;;<b>Mobility</b> 1, <b>Breakthrough</b>;;;<b>Mobility</b> 1, <b>Breakthrough</b>;;;<b>Mobility</b> 1, <b>Breakthrough</b>;0;0;0;0;0;0;0;0;0;0;0;0;0;0;0;0;0;0;0;0;0;0;0;0;0;0;0;0;0;0;0;0;0;0;0;0;0;0;0;0;1;0;0;0;0;0;0;0;0;0;0;0;0;0;0;0;0;0;0;0;1;0;0;0;0;0;0;0;0;0;0;0;0;0;0;0;0;0;0;0;0;0;0;0;0;0;0;0;0;0;0;0;0;0;0;0;0;0;0;0;0;0;0
bloodletting;Bloodletting;Nekrium;XCXX;Modifier;;TRUE;;;;<b>Activate:</b> This deals 2 damage to you and gets +2A.;;;<b>Activate:</b> This deals 2 damage to you and gets +3A.;;;<b>Activate:</b> This deals 2 damage to you and gets +4A.;0;0;0;0;0;0;0;0;0;0;0;0;0;0;0;0;0;0;0;0;0;0;0;0;0;0;0;0;0;0;0;0;0;0;0;0;0;0;0;0;0;0;0;0;0;0;0;1;0;0;0;0;0;0;0;0;0;0;0;0;0;0;0;0;0;0;0;0;0;0;1;0;1;0;0;0;0;0;0;0;0;0;0;0;0;0;0;0;0;0;0;0;0;0;0;0;1;0;0;0;0;0;0
brashful;Brashful;Uterra;XCXX;Modifier;;TRUE;;;;<b>Aggressive</b>, <b>Breakthrough</b>;;;<b>Aggressive</b>, <b>Breakthrough</b>;;;<b>Aggressive</b>, <b>Breakthrough</b>;0;0;0;0;0;0;0;0;0;0;0;0;0;0;0;0;0;0;0;0;0;0;0;0;0;0;0;0;0;0;0;0;0;0;0;0;0;0;0;0;0;0;0;0;0;0;0;0;0;0;0;0;0;0;0;0;0;0;0;0;1;0;1;0;0;0;0;0;0;0;0;0;0;0;0;0;0;0;0;0;0;0;0;0;0;0;0;0;0;0;0;0;0;0;0;0;0;0;0;1;0;0;0
emboldening;Emboldening;Tempys;XCXX;Modifier;;TRUE;;;;<b>Deploy:</b> Adjacent creatures get +2A.;;;<b>Deploy:</b> Adjacent creatures get +3A.;;;<b>Deploy:</b> Adjacent creatures get +5A.;0;0;0;0;0;0;0;0;0;0;0;0;0;0;0;0;0;0;0;0;0;0;0;0;0;0;0;0;0;0;0;0;0;0;0;0;0;0;0;0;0;0;0;0;0;0;0;0;0;0;0;0;0;0;0;0;0;0;0;0;0;0;0;0;0;0;0;0;0;0;1;0;1;0;0;0;0;0;0;0;0;0;0;0;0;0;0;0;0;0;1;0;1;0;0;0;0;0;0;0;0;0;0
furious;Furious;Tempys;XCXX;Modifier;;TRUE;;;;<b>Activate:</b> Deal 2 damage to this to give it +2A.;;;<b>Activate:</b> Deal 2 damage to this to give it +4A.;;;<b>Activate:</b> Deal 2 damage to this to give it +6A.;0;0;0;0;0;0;0;0;0;0;0;0;0;0;0;0;0;0;0;0;0;0;0;0;0;0;0;0;0;0;0;0;0;0;0;0;0;0;0;0;0;0;0;0;0;0;0;1;0;0;0;0;0;0;0;0;0;0;0;0;0;0;0;0;0;0;0;0;0;0;1;0;1;0;0;0;0;0;0;0;0;0;0;1;0;0;0;0;0;0;0;0;0;0;0;0;0;0;0;0;0;0;0
mechanizing;Mechanizing;Alloyin;XCXX;Modifier;;TRUE;;;;Your other creatures are also Robots.;;;Your other creatures are also Robots.;;;Your other creatures are also Robots.;0;0;0;0;0;0;0;0;0;0;0;0;0;0;0;0;1;0;0;0;0;0;0;0;0;0;0;0;0;0;0;0;0;0;0;0;0;0;0;0;0;0;0;0;0;0;0;0;0;0;0;0;0;0;0;0;0;0;0;0;0;0;0;0;0;0;0;0;0;0;0;0;0;0;0;0;0;0;0;0;0;0;0;0;0;0;0;0;0;0;0;0;0;0;0;0;0;0;0;0;0;0;0
repurposed;Repurposed;Alloyin;XCXX;Modifier;;TRUE;;;;<b>Deploy:</b> If this replaced a creature, <b>Upgrade</b> a card in your hand, then discard it.;;;<b>Deploy:</b> If this replaced a creature, <b>Upgrade</b> up to two cards in your hand, then discard them.;;;<b>Deploy:</b> If this replaced a creature, <b>Upgrade</b> a card in your hand.;0;0;0;0;0;0;0;0;0;0;0;0;0;0;0;0;0;0;0;0;0;0;0;0;0;0;0;0;0;0;0;0;0;0;0;0;1;0;0;0;0;0;0;0;0;0;0;0;0;0;0;1;0;0;0;0;0;0;0;0;0;0;0;0;0;0;0;0;0;0;0;0;0;0;0;0;0;0;0;0;0;0;0;0;0;0;0;0;0;0;1;0;0;0;0;0;0;0;0;0;0;0;0
solemn;Solemn;Tempys;XCXX;Modifier;;TRUE;;;;<b>Deploy:</b> If this has no adjacent creatures, give it +2A,+2H.;;;<b>Deploy:</b> If this has no adjacent creatures, give it +3A,+3H.;;;<b>Deploy:</b> If this has no adjacent creatures, give it +5A,+5H.;0;0;0;0;0;0;0;0;0;0;0;0;0;0;0;0;0;0;0;0;0;0;0;0;0;0;0;0;0;0;0;0;0;0;0;0;0;0;0;0;0;0;0;0;0;0;0;0;0;0;0;0;0;0;0;0;0;0;0;0;0;0;0;0;0;0;0;0;0;1;0;0;1;0;0;0;0;0;0;0;0;0;0;0;0;0;0;0;0;0;1;0;0;0;0;0;0;0;0;0;0;0;0
zombifying;Zombifying;Nekrium;XCXX;Modifier;;TRUE;;;;Your other creatures are also Zombies.;;;Your other creatures are also Zombies.;;;Your other creatures are also Zombies.;0;0;0;0;0;0;0;0;0;0;0;0;0;0;0;0;0;0;0;0;0;0;0;0;0;0;0;0;0;1;0;0;0;0;0;0;0;0;0;0;0;0;0;0;0;0;0;0;0;0;0;0;0;0;0;0;0;0;0;0;0;0;0;0;0;0;0;0;0;0;0;0;0;0;0;0;0;0;0;0;0;0;0;0;0;0;0;0;0;0;0;0;0;0;0;0;0;0;0;0;0;0;0
medic;Medic;Alloyin;XCXX;Creature;Warrior;TRUE;;4;6;<b>Slay:</b> Give another one of your creatures +2H.;6;9;<b>Slay:</b> Give another one of your creatures +4H.;9;14;<b>Slay:</b> Give another one of your creatures +6H.;0;0;0;0;0;0;0;0;0;0;0;0;0;0;0;0;0;0;0;0;0;0;0;0;0;1;0;0;0;0;0;0;0;0;0;0;0;0;0;0;0;0;0;0;0;0;0;0;0;0;0;0;0;0;0;0;0;0;0;0;0;0;0;0;0;0;0;0;0;0;0;1;0;0;0;0;0;0;0;0;0;0;0;0;0;0;0;0;1;0;0;0;0;0;0;0;0;0;0;0;0;0;0
safeguard;Safeguard;Alloyin;XCXX;Creature;Robot;TRUE;;4;4;<b>Deploy:</b> If this is lower level than your Forgeborn, give your creatures 2D this turn.;6;6;<b>Deploy:</b> If this is lower level than your Forgeborn, give your creatures 4D this turn.;9;10;<b>Deploy:</b> If this is lower level than your Forgeborn, give your creatures 8D this turn.;0;0;0;0;0;0;0;0;0;0;0;0;0;0;0;0;1;0;1;0;0;0;0;0;0;0;0;0;0;0;0;0;0;0;0;0;0;0;0;0;0;0;0;0;1;0;0;0;0;0;0;0;0;0;0;0;0;0;0;0;0;0;0;0;0;0;0;0;0;0;0;0;0;0;0;0;0;0;0;0;0;0;0;0;0;0;0;0;0;0;1;0;0;0;0;0;0;0;0;0;0;0;0
patriarch;Patriarch;Uterra;XCXX;Creature;Dinosaur;TRUE;;5;5;When another one of your Dinosaurs comes into play, give it +2A,+2H.;7;7;When another one of your Dinosaurs comes into play, give it +4A,+4H.;10;11;When another one of your Dinosaurs comes into play, give it +6A,+6H.;0;0;0;0;1;1;0;0;0;0;0;0;0;0;0;0;0;0;0;0;0;0;0;0;0;0;0;0;0;0;0;0;0;0;0;0;0;0;0;0;0;0;0;0;0;0;0;0;0;0;0;0;0;0;0;0;0;0;0;0;0;0;0;0;0;0;0;0;0;1;0;0;1;0;0;0;0;0;0;0;0;0;0;0;0;0;0;0;0;0;0;0;0;0;0;0;0;0;0;0;0;0;0
ragescale-dragon;Ragescale Dragon;Alloyin;XLXX;Creature;Robot Dragon;FALSE;;6;4;"<b>Activate:</b> For each of the following creature types adjacent to this:
•  Beast: Give this <b>Breakthrough</b> this turn.
•  Warrior: Give this +2A.
•  Dragon: Deal 2 damage to a creature or player.";10;6;"<b>Activate:</b> For each of the following creature types adjacent to this:
•  Beast: Give this <b>Breakthrough</b> this turn.
•  Warrior: Give this +3A.
•  Dragon: Deal 3 damage to a creature or player.";15;11;"<b>Activate:</b> For each of the following creature types adjacent to this:
•  Beast: Give this <b>Breakthrough</b> this turn.
•  Warrior: Give this +4A.
•  Dragon: Deal 5 damage to a creature or player.";0;1;0;0;0;0;1;1;0;0;0;0;0;0;0;0;1;0;1;0;0;0;0;0;0;0;1;0;0;0;0;0;0;0;0;0;0;0;0;0;0;0;0;0;0;0;0;1;0;0;0;0;0;1;1;0;0;0;0;1;0;1;0;0;0;0;0;0;0;0;0;0;1;0;0;0;0;0;0;0;0;0;0;0;0;0;0;0;0;0;0;0;1;0;0;0;1;0;0;1;1;0;0
aetherscale-dragon;Aetherscale Dragon;Alloyin;XLXX;Creature;Robot Dragon;FALSE;;5;5;"<b>Activate:</b> For each of the following creature types adjacent to this:
* Spirit: Give this <b>Stealth</b> this turn.
* Mage: Give this +2A.
* Dragon: Deal 2 damage to a creature or player.";8;8;"<b>Activate:</b> For each of the following creature types adjacent to this:
* Spirit: Give this <b>Stealth</b> this turn.
* Mage: Give this +3A.
* Dragon: Deal 3 damage to a creature or player.";13;13;"<b>Activate:</b> For each of the following creature types adjacent to this:
* Spirit: Give this <b>Stealth</b> this turn.
* Mage: Give this +4A.
* Dragon: Deal 5 damage to a creature or player.";0;0;0;0;0;0;1;1;0;0;0;1;0;0;0;0;1;0;1;0;0;0;1;0;0;0;0;0;0;0;0;0;0;0;0;0;0;0;0;0;0;0;0;0;0;0;0;1;0;0;0;0;0;1;1;0;0;0;0;1;0;0;0;0;0;0;0;1;0;0;0;0;1;0;0;0;0;0;0;0;0;0;0;0;0;0;0;0;0;0;0;0;1;0;0;0;1;0;0;1;1;0;0
steelscale-dragon;Steelscale Dragon;Alloyin;XLXX;Creature;Robot Dragon;FALSE;;4;6;"<b>Activate:</b> For each of the following creature types adjacent to this:
* Scientist: Give this 1D this turn.
* Dinosaur: Give this +2A.
* Dragon: Deal 2 damage to a creature or player.";6;10;"<b>Activate:</b> For each of the following creature types adjacent to this:
* Scientist: Give this 2D this turn.
* Dinosaur: Give this +3A.
* Dragon: Deal 3 damage to a creature or player.";11;15;"<b>Activate:</b> For each of the following creature types adjacent to this:
* Scientist: Give this 3D this turn.
* Dinosaur: Give this +4A.
* Dragon: Deal 5 damage to a creature or player.";0;0;0;0;0;1;1;1;0;0;0;0;0;0;0;0;1;0;1;0;1;0;0;0;0;0;0;0;0;0;0;0;0;0;0;0;0;0;0;0;0;0;0;1;0;0;0;1;0;0;0;0;0;1;1;0;0;0;0;1;0;0;0;0;0;0;0;0;0;0;0;0;1;0;0;0;0;0;0;0;0;0;0;0;0;0;0;0;0;0;0;0;1;0;0;0;1;0;0;1;1;0;0
shardbound-vexxer;Shardbound Vexxer;Alloyin;XRRX;Creature;Metamind Mage;FALSE;;2;8;"<b>Mobility</b> 1

When this deals damage to a creature, it loses A instead of H. Then, if it has 0A, destroy it.";3;12;"<b>Mobility</b> 1

When this deals damage to a creature, it loses A instead of H. Then, if it has 0A, destroy it.";8;15;"<b>Mobility</b> 1

When this deals damage to a creature, it loses A instead of H. Then, if it has 0A, destroy it.";0;0;0;0;0;0;0;0;0;0;1;0;1;0;0;0;0;0;0;0;0;0;0;0;0;0;0;0;0;0;0;0;0;0;0;0;0;0;0;0;1;0;0;0;0;0;0;0;0;0;0;0;0;0;0;0;0;0;0;0;0;0;0;0;0;0;0;0;0;0;0;0;0;0;0;1;0;0;0;0;0;0;0;0;0;0;0;0;0;0;0;0;0;0;0;0;0;0;0;0;0;0;0
blightskull-bomb;Blightskull Bomb;Nekrium;XRRX;Spell;;FALSE;;;;"Each enemy player destroys one of their creatures.

You may give a Spirit +1A,+1H for each enemy creature in play.";;;"Choose two enemy creatures. The enemy player must destroy one.

You may give a Spirit +2A,+2H for each enemy creature in play.";;;"Destroy an enemy creature.

You may give a Spirit +3A,+3H for each enemy creature in play.";0;0;0;0;0;0;0;0;0;0;0;0;0;0;0;0;0;0;0;0;0;0;1;0;0;0;0;0;0;0;0;0;0;0;1;0;0;0;0;0;0;0;0;0;0;0;0;0;0;0;0;0;0;0;0;0;0;0;0;0.8;0;0;0;0;0;0;0;0;0;1;0;0;1;0;0;0;0;0;0;0;0;0;0;0;0;0;0;0;0;0;0;0;0;0;0;0;0;0;0;0;0;0;0
cacklebones;Cacklebones;Nekrium;XRRX;Creature;Zombie Dragon;FALSE;;1;9;"<b>Mobility</b> 1

<b>Slay:</b> You may destroy a [l1] creature. This ability can only trigger once per turn.";3;12;"<b>Mobility</b> 1

<b>Slay:</b> You may destroy a [l1] or [l2] creature. This ability can only trigger once per turn.";5;17;"<b>Mobility</b> 1

<b>Slay:</b> You may destroy a creature. This ability can only trigger once per turn.";0;0;0;0;0;0;1;0;0;0;0;0;0;0;0;0;0;0;0;0;0;0;0;0;0;0;0;0;0;1;0;0;0;0;0;0;0;0;0;0;1;0;0;0;0;0;0;0;0;0;0;0;0;0;0;0;0;0;0;1;0;0;0;0;0;0;0;0;0;0;0;0;0;0;0;0;0;0;0;0;0;0;0;0;0;0;0;0;1;0;0;0;0;0;0;0;0;0;0;0;0;0;0
unstable-vortex;Unstable Vortex;Tempys;XRRX;Creature;Elemental;FALSE;;1;8;"When you play a spell, give this +2A.

<b>Activate:</b> Deal damage equal to this creature's A to another creature. Then, destroy this.";2;11;"When you play a spell, give this +3A.

<b>Activate:</b> Deal damage equal to this creature's A to another creature. Then, destroy this.";3;16;"When you play a spell, give this +4A.

<b>Activate:</b> Deal damage equal to this creature's A to another creature. Then, destroy this.";0;0;0;0;0;0;0;0;1;0;0;0;0;0;0;0;0;0;0;0;0;0;0;0;0;0;0;0;0;0;0;0;0;1;0;0;0;0;0;0;0;0;0;0;0;0;0;1;0;0;0;0;0;0;0;0;0;0;0;0;0;0;0;0;0;0;0;0;0;0;0;0;1;0;0;0;0;0;0;0;0;1;0;0;0;0;0;0;0;0;0;0;0;0;0;0;0;0;0;0;0;0;0
arboris;Arboris;Uterra;XRRX;Creature;Dragon;FALSE;;4;4;"<b>Breakthrough</b>

<b>Deploy:</b> If you have more than 50H, give this +3A,+3H.";7;7;"<b>Breakthrough</b>

<b>Deploy:</b> If you have more than 50H, give this +5A,+5H.";15;15;"<b>Breakthrough</b>

<b>Deploy:</b> If you have more than 50H, give this +85A,+85H.";0;0;0;0;0;0;1;0;0;0;0;0;0;0;0;0;0;0;0;0;0;0;0;0;0;0;0;0;0;0;0;0;0;0;0;0;0;0;0;1;0;0;0;0;0;0;0;0;0;0;0;0;0;0;0;0;0;0;0;0;1;0;0;0;0;0;0;0;0;0;0;0;1;0;0;0;0;0;0;0;0;0;0;0;0;0;0;0;0;0;1;0;0;0;0;0;0;0;0;0;0;1;0
carnivorous-taro;Carnivorous Taro;Uterra;XRRX;Creature;Plant;FALSE;;2;3;"<b>Deploy:</b> You gain 2H.

When you gain H, give this +2A,+2H.";4;5;"<b>Deploy:</b> You gain 3H.

When you gain H, give this +3A,+3H.";6;7;"<b>Deploy:</b> You gain 5H.

When you gain H, give this +5A,+5H.";0;0;0;0;0;0;0;0;0;0;0;0;0;0;1;0;0;0;0;0;0;0;0;0;0;0;0;0;0;0;0;0;0;0;0;0;0;1;1;0;0;0;0;0;0;0;0;0;0;0;0;0;0;0;0;0;0;0;0;0;0;0;0;0;0;0;0;0;0;0;0;0;1;0;0;0;0;0;0;0;0;0;0;0;0;0;0;0;0;0;1;0;0;0;0;0;0;0;0;1;0;0;0
spirit-charm;Spirit Charm;Uterra;XRRX;Spell;;FALSE;;;;"Choose one. If you have a Spirit in play, choose two instead:
•  Give a creature +4H.
•  <b>Exhaust</b> a creature and it gets <b>Defender</b> this turn.
•  Deal 5 damage to an <b>Exhausted</b> creature.";;;"Choose one. If you have a Spirit in play, choose two instead:
•  Give a creature +6H.
•  <b>Exhaust</b> a creature and it gets <b>Defender</b> this turn.
•  Deal 7 damage to an <b>Exhausted</b> creature.";;;"Choose one. If you have a Spirit in play, choose two instead:
•  Give a creature +10H.
•  <b>Exhaust</b> a creature and it gets <b>Defender</b> this turn.
•  Deal 12 damage to an <b>Exhausted</b> creature.";0;0;0;0;0;0;0;0;0;0;0;0;0;0;0;0;0;0;0;0;0;0;1;0;0;0;0;0;0;0;0;0;0;0;1;0;0;0;0;0;0;0;0;0;0;0;0;0;0;0;0;0;0;0;0;0;0;0;0;0;0;0;0;0;0;0;1;0;0;0;0;1;0;0;0;0;0;0;0;0;0;0;0;0;0;0;0;0;0;0;0;0;0;0;0;0;0;0;0;0;0;0;0
wolfstar-djinn;Wolfstar Djinn;Uterra;XRRX;Creature;Spirit;FALSE;;4;4;When you use your Forgeborn's ability, give this +4A,+4H.;5;5;When you use your Forgeborn's ability, give this +5A,+5H.;6;6;When you use your Forgeborn's ability, double this creature's A and H.;0;0;0;0;0;0;0;0;0;0;0;0;0;0;0;0;0;0;0;0;0;1;0;1;0;0;0;0;0;0;0;0;0;0;0;0;0;0;0;0;0;0;0;0;0;0;0;0;0;0;0;0;0;0;0;0;0;0;0;0;0;0;0;0;0;0;0;0;0;0;0;0;1;0;0;0;0;0;0;0;0;0;0;0;0;0;0;0;0;0;0;0;0;0;0;0;0;0;0;0;0;0;0
noxious;Noxious;Uterra;XRRX;Modifier;;TRUE;;;;<b>Deploy:</b> Deal 4 damage to all <b>Exhausted</b> enemy creatures.;;;<b>Deploy:</b> Deal 8 damage to all <b>Exhausted</b> enemy creatures.;;;<b>Deploy:</b> Destroy all <b>Exhausted</b> enemy creatures.;0;0;0;0;0;0;0;0;0;0;0;0;0;0;0;0;0;0;0;0;0;0;0;0;0;0;0;0;0;0;0;0;0;0;0;0;0;0;0;0;0;0;0;0;0;0;0;0;0;0;0;0;0;0;0;0;0;0;0;1;0;0;0;0;0;0;0;0;0;0;0;0;0;0;0;0;0;0;0;0;0;0;0;0;0;0;0;0;0;0;1;0;0;0;0;0;0;0;0;0;0;0;0
prepared;Prepared;Alloyin;XRRX;Modifier;;TRUE;;;;<b>Deploy:</b> <b>Ready</b> one of your creatures.;;;<b>Deploy:</b> <b>Ready</b> one of your creatures.;;;<b>Deploy:</b> <b>Ready</b> one of your creatures.;0;0;0;0;0;0;0;0;0;0;0;0;0;0;0;0;0;0;0;0;0;0;0;0;0;0;0;0;0;0;0;0;0;0;0;0;0;0;0;0;0;0;0;0;0;0;0;0;1;0;0;0;0;0;0;0;0;0;0;0;0;0;0;0;0;0;0;0;0;0;0;0;0;0;0;0;0;0;0;0;0;0;0;0;0;0;0;0;0;0;1;0;0;0;0;0;0;0;0;0;0;0;0
progressive;Progressive;Alloyin;XRRX;Modifier;;TRUE;;;;When another one of your creatures replaces a creature, give it +2A,+2H.;;;When another one of your creatures replaces a creature, give it +3A,+3H.;;;When another one of your creatures replaces a creature, give it +5A,+5H.;0;0;0;0;0;0;0;0;0;0;0;0;0;0;0;0;0;0;0;0;0;0;0;0;0;0;0;0;0;0;0;0;0;0;0;0;1;0;0;0;0;0;0;0;0;0;0;0;0;0;0;0;0;0;0;0;0;0;0;0;0;0;0;0;0;0;0;0;0;1;0;0;1;0;0;0;0;0;0;0;0;0;0;0;0;0;0;0;0;0;0;0;0;0;0;0;0;0;0;0;0;0;0
researching;Researching;Alloyin;XRRX;Modifier;;TRUE;;;;When you <b>Upgrade</b> a card, give this +2A,+2H.;;;When you <b>Upgrade</b> a card, give this +3A,+3H.;;;When you <b>Upgrade</b> a card, give this +5A,+5H.;0;0;0;0;0;0;0;0;0;0;0;0;0;0;0;0;0;0;0;0;0;0;0;0;0;0;0;0;0;0;0;0;0;0;0;0;0;0;0;0;0;0;0;0;0;0;0;0;0;0;0;1;1;0;0;0;0;0;0;0;0;0;0;0;0;0;0;0;0;0;0;0;1;0;0;0;0;0;0;0;0;0;0;0;0;0;0;0;0;0;0;0;0;0;0;0;0;0;0;0;0;0;0
rolling;Rolling;Tempys;XRRX;Modifier;;TRUE;;;;"<b>Mobility</b> 1

When this moves into a lane with an opposing creature, deal 2 damage to that creature.";;;"<b>Mobility</b> 1

When this moves into a lane with an opposing creature, deal 3 damage to that creature.";;;"<b>Mobility</b> 1

When this moves into a lane with an opposing creature, deal 5 damage to that creature.";0;0;0;0;0;0;0;0;0;0;0;0;0;0;0;0;0;0;0;0;0;0;0;0;0;0;0;0;0;0;0;0;0;0;0;0;0;0;0;0;1;0;1;0;0;0;0;0;0;0;0;0;0;0;0;0;0;0;0;0;0;0;0;0;0;0;0;0;0;0;0;0;0;0;0;0;0;0;0;0;0;0;0;0;0;0;0;0;0;0;0;0;0;0;0;0;0;0;0;0;0;0;0
spiky;Spiky;Uterra;XRRX;Modifier;;TRUE;;;;At the start of combat, this deals 2 damage to the opposing creature.;;;At the start of combat, this deals 3 damage to the opposing creature.;;;At the start of combat, this deals 5 damage to the opposing creature.;0;0;0;0;0;0;0;0;0;0;0;0;0;0;0;0;0;0;0;0;0;0;0;0;0;0;0;0;0;0;0;0;0;0;0;0;0;0;0;0;0;0;0;0;0;0;0;0;0;0;0;0;0;0;0;0;0;0;0;0;0;0;0;0;0;0;0;0;0;0;0;0;0;0;0;0;0;0;0;0;0;0;0;0;0;0;0;0;0;0;0;0;0;0;0;0;0;0;0;0;0;0;0
vile;Vile;Nekrium;XRRX;Modifier;;TRUE;;;;<b>Deploy:</b> Destroy one of your creatures.;;;<b>Deploy:</b> Destroy one of your creatures.;;;<b>Deploy:</b> Destroy one of your creatures.;0;0;0;0;0;0;0;0;0;0;0;0;0;0;0;0;0;0;0;0;0;0;0;0;0;0;0;0;0;0;0;0;0;0;0;0;0;0;0;0;0;0;0;0;0;0;0;0;0;0;0;0;0;0;0;0;0;0;0;0;0;0;0;0;0;0;0;0;0;0;0;0;0;0;0;0;0;0;0;0;1;0;0;0;0;0;0;0;0;0;1;0;0;0;0;0;0;0;0;0;0;0;1
windy;Windy;Tempys;XRRX;Modifier;;TRUE;;;;<b>Deploy:</b> Deal 1 damage to a creature for each spell in your banish pile.;;;<b>Deploy:</b> Deal 1 damage to a creature for each spell in your banish pile.;;;<b>Deploy:</b> Deal 2 damage to a creature for each spell in your banish pile.;0;0;0;0;0;0;0;0;0;0;0;0;0;0;0;0;0;0;0;0;0;0;0;0;0;0;0;0;0;0;0;0;0;1;0;0;0;0;0;0;0;0;0;0;0;0;0;0;0;0;0;0;0;0;0;0;0;0;0;1;0;0;0;0;0;0;0;0;0;0;0;0;0;0;0;0;0;0;0;0;0;0;0;0;0;0;0;0;0;0;1;0;0;0;0;0;0;0;0;0;0;0;0
engineer;Engineer;Alloyin;XRRX;Creature;Warrior Scientist;TRUE;;3;6;<b>Deploy:</b> If you have a creature with D in play, give this +3A.;6;10;<b>Deploy:</b> If you have a creature with D in play, give this +5A.;10;15;<b>Deploy:</b> Give this +5A for each creature with D you have in play.;0;0;0;0;0;0;0;0;0;0;0;0;0;0;0;0;0;0;0;1;0;0;0;0;0;1;0;0;0;0;0;0;0;0;0;0;0;0;0;0;0;0;0;0;0;1;0;0;0;0;0;0;0;0;0;0;0;0;0;0;0;0;0;0;0;0;0;0;0;0;0;0;1;0;0;0;0;0;0;0;0;0;0;0;0;0;0;0;0;0;1;0;0;0;0;0;0;0;0;0;0;0;0
devourer;Devourer;Nekrium;XRRX;Creature;Ooze Beast;TRUE;;6;4;<b>Deploy:</b> You may destroy one of your <b>Exalts</b> to destroy a creature of the same level.;9;7;<b>Deploy:</b> You may destroy one of your <b>Exalts</b> to destroy a creature of the same level.;13;12;<b>Deploy:</b> You may destroy one of your <b>Exalts</b> to destroy a creature of the same level.;1;0;0;0;0;0;0;0;0;0;0;0;0;0;0;0;0;0;0;0;0;0;0;0;0;0;0;0;0;0;0;0;0;0;0;0;0;0;0;0;0;0;0;0;0;0;0;0;0;0;0;0;0;0;0;0;0;0;0;1;0;0;0;0;0;0;0;0;0;0;0;0;0;0;0;0;0;0;0;0;0;0;0;0;0;0;1;0;0;0;1;0;0;0;0;0;0;0;0;0;0;0;0
evoker;Evoker;Tempys;XRRX;Creature;Mage;TRUE;;6;4;When you play a spell, give this +1A,+1H.;8;6;When you play a spell, give this +2A,+2H.;11;10;When you play a spell, give this +3A,+3H.;0;0;0;0;0;0;0;0;0;0;1;0;0;0;0;0;0;0;0;0;0;0;0;0;0;0;0;0;0;0;0;0;0;1;0;0;0;0;0;0;0;0;0;0;0;0;0;0;0;0;0;0;0;0;0;0;0;0;0;0;0;0;0;0;0;0;0;0;0;0;0;0;1;0;0;0;0;0;0;0;0;0;0;0;0;0;0;0;0;0;0;0;0;0;0;0;0;0;0;0;0;0;0
sower;Sower;Uterra;XRRX;Creature;Mage;TRUE;;3;6;<b>Deploy:</b> You gain 3H. Give your Plants +3H.;5;9;<b>Deploy:</b> You gain 4H. Give your Plants +4H.;8;14;<b>Deploy:</b> You gain 5H. Give your Plants +5H.;0;0;0;0;0;0;0;0;0;0;1;0;0;0;0;1;0;0;0;0;0;0;0;0;0;0;0;0;0;0;0;0;0;0;0;0;0;1;0;0;0;0;0;0;0;0;0;0;0;0;0;0;0;0;0;0;0;0;0;0;0;0;0;0;0;0;0;0;0;0;0;1;0;0;0;0;0;0;0;0;0;0;0;0;0;0;0;0;0;0;1;0;0;0;0;0;0;0;0;0;0;0;0
bulwark-bash;Bulwark Bash;Alloyin;XRXX;Spell;;FALSE;;;;"Give a creature 2D this turn.

You may deal damage equal to its D to an enemy creature.";;;"Give a creature 5D this turn.

You may deal damage equal to its D to an enemy creature.";;;"Give a creature 10D this turn.

You may deal damage equal to its D to an enemy creature.";0;0;0;0;0;0;0;0;0;0;0;0;0;0;0;0;0;0;0;0;0;0;0;0;0;0;0;0;0;0;0;0;0;0;1;0;0;0;0;0;0;0;0;0;1;1;0;0;0;0;0;0;0;0;0;0;0;0;0;0;0;0;0;0;0;0;0;0;0;0;0;0;0;0;0;0;0;0;0;0;0;0;0;0;0;0;0;0;0;0;0;0;0;0;0;0;0;0;0;0;0;0;0
duplication-dome;Duplication Dome;Alloyin;XRXX;Spell;Exalt;FALSE;;;;When you play a creature with <b>Deploy</b> in this lane, give it +2A,+2H.;;;"<b>Deploy:</b> Destroy your [l1] Duplication Dome. You may play a creature with <b>Deploy</b> for <b>Free</b>.

When you play a creature with <b>Deploy</b> in this lane, give it +3A,+3H.";;;"<b>Deploy:</b> Destroy your [l1] and [l2] Duplication Dome. You may play a creature with <b>Deploy</b> for <b>Free</b>.

When you play a creature with <b>Deploy</b> in this lane, give it +4A,+4H. Then, you may repeat one of its <b>Deploy</b> abilities.";0;0;0;0;0;0;0;0;0;0;0;0;0;0;0;0;0;0;0;0;0;0;0;0;0;0;0;0;0;0;0;0;0;0;1;0;0;0;0;0;0;0;0;0;0;0;0;0;0;0.7;0;0;0;0;0;0;0;0;0;0;0;0;0;0;0;0;0;0;0;1;0;0;1;0;0;0;0;0;0;0;0;0;0;0;0;1;0;0;0;0;0;1;0;0;0;0;0;0;0;0;0;0;0
steelgraft;Steelgraft;Alloyin;XRXX;Spell;;FALSE;;;;Give up to two creatures +3A. This turn, they get 3D.;;;Give up to two creatures +5A. This turn, they get 5D.;;;Give up to two creatures +7A. This turn, they get 7D.;0;0;0;0;0;0;0;0;0;0;0;0;0;0;0;0;0;0;0;0;0;0;0;0;0;0;0;0;0;0;0;0;0;0;1;0;0;0;0;0;0;0;0;0;1;0;0;0;0;0;0;0;0;0;0;0;0;0;0;0;0;0;0;0;0;0;0;0;0;0;1;0;1;0;0;0;0;0;0;0;0;0;0;0;0;0;0;0;0;0;0;0;0;0;0;0;0;0;0;0;0;0;0
syntetas-laboratory;Synteta's Laboratory;Alloyin;XRXX;Spell;Exalt;FALSE;;;;"<b>Deploy:</b> You may Play a Gizmo <b>Minion</b>.

When you replace a creature in this lane, you may play a Gizmo <b>Minion</b> in one of your empty lanes.";;;"<b>Deploy:</b> Destroy your [l1] Synteta's Laboratory. You may play a Gizmo <b>Minion</b>.

When you replace a creature in this lane, you may play up to two Gizmo <b>Minions</b> in your empty lanes.";;;"<b>Deploy:</b> Destroy your [l1] and [l2] Synteta's Laboratory. You may play a Mega Gizmo <b>Minion</b>.

When you replace a creature in this lane, you may play a Mega Gizmo <b>Minion</b> in one of your empty lanes.";0;0;0;0;0;0;0;0;0;0;0;0;0;0;0;0;1;0;0;0;0;0;0;0;0;0;0;0;0;0;0;1;0;0;1;1;1;0;0;0;0;0;0;0;0;0;0;0;0;0;0;0;0;0;0;0;0;0;0;0;0;0;0;0;0;0;0;0;0;1;0;0;1;0;0;0;0;0;0;0;0;0;0;0;0;1;0;0;0;0;0;0;0;0;0;0;0;0;0;0;0;0;0
vid-icarus;Vid Icarus;Alloyin;XRXX;Creature;Robot Warrior;FALSE;;3;5;"<b>Activate:</b> Deal 1 damage to a creature.

<b>Slay:</b> <b>Ready</b> this.";4;7;"<b>Activate:</b> Deal 2 damage to a creature.

<b>Slay:</b> <b>Ready</b> this.";5;11;"<b>Activate:</b> Deal 3 damage to a creature.

<b>Slay:</b> <b>Ready</b> this.";0;0;0;0;0;0;0;0;0;0;0;0;0;0;0;0;1;0;1;0;0;0;0;0;0;1;0;0;0;0;0;0;0;0;0;0;0;0;0;0;0;0;0;0;0;0;0;1;0;0;0;0;0;0;0;0;0;0;0;1;0;0;0;0;0;0;0;0;0;0;0;0;0;0;0;0;0;0;0;0;0;0;0;0;0;0;0;0;1;0;0;0;0;0;0;0;0;0;0;1;0;0;0
darkshapers-ritual;Darkshaper's Ritual;Nekrium;XRXX;Spell;;FALSE;;;;"Choose one. If you have a Beast in play, choose two instead:
•  When a creature is destroyed this turn, you gain +2H.
•  Play a Mindless Zombie <b>Minion</b>.
•  Each enemy player must destroy one of their creatures.";;;"Choose one. If you have a Beast in play, choose two instead:
•  When a creature is destroyed this turn, you gain +3H.
•  Play up to two Mindless Zombies <b>Minions</b>.
•  Each enemy player must destroy one of their creatures.";;;"Choose one. If you have a Beast in play, choose two instead:
•  When a creature is destroyed this turn, you gain +4H.
•  Play up to two Zombie Brute <b>Minions</b>.
•  Each enemy player must destroy one of their creatures.";0;1;0;0;0;0;0;0;0;0;0;0;0;0;0;0;0;0;0;0;0;0;0;0;0;0;0;0;0;1;0;1;0;0;1;0;0;0;0;0;0;0;0;0;0;0;0;0;0;0;0;0;0;0;0;0;0;0;0;0;0;0;0;0;0;0;0;0;0;0;0;1;0;0;0;0;0;0;1;0;0;0;1;0;0;0;0;0;0;0;0;0;0;0;0;0;0;0;0;0;0;0;0
glorph-glob;Glorph Glob;Nekrium;XRXX;Creature;Ooze;FALSE;;2;2;<b>Deploy:</b> Give this A and H equal to the H of one of your creatures. Then, destroy that creature.;5;5;<b>Deploy:</b> Give this A and H equal to the H of one of your creatures. Then, destroy that creature.;5;5;<b>Deploy:</b> Give this A and H equal to twice the H of one of your creatures. Then, destroy that creature.;0;0;0;0;0;0;0;0;0;0;0;0;0;0;0;0;0;0;0;0;0;0;0;0;0;0;0;0;0;0;0;0;0;0;0;0;0;0;0;0;0;0;0;0;0;0;0;0;0;0;0;0;0;0;0;0;0;0;0;0;0;0;0;0;0;0;0;0;0;1;0;1;1;0;0;0;0;0;0;0;1;0;0;0;0;0;0;0;0;0;1;0;0;0;0;0;0;0;0;0;0;0;0
plague-spewer;Plague Spewer;Nekrium;XRXX;Creature;Beast;FALSE;;3;6;<b>Deploy:</b> Choose a Faction. Give all other creatures of that Faction -1A,-1H.;4;9;<b>Deploy:</b> Choose a Faction. Give all other creatures of that Faction -2A,-2H.;7;12;<b>Deploy:</b> Choose a Faction. Give all other creatures of that Faction -3A,-3H.;1;0;0;0;0;0;0;0;0;0;0;0;0;0;0;0;0;0;0;0;0;0;0;0;0;0;0;0;0;0;0;0;0;0;0;0;0;0;0;0;0;0;0;0;0;0;0;0;0;0;0;0;0;0;0;0;0;0;0;1;0;0;0;0;0;0;0;0;0;0;0;0;0;0;0;0;0;0;0;0;0;0;0;0;0;0;0;0;0;0;1;0;0;0;0;0;0;0;0;0;0;0;0
red-wasteland;Red Wasteland;Nekrium;XRXX;Spell;Exalt;FALSE;;;;"<b>Deploy:</b> You may destroy one of your creatures.

When one of your creatures is destroyed before combat, give your creatures in this lane +2A,+2H.";;;"<b>Deploy:</b> Destroy your [l1] Red Wasteland. You may destroy one of your creatures to play a card for <b>Free</b>.

When one of your creatures is destroyed before combat, give your creatures in this lane +3A,+3H.";;;"<b>Deploy:</b> Destroy your [l1] and [l2] Red Wasteland. You may destroy one of your creatures to play a card for <b>Free</b>.

When one of your creatures is destroyed before combat, give your creatures in this lane +5A,+5H.";0;0;0;0;0;0;0;0;0;0;0;0;0;0;0;0;0;0;0;0;0;0;0;0;0;0;0;0;0;0;0;0;0;0;1;0;0;0;0;0;0;0;0;0;0;0;0;0;0;0.7;0;0;0;0;0;0;0;0;0;0;0;0;0;0;0;0;0;0;0;1;0;0;1;0;0;0;0;0;0;1;1;0;1;0;0;1;0;0;0;0;0;0;0;0;0;0;0;0;0;0;0;0;0
witherfrost-circle;Witherfrost Circle;Nekrium;XRXX;Spell;Exalt;FALSE;;;;"<b>Deploy:</b> Give a creature -2A,-2H.

When an enemy creature is destroyed in this lane, <b>Upgrade</b> a [l1] card in your discard pile.";;;"<b>Deploy:</b> Destroy your [l1] Witherfrost Circle. Give a creature -4A,-4H.

When an enemy creature is destroyed in this lane, <b>Upgrade</b> a card in your discard pile.";;;"<b>Deploy:</b> Destroy your [l1] and [l2] Witherfrost Circle. Give a creature -6A,-6H.

When an enemy creature is destroyed in this lane, play a random card from your discard pile.";0;0;0;0;0;0;0;0;0;0;0;0;0;0;0;0;0;0;0;0;0;0;0;0;0;0;0;0;0;0;0;0;0;0;1;0;0;0;0;0;0;0;0;0;0;0;0;0;0;0;0;0.9;0;0;0;0;0;0;0;1;0;0;0;0;0;0;0;0;0;0;0;0;0;0;1;0;0;0;0;0;0;0;1;0;0;1;0;0;0;0;0;0;0;0;0;0;0;0;0;0;0;0;0
elementalist-ritual;Elementalist Ritual;Tempys;XRXX;Spell;;FALSE;;;;"Choose one. If you have an Elemental in play, choose two instead:
•  Non-combat damage you deal this turn is increased by 2.
•  Deal 3 damage to a creature or player.
•  Deal 2 damage to all non-Elemental creatures.";;;"Choose one. If you have an Elemental in play, choose two instead:
•  Non-combat damage you deal this turn is increased by 3.
•  Deal 5 damage to a creature or player.
•  Deal 3 damage to all non-Elemental creatures.";;;"Choose one. If you have an Elemental in play, choose two instead:
•  Non-combat damage you deal this turn is increased by 4.
•  Deal 7 damage to a creature or player.
•  Deal 4 damage to all non-Elemental creatures.";0;0;0;0;0;0;0;0;0;1;0;0;0;0;0;0;0;0;0;0;0;0;0;0;0;0;0;0;0;0;0;0;0;0;1;0;0;0;0;0;0;0;0;0;0;0;0;0;0;0;0;0;0;1;0;0;0;0;0;1;0;0;0;0;0;0;0;0;0;0;0;0;0;0;0;0;0;0;0;0;0;0;0;0;0;0;0;0;0;0;0;0;0;0;0;0;1;0;0;1;0;0;0
fireheart-idol;Fireheart Idol;Tempys;XRXX;Spell;Exalt;FALSE;;;;When you play a creature in this lane or play another spell, put a counter on this. Then, if there are 4 or more counters on this, you may destroy this to deal 6 damage to a creature and player.;;;When you play a creature in this lane or play another spell, put a counter on this. Then, if there are 3 or more counters on this, you may destroy this to deal 7 damage to a creature and player.;;;When you play a creature in this lane or play another spell, put a counter on this. Then, if there are 2 or more counters on this, you may destroy this to deal 8 damage to a creature and player.;0;0;0;0;0;0;0;0;0;0;0;0;0;0;0;0;0;0;0;0;0;0;0;0;0;0;0;0;0;0;0;0;0;1;1;0;0;0;0;0;0;0;0;0;0;0;0;0;0;0;0;0;0;1;0;0;0;0;0;1;0;0;0;0;0;0;0;0;0;0;0;0;0;0;0;0;0;0;0;0;0;0;0;0;0;1;0;1;0;0;0;0;0;0;0;0;0;0;0;0;0;0;0
herald-of-fury;Herald of Fury;Tempys;XRXX;Creature;Warrior Mage;FALSE;;5;3;<b>Deploy:</b> You may deal 5 damage to one of your creatures. Then, if that creature is not destroyed, you may play a [l1] spell for <b>Free</b>.;7;5;<b>Deploy:</b> You may deal 5 damage to one of your creatures. Then, if that creature is not destroyed, you may play a [l1] or [l2] spell for <b>Free</b>.;9;7;<b>Deploy:</b> You may deal 5 damage to one of your creatures. Then, if that creature is not destroyed, you may play a spell for <b>Free</b>.;0;0;0;0;0;0;0;0;0;0;1;0;0;0;0;0;0;0;0;0;0;0;0;0;0;1;0;0;0;0;0;0;0;1;0;0;0;0;0;0;0;0;0;0;0;0;0;0;0;1;0;0;0;0;0;0;0;0;0;0;0;0;0;0;0;0;0;0;0;0;0;0;0;0;0;0;0;0;0;1;0;0;1;1;0;0;0;0;0;0;1;0;0;0;0;0;0;0;0;0;0;0;0
mystical-teacher;Mystical Teacher;Tempys;XRXX;Creature;Mage;FALSE;;4;5;"<b>Mobility</b> 1

When you play an Elemental in a lane adjacent to this, deal 2 damage to a creature or player.";5;7;"<b>Mobility</b> 2

When you play an Elemental in a lane adjacent to this, deal 4 damage to a creature or player.";7;11;"<b>Mobility</b> 3

When you play an Elemental in a lane adjacent to this, deal 6 damage to a creature or player.";0;0;0;0;0;0;0;0;0;1;1;0;0;0;0;0;0;0;0;0;0;0;0;0;0;0;0;0;0;0;0;0;0;0;0;0;0;0;0;0;1;0;0;0;0;0;0;0;0;0;0;0;0;1;1;0;0;0;0;1;0;0;0;0;0;0;0;0;0;0;0;0;0;0;0;0;0;0;0;0;0;0;0;0;0;0;0;0;0;0;0;0;1;0;0;0;0;0;0;0;0;0;0
stompede;Stompede;Tempys;XRXX;Spell;;FALSE;;;;"Deal 2 damage to a creature. This damage ignores D.

Repeat the above ability for each Dinosaur you have in play.";;;"Deal 4 damage to a creature. This damage ignores D.

Repeat the above ability for each Dinosaur you have in play.";;;"Deal 7 damage to a creature. This damage ignores D.

Repeat the above ability for each Dinosaur you have in play.";0;0;0;0;0;1;0;0;0;0;0;0;0;0;0;0;0;0;0;0;0;0;0;0;0;0;0;0;0;0;0;0;0;0;1;0;0;0;0;0;0;0;0;0;0;1;0;0;0;0;0;0;0;0;0;0;0;0;0;1;0;0;0;0;0;0;0;0;0;0;0;0;0;0;0;0;0;0;0;0;0;0;0;0;0;0;0;0;0;0;0;0;0;0;0;0;0;0;0;0;0;0;0
thundercrash-field;Thundercrash Field;Tempys;XRXX;Spell;Exalt;FALSE;;;;"<b>Deploy:</b> You may play a Spell Sprite <b>Minion</b> in this lane.

When one of your creatures in this lane gains A, deal 2 damage to the enemy player.";;;"<b>Deploy:</b> You may play a Spell Sprite <b>Minion</b> in this lane.

When one of your creatures in this lane gains A, deal 2 damage to the enemy player.";;;"<b>Deploy:</b> You may play a Spell Swarm <b>Minion</b> in each Thundercrash Field.

When one of your creatures in this lane gains A, deal 2 damage to the enemy player.";0;0;0;0;0;0;0;0;1;0;0;0;0;0;0;0;0;0;0;0;0;0;0;0;0;0;0;0;0;0;0;1;0;1;1;0;0;0;0;0;0;0;0;0;0;0;0;0;0;0;0;0;0;1;0;0;0;0;0;0;0;0;0;0;0;0;0;0;0;0;0;0;1;0;0;0;0;0;0;0;0;0;0;0;0;1;0;0;0;0;0;0;0;0;0;0;0;0;0;0;0;0;0
brambleaxe-warrior;Brambleaxe Warrior;Uterra;XRXX;Creature;Warrior;FALSE;;2;8;At the end of the deck cycle, give this +6A.;4;12;At the end of the deck cycle, give this +8A.;7;25;At the end of the deck cycle, give this +18A.;0;0;0;0;0;0;0;0;0;0;0;0;0;0;0;0;0;0;0;0;0;0;0;0;0;1;0;0;0;0;0;0;0;0;0;0;0;0;0;0;0;0;0;0;0;0;0;0;0;0;0;0;0;0;0;0;0;0;0;0;0;0;0;0;0;0;0;0;0;0;0;0;1;0;0;0;0;0;0;0;0;0;0;0;0;0;0;0;0;0;0;0;0;0;0;0;0;0;0;0;0;0;0
glowhive-nursery;Glowhive Nursery;Uterra;XRXX;Spell;Exalt;FALSE;;;;"<b>Deploy:</b> You may play a Wisp <b>Minion</b>.

When you play a <b>Minion</b> in this lane, give it +2A,+2H.";;;"<b>Deploy:</b> You may play up to two Wisp <b>Minions</b>.

When you play a <b>Minion</b> in this lane, give it +4A,+4H.";;;"<b>Deploy:</b> You may play up to three Wisp <b>Minions</b>.

When you play a <b>Minion</b> in this lane, give it +6A,+6H.";0;0;0;0;0;0;0;0;0;0;0;0;0;0;0;0;0;0;0;0;0;1;0;0;0;0;0;0;0;0;0;1;1;0;1;0;0;0;0;0;0;0;0;0;0;0;0;0;0;0;0;0;0;0;0;0;0;0;0;0;0;0;0;0;0;0;0;0;0;1;0;0;1;0;0;0;0;0;0;0;0;0;0;0;0;1;0;0;0;0;0;0;0;0;0;0;0;0;0;0;0;0;0
heart-tree;Heart Tree;Uterra;XRXX;Spell;Exalt;FALSE;;;;"<b>Deploy:</b> Give a creature +3H.

When you gain H, you may give a creature in this lane +3H.";;;"<b>Deploy:</b> Destroy your [l1] Heart Tree. Give a creature +6H.

When you gain H, you may give a creature in this lane +6H.";;;"<b>Deploy:</b> Destroy your [l1] and [l2] Heart Tree. Give a creature +10H.

When you gain H, you may give a creature in this lane +10H.";0;0;0;0;0;0;0;0;0;0;0;0;0;0;0;0;0;0;0;0;0;0;0;0;0;0;0;0;0;0;0;0;0;0;1;0;0;0;1;0;0;0;0;0;0;0;0;0;0;0;0;0;0;0;0;0;0;0;0;0;0;0;0;0;0;0;0;0;0;0;0;1;0;0;0;0;0;0;0;0;0;0;0;0;0;1;0;0;0;0;0;0;0;0;0;0;0;0;0;0;0;0;0
patriarchs-binding;Patriarch's Binding;Uterra;XRXX;Spell;;FALSE;;;;"Choose two:
•  Play a Gizmo <b>Minion</b>.
•  Play a Mindless Zombie <b>Minion</b>.
•  Play a Spell Sprite <b>Minion</b>.
•  Play a Wisp <b>Minion</b>.";;;"Choose one:
•  Play a Mega Gizmo <b>Minion</b>.
•  Play a Zombie Brute <b>Minion</b>.
•  Play a Spell Swarm <b>Minion</b>.
•  Play an Oakfather <b>Minion</b>.";;;"Choose two:
•  Play a Mega Gizmo <b>Minion</b>.
•  Play a Zombie Brute <b>Minion</b>.
•  Play a Spell Swarm <b>Minion</b>.
•  Play an Oakfather <b>Minion</b>.";0;0;0;0;0;0;0;0;1;0;0;0;0;0;0.7;0;1;0;0;0;0;1;0;0;0;0;0;0;0;1;0;1;0;1;1;1;0;0;0;0;0;0;0;0;0;0;0;0;0;0;0;0;0;0;0;0;0;0;0;0;0.7;0;0;0;0;0;0;0;0;1;0;0;1;0;0;0;0;0;0;0;0;0;0;0;0;0;0;0;0;0;0;0;0;0;0;0;0;0;0;0;0;0;0
doom;Doom;Nekrium;XRXX;Modifier;;TRUE;;;;<b>Deploy:</b> You may destroy another one of your creatures to deal 5 damage to a creature or player.;;;<b>Deploy:</b> You may destroy another one of your creatures to deal 7 damage to a creature or player.;;;<b>Deploy:</b> You may destroy another one of your creatures to deal damage equal to its A to a creature or player.;0;0;0;0;0;0;0;0;0;0;0;0;0;0;0;0;0;0;0;0;0;0;0;0;0;0;0;0;0;0;0;0;0;0;0;0;0;0;0;0;0;0;0;0;0;0;0;0;0;0;0;0;0;1;1;0;0;0;0;0.9;0;0;0;0;0;0;0;0;0;0;0;0;0;0;0;0;0;0;0;0;1;0;0;0;0;0;0;0;0;0;1;0;0;0;0;0;0;0;0;1;0;0;0
howling;Howling;Nekrium;XRXX;Modifier;;TRUE;;;;At the start of the turn, deal 2 damage to the enemy player. You gain 2H.;;;At the start of the turn, deal 3 damage to the enemy player. You gain 3H.;;;At the start of the turn, deal 5 damage to the enemy player. You gain 5H.;0;0;0;0;0;0;0;0;0;0;0;0;0;0;0;0;0;0;0;0;0;0;0;0;0;0;0;0;0;0;0;0;0;0;0;0;0;1;0;0;0;0;0;0;0;0;0;0;0;0;0;0;0;1;1;0;0;0;0;0;0;0;0;0;0;0;0;0;0;0;0;0;0;0;0;0;0;0;0;0;0;0;0;0;0;0;0;0;0;0;0;0;0;0;0;0;0;0;0;1;0;0;0
petrifying;Petrifying;Uterra;XRXX;Modifier;;TRUE;;;;When this deals damage to a creature, <b>Exhaust</b> it. It can't <b>Ready</b> until the start of the next turn.;;;When this deals damage to a creature, <b>Exhaust</b> it. It can't <b>Ready</b> until the start of the next turn.;;;When this deals damage to a creature, <b>Exhaust</b> it. It can't <b>Ready</b> until the start of the next turn.;0;0;0;0;0;0;0;0;0;0;0;0;0;0;0;0;0;0;0;0;0;0;0;0;0;0;0;0;0;0;0;0;0;0;0;0;0;0;0;0;0;0;0;0;0;0;0;0;0;0;0;0;0;0;0;0;0;0;0;0;0;0;0;0;0;0;0;0;0;0;0;0;0;0;0;0;0;0;0;0;0;0;0;0;0;0;0;0;0;0;0;0;0;0;0;0;0;0;0;0;0;0;0
quaking;Quaking;Tempys;XRXX;Modifier;;TRUE;;;;<b>Deploy:</b> Deal 2 damage to all of your other creatures.;;;<b>Deploy:</b> Deal 2 damage to all of your other creatures.;;;<b>Deploy:</b> Deal 2 damage to all of your other creatures.;0;0;0;0;0;0;0;0;0;0;0;0;0;0;0;0;0;0;0;0;0;0;0;0;0;0;0;0;0;0;0;0;0;0;0;0;0;0;0;0;0;0;0;0;0;0;0;0;0;0;0;0;0;0;0;0;0;0;0;1;0;0;0;0;0;0;0;0;0;0;0;0;0;0;0;0;0;0;0;0;0;0;0;1;0;0;0;0;0;0;1;0;0;0;0;0;0;0;0;0;0;0;0
pagewalker;Pagewalker;Alloyin;XRXX;Creature;Mage;TRUE;;3;6;When you play another Mage, <b>Upgrade</b> a card in your hand, then discard it.;6;9;When you play another Mage, <b>Upgrade</b> a card in your hand, then discard it.;8;13;When you play another [l3] card, give your Mages +3A,+3H.;0;0;0;0;0;0;0;0;0;0;1;1;0;0;0;0;0;0;0;0;0;0;0;0;0;0;0;0;0;0;0;0;0;0;0;0;0;0;0;0;0;0;0;0;0;0;0;0;0;0;0;0.9;0;0;0;0;0;0;0;0;0;0;0;0;0;0;0;0;0;0.3;0;0;0.3;0;0;0;0;0;0;0;0;0;0;0;0;0;0;0;0;0;0;0;0;0;0;0;0;0;0;0;0;0;0
poltergeist;Poltergeist;Nekrium;XRXX;Creature;Spirit;TRUE;;3;4;<b>Deploy:</b> If one of your creatures was destroyed this turn, deal 3 damage to a creature or player. You gain 3H.;5;7;<b>Deploy:</b> If one of your creatures was destroyed this turn, deal 5 damage to a creature or player. You gain 5H.;8;12;<b>Deploy:</b> If one of your creatures was destroyed this turn, deal 7 damage to a creature or player. You gain 7H.;0;0;0;0;0;0;0;0;0;0;0;0;0;0;0;0;0;0;0;0;0;1;0;1;0;0;0;0;0;0;0;0;0;0;0;0;0;1;0;0;0;0;0;0;0;0;0;0;0;0;0;0;0;1;1;0;0;0;0;1;0;0;0;0;0;0;0;0;0;0;0;0;0;0;0;0;0;0;0;1;0;0;1;0;0;0;0;0;0;0;1;0;0;0;0;0;0;0;0;0;0;0;0
frost-hulk;Frost Hulk;Tempys;XRXX;Creature;Elemental;TRUE;;7;3;<b>Deploy:</b> At the start of the next combat, your creatures don't deal combat damage this turn.;10;5;<b>Deploy:</b> At the start of the next combat, all creatures don't deal combat damage this turn.;14;9;<b>Deploy:</b> At the start of the next combat, enemy creatures don't deal combat damage this turn.;0;0;0;0;0;0;0;0;1;0;0;0;0;0;0;0;0;0;0;0;0;0;0;0;0;0;0;0;0;0;0;0;0;0;0;0;0;0;0;0;0;0;0;0;0;0;0;0;0;0;0;0;0;0;0;0;0;0;0;0;0;0;0;0;0;0;0;0;0;0;0;0;0;0;0;0;0;0;0;0;0;0;0;0;0;0;0;0;0;0;1;0;0;0;0;0;0;0;0;0;0;0;0
aetheroot;Aetheroot;Uterra;XRXX;Creature;Plant;TRUE;;7;3;When you gain H, give this H equal to the amount gained.;11;5;When you gain H, give this H equal to the amount gained.;15;9;When you gain H, give this H equal to the amount gained.;0;0;0;0;0;0;0;0;0;0;0;0;0;0;1;0;0;0;0;0;0;0;0;0;0;0;0;0;0;0;0;0;0;0;0;0;0;0;1;0;0;0;0;0;0;0;0;0;0;0;0;0;0;0;0;0;0;0;0;0;0;0;0;0;0;0;0;0;0;0;0;1;0;0;0;0;0;0;0;0;0;0;0;0;0;0;0;0;0;0;0;0;0;0;0;0;0;0;0;0;0;0;0
necrolord-yorick;Necrolord Yorick;Nekrium;XSSX;Creature;Mage;FALSE;charged-zombie,potent-zombie;3;6;<b>Slay:</b> You may play Potent Zombie.;5;10;<b>Slay:</b> You may play Charged Zombie.;6;16;"<b>Deploy:</b> You may play Charged Zombie.

<b>Slay:</b> You may play Charged Zombie.";0;0;0;0;0;0;0;0;0;0;1;0;0;0;0;0;0;0;0;0;0;0;0;0;0;0;0;0;0;0;0;0;0;0;0;0;0;0;0;0;0;0;0;0;0;0;0;0;0;0;0;0;0;0;0;0;0;0;0;0;0;0;0;0;0;0;0;0;0;0;0;0;0;0;0;0;0;0;0;0;0;0;0;0;0;0;0;0;1;0;0.3;0;0;0;0;0;0;0;0;0;0;0;0
echo-wolves;Echo Wolves;Uterra;XSSX;Creature;Beast Spirit;FALSE;echo-alpha,echo-pup;2;3;<b>Deploy:</b> You may play Echo Pup.;5;9;<b>Deploy:</b> You may play Echo Alpha.;9;12;<b>Deploy:</b> You may play Echo Alpha. You may <b>Reanimate</b> any number of Echo Wolves.;1;0;0;0;0;0;0;0;0;0;0;0;0;0;0;0;0;0;0;0;0;1;0;1;0;0;0;0;0;0;0;0;0;0;0;0;0;0;0;0;0;0;0;0;0;0;0;0;0;0;0;0;0;0;0;0;0;0;0;0;0;0;0;0;0;0;0;0;0;0;0;0;0;0;0;0;0;0;0;0;0;0;0;0;0;0;0;0;0;0;1;0;0;0;0;0;0;0;0;1;0;0.5;0
regia-the-ironlady;Regia, the Ironlady;Alloyin;XSSX;Creature;Warrior;FALSE;mech-mark-ii,mech-mark-i;3;5;"<b>Mobility</b> 1

When this is destroyed, play Mech Mark I in this lane.";7;5;"<b>Mobility</b> 1

When this is destroyed, play Mech Mark I in this lane.";7;12;"<b>Mobility</b> 3

When this is destroyed, play Mech Mark II in this lane.";0;0;0;0;0;0;0;0;0;0;0;0;0;0;0;0;0;0;0;0;0;0;0;0;0;1;0;0;0;0;0;0;0;0;0;0;0;0;0;0;1;0;0;0;0;0;0;0;0;0;0;0;0;0;0;0;0;0;0;0;0;0;0;0;0;0;0;0;0;0;0;0;0;0;0;0;0;0;1;0;0;0;1;0;0;0;0;0;0;0;0;0;0;0;0;0;0;0;0;0;0;0;0
soltar-the-forgemaster;Soltar the Forgemaster;Alloyin;XSSX;Creature;Warrior;FALSE;elite-honor-guard,honor-guard;3;1;"<b>Deploy:</b> You may play Honor Guard.

While you have an Honor Guard in play, this has 1D.";7;1;"<b>Deploy:</b> You may play Honor Guard.

While you have an Honor Guard in play, this has 10D.";10;1;"<b>Deploy:</b> You may play Elite Honor Guard.

While you have an Honor Guard or Elite Honor Guard in play, this has 100D.";0;0;0;0;0;0;0;0;0;0;0;0;0;0;0;0;0;0;0;0;0;0;0;0;0;1;0;0;0;0;0;0;0;0;0;0;0;0;0;0;0;0;0;1;0;0;0;0;0;0;0;0;0;0;0;0;0;0;0;0;0;0;0;0;0;0;0;0;0;0;0;0;0;0;0;0;0;0;0;0;0;0;0;0;0;0;0;0;0;0;1;0;0;0;0;0;0;0;0;0;0;0;0
chanting-of-the-abyss;Chanting of the Abyss;Nekrium;XSSX;Spell;Exalt;FALSE;muthrall,impending-doom;;;"<b>Deploy:</b> You may give a creature in this lane +5H.

Creatures in this lane can't be destroyed by Muthrall's ability.";;;"<b>Deploy:</b> You may give a creature in this lane +10H.

Creatures in this lane can't be destroyed by Muthrall's ability.";;;"<b>Deploy:</b> You may give a creature in this lane +15H. Then, play Impending Doom.

Creatures in this lane can't be destroyed by Muthrall's ability.";0;0;0;0;0;0;0;0;0;0;0;0;0;0;0;0;0;0;0;0;0;0;0;0;0;0;0;0;0;0;0;0;0;0;1;0;0;0;0;0;0;0;0;0;0;0;0;0;0;0;0;0;0;0;0;0;0;0;0;0;0;0;0;0;0;0;0;0;0;0;0;1;0;0;0;0;0;0;0;0;0;0;0;0;0;1;0;0;0;0;0;0;0;0;0;0;0;0;0;0;0;0.5;0
ator-thunder-titan;Ator, Thunder Titan;Tempys;XSSX;Creature;Warrior;FALSE;sky-conduit,cloud-rift;4;6;<b>Deploy:</b> Play Cloud Rift.;6;8;<b>Deploy:</b> You may move an <b>Exalt</b> to another lane.;8;11;<b>Activate:</b> Move an <b>Exalt</b> to another lane.;0;0;0;0;0;0;0;0;0;0;0;0;0;0;0;0;0;0;0;0;0;0;0;0;0;1;0;0;0;0;0;0;0;0;0;0;0;0;0;0;0;0;0;0;0;0;0;0.3;0;0;0;0;0;0;0;0;0;0;0;0;0;0;0;0;0;0;0;0;0;0;0;0;0;0;0;0;0;0;0;0;0;0;0;0;0;0;0.7;0;0;0;0.9;0;0;0;0;0;0;0;0;1;0;0.5;0
golias-the-fearless;Golias, the Fearless;Tempys;XSSX;Creature;Warrior;FALSE;rage-of-kadras,rage-idol;6;6;<b>Deploy:</b> Play Rage Idol. You may move an enemy creature to this lane.;8;8;<b>Deploy:</b> You may move an enemy creature to this lane.;9;9;<b>Deploy:</b> <b>Transform</b> Rage Idol. You may move an enemy creature to this lane.;0;0;0;0;0;0;0;0;0;0;0;0;0;0;0;0;0;0;0;0;0;0;0;0;0;1;0;0;0;0;0;0;0;0;0;0;0;0;0;0;0;1;0;0;0;0;0;0;0;0;0;0;0;0;0;0;0;0;0;0;0;0;0;0;0;0;0;0;0;0;0;0;0;0;0;0;0;0;0;0;0;0;0;0;0;0;0;0;0;0;1;0;0;0;0;0;0;0;0;1;0;0;0
shard-king;Shard King;Uterra;XSSX;Creature;Dinosaur;FALSE;surging-cavern,shard-cavern;5;3;"<b>Breakthrough</b>

<b>Deploy:</b> Play Shard Cavern.";7;4;"<b>Breakthrough</b>

<b>Deploy:</b> Give your other creatures with <b>Breakthrough</b> +5A.";10;5;"<b>Breakthrough</b>

<b>Activate:</b> Give your other creatures with <b>Breakthrough</b> +5A.";0;0;0;0;1;0;0;0;0;0;0;0;0;0;0;0;0;0;0;0;0;0;0;0;0;0;0;0;0;0;0;0;0;0;0;0;0;0;0;0;0;0;0;0;0;0;0;0.3;0;0;0;0;0;0;0;0;0;0;0;0;1;0;0;0;0;0;0;0;0;0;0.7;0;0.7;0;0;0;0;0;0;0;0;0;0;0;0;0;0;0;0;0;0.9;0;0;0;0;0;0;0;0;1;0;0.5;0
elite-honor-guard;Elite Honor Guard;Alloyin;XSSX;Creature;Warrior;FALSE;;;;;;;;5;5;"2D

If this would be destroyed, <b>Transform</b> it instead.";0;0;0;0;0;0;0;0;0;0;0;0;0;0;0;0;0;0;0;0;0;0;0;0;0;0.5;0;0;0;0;0;0;0;0;0;0;0;0;0;0;0;0;0;0.5;0;0;0;0;0;0;0;0;0;0;0;0;0;0;0;0;0;0;0;0;0;0;0;0;0;0;0;0;0;0;0;0;0;0;0.5;0;0;0;0.5;0;0;0;0;0;0;0;0;0;0;0;0;0;0;0;0;0;0;0;0
honor-guard;Honor Guard;Alloyin;XSSX;Creature;Warrior;FALSE;;;;;3;3;2D;;;;0;0;0;0;0;0;0;0;0;0;0;0;0;0;0;0;0;0;0;0;0;0;0;0;0;0.5;0;0;0;0;0;0;0;0;0;0;0;0;0;0;0;0;0;0.5;0;0;0;0;0;0;0;0;0;0;0;0;0;0;0;0;0;0;0;0;0;0;0;0;0;0;0;0;0;0;0;0;0;0;0;0;0;0;0;0;0;0;0;0;0;0;0;0;0;0;0;0;0;0;0;0;0;0;0
mech-mark-ii;Mech Mark II;Alloyin;XSSX;Spell;Exalt;FALSE;;;;;;;;0;0;When you play a creature in this lane, give it +12H. This turn, it gets <b>Mobility</b> 3. Then, destroy this.;0;0;0;0;0;0;0;0;0;0;0;0;0;0;0;0;0;0;0;0;0;0;0;0;0;0;0;0;0;0;0;0;0;0;0.5;0;0;0;0;0;0.5;0;0;0;0;0;0;0;0;0;0;0;0;0;0;0;0;0;0;0;0;0;0;0;0;0;0;0;0;0;0;0.5;0;0;0;0;0;0;0;0;0;0;0;0;0;0.5;0;0;0;0;0;0;0;0;0;0;0;0;0;0;0;0;0
mech-mark-i;Mech Mark I;Alloyin;XSSX;Spell;Exalt;FALSE;;;;;0;0;When you play a creature in this lane, give it +5H. This turn, it gets <b>Mobility</b> 1. Then, destroy this.;;;;0;0;0;0;0;0;0;0;0;0;0;0;0;0;0;0;0;0;0;0;0;0;0;0;0;0;0;0;0;0;0;0;0;0;0.5;0;0;0;0;0;0.5;0;0;0;0;0;0;0;0;0;0;0;0;0;0;0;0;0;0;0;0;0;0;0;0;0;0;0;0;0;0;0.5;0;0;0;0;0;0;0;0;0;0;0;0;0;0.5;0;0;0;0;0;0;0;0;0;0;0;0;0;0;0;0;0
charged-zombie;Charged Zombie;Nekrium;XSSX;Creature;Zombie;FALSE;;;;;;;;5;8;<b>Activate:</b> Destroy this to give a creature +5A.;0;0;0;0;0;0;0;0;0;0;0;0;0;0;0;0;0;0;0;0;0;0;0;0;0;0;0;0;0;0.5;0;0;0;0;0;0;0;0;0;0;0;0;0;0;0;0;0;0.5;0;0;0;0;0;0;0;0;0;0;0;0;0;0;0;0;0;0;0;0;0;0;0.5;0;0.5;0;0;0;0;0;0;0;0;0.5;0;0;0;0;0;0;0;0;0;0;0;0;0;0;0;0;0;0;0;0;0
impending-doom;Impending Doom;Nekrium;XSSX;Spell;Exalt;FALSE;;;;;;;;0;0;At the start of the turn, if it is the fourth deck cycle, <b>Transform</b> this and put it into one of your empty lanes.;0;0;0;0;0;0;0;0;0;0;0;0;0;0;0;0;0;0;0;0;0;0;0;0;0;0;0;0;0;0;0;0;0;0;0.5;0;0;0;0;0;0;0;0;0;0;0;0;0;0;0;0;0;0;0;0;0;0;0;0;0;0;0;0;0;0;0;0;0;0;0;0;0;0;0;0;0;0;0;0;0;0;0;0;0;0;0.5;0;0;0;0;0;0;0;0;0;0;0;0;0;0;0;0;0
muthrall;Muthrall;Nekrium;XSSX;Creature;Beast;FALSE;;;;;;;;15;30;"<b>Aggressive</b>, <b>Breakthrough</b>

When Muthrall is <b>Transformed</b>, destroy all other creatures. Then, destroy all <b>Exalts</b>.";0.5;0;0;0;0;0;0;0;0;0;0;0;0;0;0;0;0;0;0;0;0;0;0;0;0;0;0;0;0;0;0;0;0;0;0;0;0;0;0;0;0;0;0;0;0;0;0;0;0;0;0;0;0;0;0;0;0;0;0;0.5;0.5;0;0.5;0;0;0;0;0;0;0;0;0;0;0;0;0;0;0;0;0;0;0;0;0;0;0;0;0;0;0;0;0;0;0;0;0;0;0;0;0;0;0;0
potent-zombie;Potent Zombie;Nekrium;XSSX;Creature;Zombie;FALSE;;;;;3;5;<b>Activate:</b> Destroy this to give a creature +3A.;;;;0;0;0;0;0;0;0;0;0;0;0;0;0;0;0;0;0;0;0;0;0;0;0;0;0;0;0;0;0;0.5;0;0;0;0;0;0;0;0;0;0;0;0;0;0;0;0;0;0.5;0;0;0;0;0;0;0;0;0;0;0;0;0;0;0;0;0;0;0;0;0;0;0.5;0;0.5;0;0;0;0;0;0;0;0;0.5;0;0;0;0;0;0;0;0;0;0;0;0;0;0;0;0;0;0;0;0;0
cloud-rift;Cloud Rift;Tempys;XSSX;Spell;Exalt;FALSE;;;;;0;0;When one of your creatures in this lane damages the enemy player, <b>Transform</b> this.;;;;0;0;0;0;0;0;0;0;0;0;0;0;0;0;0;0;0;0;0;0;0;0;0;0;0;0;0;0;0;0;0;0;0;0;0.5;0;0;0;0;0;0;0;0;0;0;0;0;0;0;0;0;0;0;0;0;0.5;0;0.5;0;0;0;0;0;0;0;0;0;0;0;0;0;0;0;0;0;0;0;0;0;0;0;0;0;0;0;0.5;0;0;0;0;0;0;0;0;0;0;0;0;0;0;0;0;0
rage-of-kadras;Rage of Kadras;Tempys;XSSX;Spell;Exalt;FALSE;;;;;;;;0;0;"When an enemy creature enters this lane, deal 5 damage to it.

When an enemy creature is destroyed in this lane, deal 5 damage to the enemy player.";0;0;0;0;0;0;0;0;0;0;0;0;0;0;0;0;0;0;0;0;0;0;0;0;0;0;0;0;0;0;0;0;0;0;0.5;0;0;0;0;0;0;0;0;0;0;0;0;0;0;0;0;0;0;0.5;0;0;0;0;0;0.5;0;0;0;0;0;0;0;0;0;0;0;0;0;0;0;0;0;0;0;0;0;0;0.5;0;0;0.5;0;0;0;0;0;0;0;0;0;0;0;0;0;0;0;0;0
rage-idol;Rage Idol;Tempys;XSSX;Spell;Exalt;FALSE;;;;;0;0;When an enemy creature is destroyed in this lane, deal 2 damage to the enemy player.;;;;0;0;0;0;0;0;0;0;0;0;0;0;0;0;0;0;0;0;0;0;0;0;0;0;0;0;0;0;0;0;0;0;0;0;0.5;0;0;0;0;0;0;0;0;0;0;0;0;0;0;0;0;0;0;0.5;0;0;0;0;0;0;0;0;0;0;0;0;0;0;0;0;0;0;0;0;0;0;0;0;0;0;0;0;0.5;0;0;0.5;0;0;0;0;0;0;0;0;0;0;0;0;0;0;0;0;0
sky-conduit;Sky Conduit;Tempys;XSSX;Spell;Exalt;FALSE;;;;;;;;0;0;When one of your creatures in this lane damages the enemy player, deal that much damage to an enemy creature.;0;0;0;0;0;0;0;0;0;0;0;0;0;0;0;0;0;0;0;0;0;0;0;0;0;0;0;0;0;0;0;0;0;0;0.5;0;0;0;0;0;0;0;0;0;0;0;0;0;0;0;0;0;0;0;0;0.5;0;0.5;0;0;0;0;0;0;0;0;0;0;0;0;0;0;0;0;0;0;0;0;0;0;0;0;0;0;0;0.5;0;0;0;0;0;0;0;0;0;0;0;0;0;0;0;0;0
echo-pup;Echo Pup;Uterra;XSSX;Creature;Beast Spirit;FALSE;;;;;2;3;;;;;0.5;0;0;0;0;0;0;0;0;0;0;0;0;0;0;0;0;0;0;0;0;0.5;0;0;0;0;0;0;0;0;0;0;0;0;0;0;0;0;0;0;0;0;0;0;0;0;0;0;0;0;0;0;0;0;0;0;0;0;0;0;0;0;0;0;0;0;0;0;0;0;0;0;0;0;0;0;0;0;0;0;0;0;0;0;0;0;0;0;0;0;0;0;0;0;0;0;0;0;0;0;0;0;0
echo-alpha;Echo Alpha;Uterra;XSSX;Creature;Beast Spirit;FALSE;;;;;;;;5;9;;0.5;0;0;0;0;0;0;0;0;0;0;0;0;0;0;0;0;0;0;0;0;0.5;0;0;0;0;0;0;0;0;0;0;0;0;0;0;0;0;0;0;0;0;0;0;0;0;0;0;0;0;0;0;0;0;0;0;0;0;0;0;0;0;0;0;0;0;0;0;0;0;0;0;0;0;0;0;0;0;0;0;0;0;0;0;0;0;0;0;0;0;0;0;0;0;0;0;0;0;0;0;0;0;0
shard-cavern;Shard Cavern;Uterra;XSSX;Spell;Exalt;FALSE;;;;;0;0;"Your creatures in this lane have <b>Breakthrough</b>.

<b>Activate:</b> If you have a creature with 15A or more in this lane, <b>Transform</b> this.";;;;0;0;0;0;0;0;0;0;0;0;0;0;0;0;0;0;0;0;0;0;0;0;0;0;0;0;0;0;0;0;0;0;0;0;0.5;0;0;0;0;0;0;0;0;0;0;0;0;0.5;0;0;0;0;0;0;0;0;0;0;0;0;0;0;0;0;0;0;0;0;0;0;0;0;0;0;0;0;0;0;0;0;0;0;0;0;0;0.5;0;0;0;0;0;0;0;0;0;0;0;0;0;0;0;0;0
surging-cavern;Surging Cavern;Uterra;XSSX;Spell;Exalt;FALSE;;;;;;;;0;0;"Your creatures in this lane have <b>Breakthrough</b>.

When one of your creatures in this lane deals damage to the enemy player, it deals an additional 3 damage.";0;0;0;0;0;0;0;0;0;0;0;0;0;0;0;0;0;0;0;0;0;0;0;0;0;0;0;0;0;0;0;0;0;0;0.5;0;0;0;0;0;0;0;0;0;0;0;0;0;0;0;0;0;0;0;0;0.5;0;0.5;0;0;0;0;0;0;0;0;0;0;0;0;0;0;0;0;0;0;0;0;0;0;0;0;0;0;0;0.5;0;0;0;0;0;0;0;0;0;0;0;0;0;0;0;0;0
brix-machine-speaker;Brix, Machine Speaker;Alloyin;XSXX;Creature;Metamind Scientist;FALSE;brixs-foundry,brixs-workshop;5;5;<b>Deploy:</b> Play Brix's Workshop.;7;7;<b>Deploy:</b> Give another one of your creatures 4D this turn. If it is a Robot, it gets +2A.;10;10;<b>Deploy:</b> Give another one of your creatures 8D this turn. If it is a Robot, it gets +4A.;0;0;0;0;0;0;0;0;0;0;0;0;1;0;0;0;0;0.7;0;1;0;0;0;0;0;0;0;0;0;0;0;0;0;0;0;0;0;0;0;0;0;0;0;0;0.7;0;0;0;0;0;0;0;0;0;0;0;0;0;0;0;0;0;0;0;0;0;0;0;0;0;0.7;0;0.7;0;0;0;0;0;0;0;0;0;0;0;0;0;0;0;0;0;1;0;0;0;0;0;0;0;0;0;0;0;0
mad-lewinter;Mad LeWinter;Alloyin;XSXX;Creature;Scientist;FALSE;nexus-core-prime,nexus-core;4;6;<b>Deploy:</b> Play Nexus Core.;6;8;<b>Activate:</b> Destroy one of your <b>Minions</b> to deal 6 damage to an enemy creature.;7;12;<b>Activate:</b> Destroy one of your <b>Minions</b> to deal 12 damage to an enemy creature.;0;0;0;0;0;0;0;0;0;0;0;0;0;0;0;0;0;0;0;1;0;0;0;0;0;0;0;0;0;0;0;0;0;0;0;0;0;0;0;0;0;0;0;0;0;0;0;0.7;0;0;0;0;0;0;0;0;0;0;0;0.7;0;0;0;0;0;0;0;0;0;0;0;0;0;0;0;0;0;0;0;0;0;0;0;0;0;0;0;0;0;0;0.5;0;0;0;0;0;0;0;0;0;0;0;0
magnetic-field;Magnetic Field;Alloyin;XSXX;Spell;;FALSE;mega-scrap-bot,scrap-bot;;;Play Scrap Bot.;;;"You may <b>Reanimate</b> a Robot.

You may play Scrap Bot.";;;"You may <b>Reanimate</b> a Robot.

You may play Mega Scrap Bot.";0;0;0;0;0;0;0;0;0;0;0;0;0;0;0;0;0;0.7;0;0;0;0;0;0;0;0;0;0;0;0;0;0;0;0;1;0;0;0;0;0;0;0;0;0;0;0;0;0;0;0;0.7;0;0;0;0;0;0;0;0;0;0;0;0;0;0;0;0;0;0;0;0;0;0;0;0;0;0;0;0;0;0;0;0;0;0;0;0;0;0;0;0;0;0;0;0;0;0;0;0;0;0;0;0
devour-soul;Devour Soul;Nekrium;XSXX;Spell;;FALSE;soul-devourer,soul-gorger;;;"Give a creature -2A,-2H.

If this destroys a creature, you may play Soul Gorger.";;;"Give a creature -5A,-5H.

If this destroys a creature, you may play Soul Gorger.";;;"Give a creature -8A,-8H.

If this destroys a creature, you may play Soul Devourer.";0;0;0;0;0;0;0;0;0;0;0;0;0;0;0;0;0;0;0;0;0;0;0;0;0;0;0;0;0;0;0;0;0;0;1;0;0;0;0;0;0;0;0;0;0;0;0;0;0;0;0;0;0;0;0;0;0;0;0;1;0;0;0;0;0;0;0;0;0;0;0;0;0;0;1;0;0;0;0;0;0;0;0;0;0;0;0;0;0;0;0;0;0;0;0;0;0;0;0;0;0;0;0
general-xrath;General Xrath;Nekrium;XSXX;Creature;Zombie;FALSE;ziggurat-of-xrath,harvesting-ground;5;4;<b>Deploy:</b> Play Harvesting Ground.;7;5;<b>Deploy:</b> Give your other Zombies +2A,+2H.;10;7;<b>Activate:</b> Give your other Zombies +3A,+3H.;0;0;0;0;0;0;0;0;0;0;0;0;0;0;0;0;0;0;0;0;0;0;0;0;0;0;0;0;0;1;0.7;0;0;0;0;0;0;0;0;0;0;0;0;0;0;0;0;0.3;0;0;0;0;0;0;0;0;0;0;0;0;0;0;0;0;0;0;0;0;0;0.7;0;0;0.7;0;0;0;0;0;0;0;0;0;0;0;0;0;0;0;0;0;0.9;0;0;0;0;0;0;0;0;0;0;0;0
seruzal-the-deceiver;Seruzal, the Deceiver;Nekrium;XSXX;Creature;Mage;FALSE;night-apotheosis,night-aspect;3;6;<b>Deploy:</b> Play Night Aspect.;4;8;If you deal damage to the enemy player with another creature, you may <b>Transform</b> Night Aspect and put it into one of your empty lanes.;5;12;<b>Deploy:</b> You may <b>Transform</b> Night Aspect and put it into one of your empty lanes.;0;0;0;0;0;0;0;0;0;0;1;0;0;0;0;0;0;0;0;0;0;0;0;0;0;0;0;0;0;0;0;0;0;0;0;0;0;0;0;0;0;0;0;0;0;0;0;0;0;0;0;0;0;0;0;0;0;0;0;0;0;0;0;0;0;0;0;0;0;0;0;0;0;0;0;0;0;0;0;0;0;0;0;0;0;0;0;0;0;0;0.8;0;0;0;0;0;0;0;0;0.5;0;0;0
frostmane-breath;Frostmane Breath;Tempys;XSXX;Spell;;FALSE;frostmane-dragon,frostmane-egg;;;Play Frostmane Egg.;;;"Play Frostmane Egg.

Deal 6 damage to an enemy creature. This turn, it gets <b>Defender</b>.";;;"Play Frostmane Dragon.

Deal 8 damage to an enemy creature. This turn, it gets <b>Defender</b>.";0;0;0;0;0;0;0;0;0;0;0;0;0;0;0;0;0;0;0;0;0;0;0;0;0;0;0;0;0;0;0;0;0;0;1;0;0;0;0;0;0;0;0;0;0;0;0;0;0;0;0;0;0;0;0;0;0;0;0;0.7;0;0;0;0;0;0;0.7;0;0;0;0;0;0;0;0;0;0;0;0;0;0;0;0;0;0;0;0;0;0;0;0;0;0;0;0;0;0;0;0;0;0;0;0
lightning-ritual;Lightning Ritual;Tempys;XSXX;Spell;;FALSE;harbingers-staff,lightning-runes;;;"Deal 5 damage to an enemy creature.

Play Lightning Runes.";;;Move an enemy creature up to one lane, then deal 6 damage to it.;;;Move an enemy creature up to two lanes, then deal 7 damage to it.;0;0;0;0;0;0;0;0;0;0;0;0;0;0;0;0;0;0;0;0;0;0;0;0;0;0;0;0;0;0;0;0;0;0;1;0;0;0;0;0;0;0;0;0;0;0;0;0;0;0;0;0;0;0;0;0;0;0;0;1;0;0;0;0;0;0;0;0;0;0;0;0;0;0;0;0;0;0;0;0;0;0;0;0;0;0;0;0;0;0;0;0;0;0;0;0;0;0;0;1;0;0;0
nova-elementalist;Nova Elementalist;Tempys;XSXX;Creature;Mage;FALSE;rumblespark-embodiment,rumblespark-energy;4;5;<b>Deploy:</b> Play Rumblespark Energy.;4;8;<b>Activate:</b> Deal 2 damage to an enemy creature for each Elemental you have in play.;4;12;<b>Activate:</b> Deal 5 damage to an enemy creature for each Elemental you have in play.;0;0;0;0;0;0;0;0;0;0.7;1;0;0;0;0;0;0;0;0;0;0;0;0;0;0;0;0;0;0;0;0;0;0;0;0;0;0;0;0;0;0;0;0;0;0;0;0;0.7;0;0;0;0;0;0;0;0;0;0;0;0.7;0;0;0;0;0;0;0;0;0;0;0;0;0;0;0;0;0;0;0;0;0;0;0;0;0;0;0;0;0;0;0.5;0;0;0;0;0;0;0;0;1;0;0;0
hivemind-pact;Hivemind Pact;Uterra;XSXX;Spell;;FALSE;living-hive,hive-husk;;;Play Hive Husk.;;;If Hive Husk is in play, <b>Transform</b> it. Otherwise, play Hive Husk and give it +4H.;;;If Hive Husk is in play, <b>Transform</b> it and give it +8H. Otherwise, play Living Hive.;0;0;0;0;0;0;0;0;0;0;0;0;0;0;0;0;0;0;0;0;0;0;0;0;0;0;0;0;0;0;0;0;0;0;1;0;0;0;0;0;0;0;0;0;0;0;0;0;0;0;0;0;0;0;0;0;0;0;0;0;0;0;0;0;0;0;0;0;0;0;0;0.7;0;0;0;0;0;0;0;0;0;0;0;0;0;0;0;0;0;0;0;0;0;0;0;0;0;0;0;0;0;0;0
nuada-faiths-flourish;Nuada, Faith's Flourish;Uterra;XSXX;Creature;Mage;FALSE;oak-guardian,nuadas-garden;3;6;<b>Deploy:</b> Play Nuada's Garden.;4;8;When you play another creature in an empty lane, you gain 2H.;6;12;When you play another creature in an empty lane, you gain 4H.;0;0;0;0;0;0;0;0;0;0;1;0;0;0;0;0;0;0;0;0;0;0;0;0;0;0;0;0;0;0;0;0;0;0;0;0;0;0.7;0;0;0;0;0;0;0;0;0;0;0;0;0;0;0;0;0;0;0;0;0;0;0;0;0;0;0;0;0;0;0;0;0;0;0;0;0;0;0;0;0;0;0;0;0;0;0;0;0;0;0;0;0.5;0;0;0;0;0;0;0;0;0;0;0.5;0
ogam-grove-maker;Ogam, Grove Maker;Uterra;XSXX;Creature;Plant Spirit;FALSE;illuminated-grove,instant-grove;4;6;<b>Deploy:</b> Play Instant Grove.;4;8;<b>Deploy:</b> Give another Plant +5H.;4;14;<b>Activate:</b> Give another Plant +5H.;0;0;0;0;0;0;0;0;0;0;0;0;0;0;1;0.7;0;0;0;0;0;1;0;1;0;0;0;0;0;0;0;0;0;0;0;0;0;0;0;0;0;0;0;0;0;0;0;0.3;0;0;0;0;0;0;0;0;0;0;0;0;0;0;0;0;0;0;0;0;0;0;0;0.7;0;0;0;0;0;0;0;0;0;0;0;0;0;0;0;0;0;0;0.9;0;0;0;0;0;0;0;0;0;0;0.5;0
brixs-foundry;Brix's Foundry;Alloyin;XSXX;Spell;Exalt;FALSE;;;;;;;;0;0;"Your creatures in this lane are also Robots.

When you play a creature in this lane, give it +3A,+3H.";0;0;0;0;0;0;0;0;0;0;0;0;0;0;0;0;0.5;0;0;0;0;0;0;0;0;0;0;0;0;0;0;0;0;0;0.5;0;0;0;0;0;0;0;0;0;0;0;0;0;0;0;0;0;0;0;0;0;0;0;0;0;0;0;0;0;0;0;0;0;0;0.5;0;0;0.5;0;0;0;0;0;0;0;0;0;0;0;0;0.5;0;0;0;0;0;0;0;0;0;0;0;0;0;0;0;0;0
brixs-workshop;Brix's Workshop;Alloyin;XSXX;Spell;Exalt;FALSE;;;;;0;0;"Your creatures in this lane are also Robots.

When you play a Robot, put a counter on this. Then, if there are 5 or more counters on this, <b>Transform</b> it.";;;;0;0;0;0;0;0;0;0;0;0;0;0;0;0;0;0;0.5;0.5;0;0;0;0;0;0;0;0;0;0;0;0;0;0;0;0;0.5;0;0;0;0;0;0;0;0;0;0;0;0;0;0;0;0;0;0;0;0;0;0;0;0;0;0;0;0;0;0;0;0;0;0;0;0;0;0;0;0;0;0;0;0;0;0;0;0;0;0;0.5;0;0.5;0;0;0;0;0;0;0;0;0;0;0;0;0;0;0
mega-scrap-bot;Mega Scrap Bot;Alloyin;XSXX;Creature;Robot;FALSE;;;;;;;;7;7;<b>Deploy:</b> Give another Robot +5H. This turn, it gets 5D.;0;0;0;0;0;0;0;0;0;0;0;0;0;0;0;0;0.5;0.5;0;0;0;0;0;0;0;0;0;0;0;0;0;0;0;0;0;0;0;0;0;0;0;0;0;0;0.5;0;0;0;0;0;0;0;0;0;0;0;0;0;0;0;0;0;0;0;0;0;0;0;0;0;0;0.5;0;0;0;0;0;0;0;0;0;0;0;0;0;0;0;0;0;0;0.5;0;0;0;0;0;0;0;0;0;0;0;0
nexus-core;Nexus Core;Alloyin;XSXX;Spell;Exalt;FALSE;;;;;0;0;"Your creatures in this lane are also <b>Minions</b>.

<b>Activate:</b> If you have three or more <b>Minions</b> in play, <b>Transform</b> this.";;;;0;0;0;0;0;0;0;0;0;0;0;0;0;0;0;0;0;0;0;0;0;0;0;0;0;0;0;0;0;0;0;0;0;0;0.5;0;0;0;0;0;0;0;0;0;0;0;0;0.5;0;0;0;0;0;0;0;0;0;0;0;0;0;0;0;0;0;0;0;0;0;0;0;0;0;0;0;0;0;0;0;0;0;0;0;0;0;0.5;0;0;0;0;0;0;0;0;0;0;0;0;0;0;0;0;0
nexus-core-prime;Nexus Core Prime;Alloyin;XSXX;Spell;Exalt;FALSE;;;;;;;;0;0;"Your creatures in this lane are also <b>Minions</b>.

When one of your creatures is destroyed in this lane, you may play a Gizmo <b>Minion</b> in another lane.";0;0;0;0;0;0;0;0;0;0;0;0;0;0;0;0;0.5;0;0;0;0;0;0;0;0;0;0;0;0;0;0;0.5;0;0;0.5;0.5;0;0;0;0;0;0;0;0;0;0;0;0;0;0;0;0;0;0;0;0;0;0;0;0;0;0;0;0;0;0;0;0;0;0.5;0;0;0.5;0;0;0;0;0;0;0.5;0;0;0.5;0;0;0.5;0;0;0;0;0;0;0;0;0;0;0;0;0;0;0;0;0
scrap-bot;Scrap Bot;Alloyin;XSXX;Creature;Robot;FALSE;;;;;4;4;<b>Deploy:</b> Give another Robot +3H. This turn, it gets 3D.;;;;0;0;0;0;0;0;0;0;0;0;0;0;0;0;0;0;0.5;0.5;0;0;0;0;0;0;0;0;0;0;0;0;0;0;0;0;0;0;0;0;0;0;0;0;0;0;0.5;0;0;0;0;0;0;0;0;0;0;0;0;0;0;0;0;0;0;0;0;0;0;0;0;0;0;0.5;0;0;0;0;0;0;0;0;0;0;0;0;0;0;0;0;0;0;0.5;0;0;0;0;0;0;0;0;0;0;0;0
harvesting-ground;Harvesting Ground;Nekrium;XSXX;Spell;Exalt;FALSE;;;;;0;0;"Your creatures in this lane are also Zombies.

When you play a Zombie, put a counter on this. Then, if there are 5 or more counters on this, <b>Transform</b> it.";;;;0;0;0;0;0;0;0;0;0;0;0;0;0;0;0;0;0;0;0;0;0;0;0;0;0;0;0;0;0;0.5;0;0;0;0;0.5;0;0;0;0;0;0;0;0;0;0;0;0;0;0;0;0;0;0;0;0;0;0;0;0;0;0;0;0;0;0;0;0;0;0;0;0;0;0;0;0;0;0;0;0;0;0;0;0;0;0;0.5;0;0.5;0;0;0;0;0;0;0;0;0;0;0;0;0;0;0
night-apotheosis;Night Apotheosis;Nekrium;XSXX;Creature;Spirit;FALSE;;;;;;;;10;8;"<b>Stealth</b>

If this would be destroyed, <b>Transform</b> it and put it into one of your lanes without an <b>Exalt</b>.";0;0;0;0;0;0;0;0;0;0;0;0;0;0;0;0;0;0;0;0;0;0.5;0;0;0;0;0;0;0;0;0;0;0;0;0;0;0;0;0;0;0;0;0;0;0;0;0;0;0;0;0;0;0;0;0;0;0;0;0;0;0;0;0;0;0;0;0;0.5;0;0;0;0;0;0;0;0;0;0;0.5;0;0;0;0.5;0;0;0;0;0;0;0;0;0;0;0;0;0;0;0;0;0;0;0;0
night-aspect;Night Aspect;Nekrium;XSXX;Spell;Exalt;FALSE;;;;;0;0;Your creatures in this lane have <b>Stealth</b>.;;;;0;0;0;0;0;0;0;0;0;0;0;0;0;0;0;0;0;0;0;0;0;0;0;0;0;0;0;0;0;0;0;0;0;0;0.5;0;0;0;0;0;0;0;0;0;0;0;0;0;0;0;0;0;0;0;0;0;0;0;0;0;0;0;0;0;0;0;0;0;0.5;0;0;0;0;0;0;0;0;0;0;0;0;0;0;0;0;0.5;0;0;0;0;0;0;0;0;0;0;0;0;0;0;0;0;0
soul-devourer;Soul Devourer;Nekrium;XSXX;Creature;Spirit;FALSE;;;;;;;;6;10;"<b>Stealth</b>

When you play a spell, give this +4A.";0;0;0;0;0;0;0;0;0;0;0;0;0;0;0;0;0;0;0;0;0;0.5;0;0;0;0;0;0;0;0;0;0;0;0.5;0;0;0;0;0;0;0;0;0;0;0;0;0;0;0;0;0;0;0;0;0;0;0;0;0;0;0;0;0;0;0;0;0;0.5;0;0;0;0;0.5;0;0;0;0;0;0;0;0;0;0;0;0;0;0;0;0;0;0;0;0;0;0;0;0;0;0;0;0;0;0
soul-gorger;Soul Gorger;Nekrium;XSXX;Creature;Spirit;FALSE;;;;;3;6;"<b>Stealth</b>

When you play a spell, give this +3A.";;;;0;0;0;0;0;0;0;0;0;0;0;0;0;0;0;0;0;0;0;0;0;0.5;0;0;0;0;0;0;0;0;0;0;0;0.5;0;0;0;0;0;0;0;0;0;0;0;0;0;0;0;0;0;0;0;0;0;0;0;0;0;0;0;0;0;0;0;0;0;0.5;0;0;0;0;0.5;0;0;0;0;0;0;0;0;0;0;0;0;0;0;0;0;0;0;0;0;0;0;0;0;0;0;0;0;0;0
ziggurat-of-xrath;Ziggurat of Xrath;Nekrium;XSXX;Spell;Exalt;FALSE;;;;;;;;0;0;"Your creatures in this lane are also Zombies.

When one of your creatures in this lane is destroyed, deal 2 damage to the enemy player. You gain 2 H.";0;0;0;0;0;0;0;0;0;0;0;0;0;0;0;0;0;0;0;0;0;0;0;0;0;0;0;0;0;0.5;0;0;0;0;0.5;0;0;0;0;0;0;0;0;0;0;0;0;0;0;0;0;0;0;0.5;0;0;0;0;0;0;0;0;0;0;0;0;0;0;0;0;0;0;0;0;0;0;0;0;0;0.5;0;0;0.5;0;0;0.5;0;0;0;0;0;0;0;0;0;0;0;0;0;0;0;0;0
frostmane-dragon;Frostmane Dragon;Tempys;XSXX;Creature;Dragon;FALSE;;;;;;;;9;9;<b>Mobility</b> X: (X is equal to the current level of your Forgeborn.);0;0;0;0;0;0;0.5;0;0;0;0;0;0;0;0;0;0;0;0;0;0;0;0;0;0;0;0;0;0;0;0;0;0;0;0;0;0;0;0;0;0.5;0;0;0;0;0;0;0;0;0;0;0;0;0;0;0;0;0;0;0;0;0;0;0;0;0;0;0;0;0;0;0;0;0;0;0;0;0;0;0;0;0;0;0;0;0;0;0;0;0;0;0;0;0;0;0;0;0;0;0;0;0;0
frostmane-egg;Frostmane Egg;Tempys;XSXX;Creature;Dragon Egg;FALSE;;;;;0;10;"<b>Defender</b>

At the end of the deck cycle, <b>Transform</b> this.";;;;0;0;0;0;0;0;0.5;0;0;0;0;0;0;0;0;0;0;0;0;0;0;0;0;0;0;0;0;0;0;0;0;0;0;0;0;0;0;0;0;0;0;0;0;0;0;0;0;0;0;0;0;0;0;0;0;0;0;0;0;0;0;0;0;0;0.5;0;0;0;0;0;0;0;0;0;0;0;0;0;0;0;0;0;0;0;0;0;0;0;0;0;0;0;0;0;0;0;0;0;0;0;0;0;0
harbingers-staff;Harbinger's Staff;Tempys;XSXX;Spell;Exalt;FALSE;;;;;;;;0;0;When you deal non-combat damage to an enemy creature in this lane, you may deal that much damage to another creature.;0;0;0;0;0;0;0;0;0;0;0;0;0;0;0;0;0;0;0;0;0;0;0;0;0;0;0;0;0;0;0;0;0;0;0.5;0;0;0;0;0;0;0;0;0;0;0;0;0;0;0;0;0;0;0;0;0;0;0;0;0;0;0;0;0;0;0;0;0;0;0;0;0;0;0;0;0;0;0;0;0;0;0;0;0.5;0;0.5;0;0;0;0;0;0;0;0;0;0;0;0;0;0;0;0;0
lightning-runes;Lightning Runes;Tempys;XSXX;Spell;Exalt;FALSE;;;;;0;0;When you deal non-combat damage to an enemy creature in this lane, <b>Transform</b> this.;;;;0;0;0;0;0;0;0;0;0;0;0;0;0;0;0;0;0;0;0;0;0;0;0;0;0;0;0;0;0;0;0;0;0;0;0.5;0;0;0;0;0;0;0;0;0;0;0;0;0;0;0;0;0;0;0;0;0;0;0;0;0;0;0;0;0;0;0;0;0;0;0;0;0;0;0;0;0;0;0;0;0;0;0;0;0;0;0.5;0;0;0;0;0;0;0;0;0;0;0;0;0;0;0;0;0
rumblespark-embodiment;Rumblespark Embodiment;Tempys;XSXX;Creature;Elemental;FALSE;;;;;;;;4;8;"When you play a spell, give this +4A.

If this would be destroyed, <b>Transform</b> it and put it into one of your lanes without an <b>Exalt</b>.";0;0;0;0;0;0;0;0;0.5;0;0;0;0;0;0;0;0;0;0;0;0;0;0;0;0;0;0;0;0;0;0;0;0;0.5;0;0;0;0;0;0;0;0;0;0;0;0;0;0;0;0;0;0;0;0;0;0;0;0;0;0;0;0;0;0;0;0;0;0;0;0;0;0;0.5;0;0;0;0;0;0.5;0;0;0;0.5;0;0;0;0;0;0;0;0;0;0;0;0;0;0;0;0;0;0;0;0
rumblespark-energy;Rumblespark Energy;Tempys;XSXX;Spell;Exalt;FALSE;;;;;0;0;"Your creatures in this lane are also Elementals.

When one of your Elementals deals damage to the enemy player, <b>Transform</b> this and put it into one of your empty lanes.";;;;0;0;0;0;0;0;0;0;0.5;0.5;0;0;0;0;0;0;0;0;0;0;0;0;0;0;0;0;0;0;0;0;0;0;0;0;0.5;0;0;0;0;0;0;0;0;0;0;0;0;0;0;0;0;0;0;0;0;0.5;0;0.5;0;0;0;0;0;0;0;0;0;0;0;0;0;0;0;0;0;0;0;0;0;0;0;0;0;0;0;0.5;0;0;0;0;0;0;0;0;0;0;0;0;0;0;0;0;0
hive-husk;Hive Husk;Uterra;XSXX;Creature;Beast;FALSE;;;;;2;8;3D, <b>Defender</b>;;;;0.5;0;0;0;0;0;0;0;0;0;0;0;0;0;0;0;0;0;0;0;0;0;0;0;0;0;0;0;0;0;0;0;0;0;0;0;0;0;0;0;0;0;0;0.5;0;0;0;0;0;0;0;0;0;0;0;0;0;0;0;0;0;0;0;0;0.5;0;0;0;0;0;0;0;0;0;0;0;0;0;0;0;0;0;0;0;0;0;0;0;0;0;0;0;0;0;0;0;0;0;0;0;0;0;0
illuminated-grove;Illuminated Grove;Uterra;XSXX;Spell;Exalt;FALSE;;;;;;;;0;0;"Your creatures in this lane are also Plants.

When one of your creatures in this lane gains H, give it that much A.";0;0;0;0;0;0;0;0;0;0;0;0;0;0;0.5;0;0;0;0;0;0;0;0;0;0;0;0;0;0;0;0;0;0;0;0.5;0;0;0;0;0;0;0;0;0;0;0;0;0;0;0;0;0;0;0;0;0;0;0;0;0;0;0;0;0;0;0;0;0;0;0;0;0;0;0;0;0;0;0;0;0;0;0;0;0;0;0.5;0;0;0;0;0;0;0;0;0;0;0;0;0;0;0;0;0
instant-grove;Instant Grove;Uterra;XSXX;Spell;Exalt;FALSE;;;;;0;0;"Your creatures in this lane are also Plants.

<b>Activate:</b> If you have a creature with 15H or more in this lane, <b>Transform</b> this.";;;;0;0;0;0;0;0;0;0;0;0;0;0;0;0;0.5;0;0;0;0;0;0;0;0;0;0;0;0;0;0;0;0;0;0;0;0.5;0;0;0;0;0;0;0;0;0;0;0;0;0.5;0;0;0;0;0;0;0;0;0;0;0;0;0;0;0;0;0;0;0;0;0;0;0;0;0;0;0;0;0;0;0;0;0;0;0;0;0;0.5;0;0;0;0;0;0;0;0;0;0;0;0;0;0;0;0;0
living-hive;Living Hive;Uterra;XSXX;Creature;Beast;FALSE;;;;;;;;8;12;When this gains H, you may give another creature -4H.;0.5;0;0;0;0;0;0;0;0;0;0;0;0;0;0;0;0;0;0;0;0;0;0;0;0;0;0;0;0;0;0;0;0;0;0;0;0;0;0;0;0;0;0;0;0;0;0;0;0;0;0;0;0;0;0;0;0;0;0;0.5;0;0;0;0;0;0;0;0;0;0;0;0;0;0;0;0;0;0.5;0;0;0;0;0;0;0;0;0;0;0;0;0;0;0;0;0;0;0;0;0;0;0;0;0
nuadas-garden;Nuada's Garden;Uterra;XSXX;Spell;Exalt;FALSE;;;;;0;0;"The first time you gain H each turn, you may play a Wisp <b>Minion</b> in this lane.

<b>Activate:</b> If you have no empty lanes, <b>Transform</b> this and it replaces your creature in this lane.";;;;0;0;0;0;0;0;0;0;0;0;0;0;0;0;0;0;0;0;0;0;0;0.5;0;0;0;0;0;0;0;0;0;0.5;0;0;0.5;0;0;0;0.5;0;0;0;0;0;0;0;0;0.5;0;0;0;0;0;0;0;0;0;0;0;0;0;0;0;0;0;0;0;0;0;0;0;0;0;0;0;0;0;0;0;0;0;0;0;0;0;0.5;0;0;0;0;0;0;0;0;0;0;0;0;0;0;0;0;0
oak-guardian;Oak Guardian;Uterra;XSXX;Creature;Plant Spirit;FALSE;;;;;;;;10;10;"<b>Breakthrough</b>

When you gain H, you gain that amount +1H instead.";0;0;0;0;0;0;0;0;0;0;0;0;0;0;0.5;0;0;0;0;0;0;0.5;0;0;0;0;0;0;0;0;0;0;0;0;0;0;0;0;0.5;0;0;0;0;0;0;0;0;0;0;0;0;0;0;0;0;0;0;0;0;0;0.5;0;0;0;0;0;0;0;0;0;0;0.5;0;0;0;0;0;0;0;0;0;0;0;0;0;0;0;0;0;0;0;0;0;0;0;0;0;0;0;0;0;0;0
briguard-carrier;Briguard Carrier;Alloyin;XXCX;Creature;Robot;FALSE;;1;3;"<b>Mobility</b> 1

When this moves lanes, you may play a Gizmo <b>Minion</b> in the vacated lane.";2;8;"<b>Mobility</b> 1

When this moves lanes, you may play a Gizmo <b>Minion</b> in the vacated lane.";2;10;"<b>Mobility</b> 1

When this moves lanes, you may play a Mega Gizmo <b>Minion</b> in the vacated lane.";0;0;0;0;0;0;0;0;0;0;0;0;0;0;0;0;1;0;1;0;0;0;0;0;0;0;0;0;0;0;0;1;0;0;0;1;0;0;0;0;1;0;1;0;0;0;0;0;0;0;0;0;0;0;0;0;0;0;0;0;0;0;0;0;0;0;0;0;0;1;0;0;1;0;0;0;0;0;0;0;0;0;0;0;0;0;0;0;0;0;0;0;0;0;0;0;0;0;0;0;0;0;0
covetous-bloodlord;Covetous Bloodlord;Nekrium;XXCX;Creature;Vampire Mage;FALSE;;3;2;"<b>Stealth</b>

<b>Activate:</b> Give another one of your creatures -3A to give this +3A.";6;4;"<b>Stealth</b>

<b>Activate:</b> Give another one of your creatures -3A to give this +6A.";9;5;"<b>Stealth</b>

<b>Activate:</b> Give another one of your creatures -3A to give this +A equal to that creature's A.";0;0;0;0;0;0;0;0;0;0;1;0;0;0;0;0;0;0;0;0;0;0;0;0;0;0;0;0;0;0;0;0;0;0;0;0;0;0;0;0;0;0;0;0;0;0;0;1;0;0;0;0;0;0;0;0;0;0;0;0;0;0;0;0;0;0;0;1;0;0;0.3;0;1;0;0;0;0;0;0;0;0;0;0;0;0;0;0;0;0;0;0;0;0;0;0;0;0;0;0;0;0;0;0
cultivating-guardian;Cultivating Guardian;Uterra;XXCX;Creature;Plant Mage;FALSE;;3;5;<b>Deploy:</b> <b>Upgrade</b> a creature in your hand, then discard it.;7;8;<b>Deploy:</b> <b>Upgrade</b> a creature in your hand, then discard it.;7;10;"<b>Deploy:</b> <b>Upgrade</b> a creature in your hand.

The first time you <b>Upgrade</b> a creature each turn, you may play it for <b>Free</b>.";0;0;0;0;0;0;0;0;0;0;1;0;0;0;1;0;0;0;0;0;0;0;0;0;0;0;0;0;0;0;0;0;0;0;0;0;0;0;0;0;0;0;0;0;0;0;0;0;0;0.3;0;1;0.3;0;0;0;0;0;0;0;0;0;0;0;0;0;0;0;0;0;0;0;0;0;0;0;0;0;0;0;0;0;0;0;0;0;0;0;0;0;1;0;0;0;0;0;0;0;0;0;0;0;0
darkshaper-savant;Darkshaper Savant;Nekrium;XXCX;Creature;Zombie Mage;FALSE;;4;3;When you play a [l1] card, you may give an enemy creature -1A,-1H.;7;6;When you play a [l1] card, you may give an enemy creature -3A,-3H.;12;10;When you play a [l1] card, you may give an enemy creature -5A,-5H.;0;0;0;0;0;0;0;0;0;0;1;0;0;0;0;0;0;0;0;0;0;0;0;0;0;0;0;0;0;1;0;0;0;0;0;0;0;0;0;0;0;0;0;0;0;0;0;0;0;0;0;0;0;0;0;0;0;0;0;1;0;0;0;0;0;0;0;0;0;0;0;0;0;0;1;0;0;0;0;0;0;0;0;0;0;0;0;0;0;0;0;0;0;0;0;0;0;0;0;0;0;0;0
elementalist-knight;Elementalist Knight;Tempys;XXCX;Creature;Mage Warrior;FALSE;;5;2;<b>Exalted</b> — When an enemy creature with 4A or less enters this lane, destroy it.;7;4;<b>Exalted</b> — When an enemy creature with 6A or less enters this lane, destroy it.;10;6;<b>Exalted</b> — When an enemy creature with 9A or less enters this lane, destroy it.;0;0;0;0;0;0;0;0;0;0;1;0;0;0;0;0;0;0;0;0;0;0;0;0;0;1;0;0;0;0;0;0;0;0;0;0;0;0;0;0;0;0;0;0;0;0;0;0;0;0;0;0;0;0;0;0;0;0;0;0;0;0;0;0;0;0;0;0;0;0;0;0;0;0;0;0;1;0;0;0;0;0;0;0;0;0;1;0;0;0;0;0;0;0;0;0;0;0;0;0;0;0;0
graveborn-caller;Graveborn Caller;Nekrium;XXCX;Creature;Spirit;FALSE;;2;5;"<b>Stealth</b>

When this deals damage to an enemy player, you may play a Mindless Zombie <b>Minion</b>.";4;7;"<b>Stealth</b>

When this deals damage to an enemy player, you may play a Mindless Zombie <b>Minion</b>.";5;10;"<b>Stealth</b>

When this deals damage to an enemy player, you may play a Zombie Brute <b>Minion</b>.";0;0;0;0;0;0;0;0;0;0;0;0;0;0;0;0;0;0;0;0;0;1;0;1;0;0;0;0;0;1;0;1;0;0;0;0;0;0;0;0;0;0;0;0;0;0;0;0;0;0;0;0;0;0;0;0;0;1;0;0;0;0;0;0;0;0;0;1;0;0;0;0;0;0;0;0;0;0;0;0;0;0;0;0;0;0;0;0;0;0;0;0;0;0;0;0;0;0;0;0;0;0;0
hardshell-beetle;Hardshell Beetle;Uterra;XXCX;Creature;Beast;FALSE;;5;3;While this has increased A, it has 3D.;8;5;While this has increased A, it has 5D.;12;8;While this has increased A, it has 8D.;1;0;0;0;0;0;0;0;0;0;0;0;0;0;0;0;0;0;0;0;0;0;0;0;0;0;0;0;0;0;0;0;0;0;0;0;0;0;0;0;0;0;0;1;0;0;0;0;0;0;0;0;0;0;0;0;0;0;0;0;0;0;0;0;0;0;0;0;0;0;0;0;0;1;0;0;0;0;0;0;0;0;0;0;0;0;0;0;0;0;0;0;0;0;0;0;0;0;0;0;0;0;0
lavafield-watchdog;Lavafield Watchdog;Tempys;XXCX;Creature;Beast Elemental;FALSE;;3;5;"<b>Breakthrough</b>

<b>Deploy:</b> If one of your creatures was destroyed this turn, give this +5A.";5;6;"<b>Breakthrough</b>

<b>Deploy:</b> If one of your creatures was destroyed this turn, give this +8A.";9;7;"<b>Breakthrough</b>

<b>Deploy:</b> If one of your creatures was destroyed this turn, give this +10A.";1;0;0;0;0;0;0;0;1;0;0;0;0;0;0;0;0;0;0;0;0;0;0;0;0;0;0;0;0;0;0;0;0;0;0;0;0;0;0;0;0;0;0;0;0;0;0;0;0;0;0;0;0;0;0;0;0;0;0;0;1;0;0;0;0;0;0;0;0;0;0;0;1;0;0;0;0;0;0;1;0;0;1;0;0;0;0;0;0;0;1;0;0;0;0;0;0;0;0;0;0;0;0
metamind-warden;Metamind Warden;Alloyin;XXCX;Creature;Metamind Scientist;FALSE;;4;4;"<b>Activate:</b> Give a creature -2A.

When you <b>Upgrade</b> a card, <b>Ready</b> this.";6;6;"<b>Activate:</b> Give a creature -3A.

When you <b>Upgrade</b> a card, <b>Ready</b> this.";8;9;"<b>Activate:</b> Give a creature -5A.

When you <b>Upgrade</b> a card, <b>Ready</b> this.";0;0;0;0;0;0;0;0;0;0;0;0;1;0;0;0;0;0;0;1;0;0;0;0;0;0;0;0;0;0;0;0;0;0;0;0;0;0;0;0;0;0;0;0;0;0;0;1;0;0;0;1;1;0;0;0;0;0;0;0;0;0;0;0;0;0;0;0;0;0;0;0;0;0;0;1;0;0;0;0;0;0;0;0;0;0;0;0;0;0;0;0;0;0;0;0;0;0;0;0;0;0;0
nyrali-engulfer;Nyrali Engulfer;Nekrium;XXCX;Creature;Ooze;FALSE;;6;2;<b>Exalted</b> — <b>Activate:</b> Destroy a creature with 2A or less.;8;5;<b>Exalted</b> — <b>Activate:</b> Destroy a creature with 5A or less.;12;8;<b>Exalted</b> — <b>Activate:</b> Destroy a creature with 7A or less.;0;0;0;0;0;0;0;0;0;0;0;0;0;0;0;0;0;0;0;0;0;0;0;0;0;0;0;0;0;0;0;0;0;0;0;0;0;0;0;0;0;0;0;0;0;0;0;1;0;0;0;0;0;0;0;0;0;0;0;1;0;0;0;0;0;0;0;0;0;0;0;0;0;0;0;0;1;0;0;0;0;0;0;0;0;0;1;0;0;0;0;0;0;0;0;0;0;0;0;0.5;0;0;0
shepherding-willow;Shepherding Willow;Uterra;XXCX;Creature;Plant Spirit;FALSE;;3;6;<b>Deploy:</b> If you have a Spirit in your Banish Pile, you gain 3H.;5;9;<b>Deploy:</b> If you have two or more Spirits in your Banish Pile, you gain 5H.;7;11;<b>Activate:</b> If you have three or more Spirits in your Banish Pile, you gain 5H.;0;0;0;0;0;0;0;0;0;0;0;0;0;0;1;0;0;0;0;0;0;1;0;1;1;0;0;0;0;0;0;0;0;0;0;0;0;1;0;0;0;0;0;0;0;0;0;0.3;0;0;0;0;0;0;0;0;0;0;0;0;0;0;0;0;0;0;0;0;0;0;0;0;0;0;0;0;0;0;0;0;0;0;0;0;0;0;0;0;0;0;0.9;0;0;0;0;0;0;0;0;0;0;0;0
shieldroid;Shieldroid;Alloyin;XXCX;Creature;Robot;FALSE;;6;4;<b>Exalted</b> — <b>Activate:</b> Give each of your creatures 1D this turn.;9;6;<b>Exalted</b> — <b>Activate:</b> Give each of your creatures 2D this turn.;13;10;<b>Exalted</b> — <b>Activate:</b> Give each of your creatures 3D this turn.;0;0;0;0;0;0;0;0;0;0;0;0;0;0;0;0;1;0;1;0;0;0;0;0;0;0;0;0;0;0;0;0;0;0;0;0;0;0;0;0;0;0;0;0;1;0;0;1;0;0;0;0;0;0;0;0;0;0;0;0;0;0;0;0;0;0;0;0;0;0;0;0;0;0;0;0;0;0;0;0;0;0;0;0;0;0;1;0;0;0;0;0;0;0;0;0;0;0;0;0;0;0;0
spiritsteel-infiltrator;Spiritsteel Infiltrator;Alloyin;XXCX;Creature;Spirit;FALSE;;5;3;"<b>Mobility</b> 1, <b>Aggressive</b>

When this deals damage to an enemy player, you may give an enemy creature -2A.";8;4;"<b>Mobility</b> 2, <b>Aggressive</b>

When this deals damage to an enemy player, you may give an enemy creature -4A.";10;5;"<b>Mobility</b> 3, <b>Aggressive</b>

When this deals damage to an enemy player, you may give an enemy creature -6A.";0;0;0;0;0;0;0;0;0;0;0;0;0;0;0;0;0;0;0;0;0;1;0;1;0;0;0;0;0;0;0;0;0;0;0;0;0;0;0;0;1;0;0;0;0;0;0;0;0;0;0;0;0;0;0;0;0;1;0;0;0;0;1;0;0;0;0;0;0;0;0;0;0;0;0;1;0;0;0;0;0;0;0;0;0;0;0;0;0;0;0;0;0;0;0;0;0;0;0;0;0;0;0
uterra-forebear;Uterra Forebear;Uterra;XXCX;Creature;Spirit Warrior;FALSE;;1;1;"<b>Deploy:</b> You may give another creature +2A,+2H.

When this is destroyed, you may give a creature +2A,+2H.";3;3;"<b>Deploy:</b> You may give another creature +3A,+3H.

When this is destroyed, you may give a creature +3A,+3H.";4;4;"<b>Deploy:</b> You may give another creature +5A,+5H.

When this is destroyed, you may give a creature +5A,+5H.";0;0;0;0;0;0;0;0;0;0;0;0;0;0;0;0;0;0;0;0;0;1;0;1;0;1;0;0;0;0;0;0;0;0;0;0;0;0;0;0;0;0;0;0;0;0;0;0;0;0;0;0;0;0;0;0;0;0;0;0;0;0;0;0;0;0;0;0;0;1;0;0;1;0;0;0;0;0;1;0;0;0;1;0;0;0;0;0;0;0;1;0;0;0;0;0;0;0;0;0;0;0;0
wildfire-maiden;Wildfire Maiden;Tempys;XXCX;Creature;Mage;FALSE;;3;5;<b>Exalted</b> — <b>Activate:</b> Deal 2 damage to a creature or player.;5;8;<b>Exalted</b> — <b>Activate:</b> Deal 4 damage to a creature or player.;7;12;<b>Exalted</b> — <b>Activate:</b> Deal 6 damage to a creature or player.;0;0;0;0;0;0;0;0;0;0;1;0;0;0;0;0;0;0;0;0;0;0;0;0;0;0;0;0;0;0;0;0;0;0;0;0;0;0;0;0;0;0;0;0;0;0;0;1;0;0;0;0;0;1;1;0;0;0;0;1;0;0;0;0;0;0;0;0;0;0;0;0;0;0;0;0;0;0;0;0;0;0;0;0;0;0;1;0;0;0;0;0;0;0;0;0;1;0;0;0.5;0;0;0
aethertap;Aethertap;Tempys;XXCX;Spell;;FALSE;;;;Give a creature +5A. If you have an <b>Exalt</b> in its lane, play up to one Spell Sprite <b>Minion</b>.;;;Give a creature +7A. If you have an <b>Exalt</b> in its lane, play up to one Spell Swarm <b>Minion</b>.;;;Give a creature +10A. If you have an <b>Exalt</b> in its lane, play up to two Spell Swarm <b>Minions</b>.;0;0;0;0;0;0;0;0;1;0;0;0;0;0;0;0;0;0;0;0;0;0;0;0;0;0;0;0;0;0;0;1;0;1;1;0;0;0;0;0;0;0;0;0;0;0;0;0;0;0;0;0;0;0;0;0;0;0;0;0;0;0;0;0;0;0;0;0;0;0;1;0;1;0;0;0;0;0;0;0;0;0;0;0;0;0;1;0;0;0;0;0;0;0;0;0;0;0;0;0;0;0;0
alloyin-monolith;Alloyin Monolith;Alloyin;XXCX;Spell;Exalt;FALSE;;;;"<b>Deploy:</b> <b>Upgrade</b> a [l1] card in your hand, then discard it.

<b>Activate:</b> Destroy this to give your creature in this lane 6D this turn.";;;"<b>Deploy:</b> <b>Upgrade</b> a card in your hand, then discard it.

<b>Activate:</b> Destroy this to give your creature in this lane 10D this turn.";;;"<b>Deploy:</b> <b>Upgrade</b> a card in your hand.

<b>Activate:</b> Destroy this to give your creature in this lane 15D this turn.";0;0;0;0;0;0;0;0;0;0;0;0;0;0;0;0;0;0;0;0;0;0;0;0;0;0;0;0;0;0;0;0;0;0;1;0;0;0;0;0;0;0;0;0;1;0;0;1;0;0;0;1;0;0;0;0;0;0;0;0;0;0;0;0;0;0;0;0;0;0;0;0;0;0;0;0;0;0;0;0;0;0;0;0;0;1;0;0;0;0;0;0;0;0;0;0;0;0;0;0;0;0;0
cherished-shrine;Cherished Shrine;Uterra;XXCX;Spell;Exalt;FALSE;;;;"<b>Deploy:</b> Give a creature 4D this turn.

<b>Activate:</b> If you have one or more Spirits in your Banish Pile, give a creature in this lane 2D this turn.";;;"<b>Deploy:</b> Destroy your [l1] Cherished Shrine. Give a creature 8D this turn.

<b>Activate:</b> If you have two or more Spirits in your Banish Pile, give a creature in this lane 4D this turn.";;;"<b>Deploy:</b> Destroy your [l1] and [l2] Cherished Shrine. Give a creature 12D this turn.

<b>Activate:</b> If you have three or more Spirits in your Banish Pile, give a creature in this lane 6D this turn.";0;0;0;0;0;0;0;0;0;0;0;0;0;0;0;0;0;0;0;0;0;0;0;0;1;0;0;0;0;0;0;0;0;0;1;0;0;0;0;0;0;0;0;0;1;0;0;1;0;0;0;0;0;0;0;0;0;0;0;0;0;0;0;0;0;0;0;0;0;0;0;0;0;0;0;0;0;0;0;0;0;0;0;0;0;1;0;0;0;0;0;0;0;0;0;0;0;0;0;0;0;0;0
deepfrost-hills;Deepfrost Hills;Tempys;XXCX;Spell;Exalt;FALSE;;;;"<b>Deploy:</b> Put 2 energy counters on this.

<b>Activate:</b> Remove an energy counter from this to deal 3 damage to the opposing creature. This turn, it gets <b>Defender</b>. Then, if there are no energy counters on this, destroy this.";;;"<b>Deploy:</b> Put 2 energy counters on this.

<b>Activate:</b> Remove an energy counter from this to deal 5 damage to the opposing creature. This turn, it gets <b>Defender</b>. Then, if there are no energy counters on this, destroy this.";;;"<b>Deploy:</b> Put 2 energy counters on this.

<b>Activate:</b> Remove an energy counter from this to deal 7 damage to the opposing creature. This turn, it gets <b>Defender</b>. Then, if there are no energy counters on this, destroy this.";0;0;0;0;0;0;0;0;0;0;0;0;0;0;0;0;0;0;0;0;0;0;0;0;0;0;0;0;0;0;0;0;0;0;1;0;0;0;0;0;0;0;0;0;0;0;0;1;0;0;0;0;0;0;0;0;0;0;0;0;0;0;0;0;0;0;1;0;0;0;0;0;0;0;0;0;0;0;0;0;0;0;0;0;0;1;0;1;0;0;0;0;0;0;0;0;0;0;0;0;0;0;0
flamestoker-ritual;Flamestoker Ritual;Tempys;XXCX;Spell;;FALSE;;;;Deal 4 damage to one of your creatures to deal 8 damage to an enemy creature.;;;Deal 5 damage to one of your creatures to deal 10 damage to an enemy creature.;;;Deal 7 damage to one of your creatures to deal 15 damage to an enemy creature.;0;0;0;0;0;0;0;0;0;0;0;0;0;0;0;0;0;0;0;0;0;0;0;0;0;0;0;0;0;0;0;0;0;0;1;0;0;0;0;0;0;0;0;0;0;0;0;0;0;0;0;0;0;0;0;0;0;0;0;1;0;0;0;0;0;0;0;0;0;0;0;0;0;0;0;0;0;0;0;0;0;0;0;1;0;0;0;0;0;0;0;0;0;0;0;0;0;0;0;0;0;0;0
forsaken-mausoleum;Forsaken Mausoleum;Nekrium;XXCX;Spell;Exalt;FALSE;;;;"<b>Deploy:</b> Deal 2 damage to a creature to gain 2H.

When one of your Spirits comes into play in this lane, you may deal 2 damage to a creature to gain 2H. Then, destroy this.";;;"<b>Deploy:</b> Deal 4 damage to a creature to gain 4H.

When one of your Spirits comes into play in this lane, you may deal 4 damage to a creature to gain 4H. Then, destroy this.";;;"<b>Deploy:</b> Deal 6 damage to a creature to gain 6H.

When one of your Spirits comes into play in this lane, you may deal 6 damage to a creature to gain 6H. Then, destroy this.";0;0;0;0;0;0;0;0;0;0;0;0;0;0;0;0;0;0;0;0;0;0;1;0;0;0;0;0;0;0;0;0;0;0;1;0;0;1;0;0;0;0;0;0;0;0;0;0;0;0;0;0;0;0;0;0;0;0;0;1;0;0;0;0;0;0;0;0;0;0;0;0;0;0;0;0;0;0;0;0;0;0;0;0;0;1;0;0;0;0;0;0;0;0;0;0;0;0;0;0;0;0;0
hungering-strike;Hungering Strike;Nekrium;XXCX;Spell;;FALSE;;;;"You may give a creature +3A.

You may give an enemy creature -3H.";;;"You may give a creature +5A.

You may give an enemy creature -5H.";;;"You may give a creature +8A.

You may give an enemy creature -8H.";0;0;0;0;0;0;0;0;0;0;0;0;0;0;0;0;0;0;0;0;0;0;0;0;0;0;0;0;0;0;0;0;0;0;1;0;0;0;0;0;0;0;0;0;0;0;0;0;0;0;0;0;0;0;0;0;0;0;0;1;0;0;0;0;0;0;0;0;0;0;1;0;1;0;0;0;0;1;0;0;0;0;0;0;0;0;0;0;0;0;0;0;0;0;0;0;0;0;0;0;0;0;0
lysian-shard;Lysian Shard;Uterra;XXCX;Spell;Exalt;FALSE;;;;"<b>Deploy:</b> Put 2 energy counters on this.

<b>Activate:</b> Remove an energy counter from this to give your creature in this lane +2A. If it is [l1], it gets <b>Breakthrough</b> this turn. Then, if there are no energy counters on this, destroy this.";;;"<b>Deploy:</b> Put 2 energy counters on this.

<b>Activate:</b> Remove an energy counter from this to give your creature in this lane +4A. If it is [l1] or [l2], it gets <b>Breakthrough</b> this turn. Then, if there are no energy counters on this, destroy this.";;;"<b>Deploy:</b> Put 2 energy counters on this.

<b>Activate:</b> Remove an energy counter from this to give your creature in this lane +8A. This turn, it gets <b>Breakthrough</b>. Then, if there are no energy counters on this, destroy this.";0;0;0;0;0;0;0;0;0;0;0;0;0;0;0;0;0;0;0;0;0;0;0;0;0;0;0;0;0;0;0;0;0;0;1;0;0;0;0;0;0;0;0;0;0;0;0;1;0;0;0;0;0;0;0;0;0;0;0;0;0;1;0;0;0;0;0;0;0;0;1;0;1;0;0;0;0;0;0;0;0;0;0;0;0;1;0;1;0;0;0;0;0;0;0;0;0;0;0;0;0;0;0
mount-of-heroes;Mount of Heroes;Tempys;XXCX;Spell;Exalt;FALSE;;;;<b>Activate:</b> Deal 2 damage to your creature in this lane. If you do, give it +4A.;;;"<b>Deploy:</b> Destroy your [l1] Mount of Heroes.

<b>Activate:</b> Deal 2 damage to your creature in this lane. If you do, give it and each adjacent creature +4A.";;;"<b>Deploy:</b> Destroy your [l1] and [l2] Mount of Heroes.

<b>Activate:</b> Deal 2 damage to your creature in this lane. If you do, give each of your creatures +4A.";0;0;0;0;0;0;0;0;0;0;0;0;0;0;0;0;0;0;0;0;0;0;0;0;0;0;0;0;0;0;0;0;0;0;1;0;0;0;0;0;0;0;0;0;0;0;0;1;0;0;0;0;0;0;0;0;0;0;0;0;0;0;0;0;0;0;0;0;0;0;1;0;1;0;0;0;0;0;0;0;0;0;0;0;0;1;0;0;0;0;0;0;0;0;0;0;0;0;0;0;0;0;0
natures-progression;Nature's Progression;Uterra;XXCX;Spell;;FALSE;;;;"Give a creature +4A,+2H.

You may <b>Upgrade</b> a creature in your hand, then discard it.";;;"Give a creature +6A,+4H.

You may <b>Upgrade</b> a creature in your hand, then discard it.";;;"This is <b>Free</b>.

Give a creature +6A,+4H.

You may <b>Upgrade</b> a creature in your hand.";0;0;0;0;0;0;0;0;0;0;0;0;0;0;0;0;0;0;0;0;0;0;0;0;0;0;0;0;0;0;0;0;0;0;1;0;0;0;0;0;0;0;0;0;0;0;0;0;0;0.3;0;1;0;0;0;0;0;0;0;0;0;0;0;0;0;0;0;0;0;1;0;0;1;0;0;0;0;0;0;0;0;0;0;0;0;0;0;0;0;0;0;0;0;0;0;0;0;0;0;0;0;0;0
reconstruct;Reconstruct;Alloyin;XXCX;Spell;;FALSE;;;;Double a [l1] creature's A.;;;"This is <b>Free</b>.

Double a [l1] or [l2] creature's A.";;;"This is <b>Free</b>.

Double a creature's A.";0;0;0;0;0;0;0;0;0;0;0;0;0;0;0;0;0;0;0;0;0;0;0;0;0;0;0;0;0;0;0;0;0;0;1;0;0;0;0;0;0;0;0;0;0;0;0;0;0;0.7;0;0;0;0;0;0;0;0;0;0;0;0;0;0;0;0;0;0;0;0;1;0;1;0;0;0;0;0;0;0;0;0;0;0;0;0;0;0;0;0;0;0;0;0;0;0;0;0;0;0.5;0.5;0.5;0
renewal;Renewal;Alloyin;XXCX;Spell;;FALSE;;;;Give a creature 8D this turn. <b>Ready</b> it.;;;Give a creature 12D this turn. <b>Ready</b> it.;;;Give a creature 18D this turn. <b>Ready</b> it.;0;0;0;0;0;0;0;0;0;0;0;0;0;0;0;0;0;0;0;0;0;0;0;0;0;0;0;0;0;0;0;0;0;0;1;0;0;0;0;0;0;0;0;0;1;0;0;0;1;0;0;0;0;0;0;0;0;0;0;0;0;0;0;0;0;0;0;0;0;0;0;0;0;0;0;0;0;0;0;0;0;0;0;0;0;0;0;0;0;0;0;0;0;0;0;0;0;0;0;0;0;0;0
restless-dead;Restless Dead;Nekrium;XXCX;Spell;;FALSE;;;;"Choose one:
   •  Play a Zombie Brute <b>Minion</b>.
   •  <b>Reanimate</b> a [l1] Spirit.";;;"Choose one:
   •  Play a Zombie Brute <b>Minion</b>.
   •  <b>Reanimate</b> a [l1] or [l2] Spirit.";;;"Choose one:
   •  Play a Zombie Brute <b>Minion</b>.
   •  <b>Reanimate</b> a Spirit.";0;0;0;0;0;0;0;0;0;0;0;0;0;0;0;0;0;0;0;0;0;0;0;0;1;0;0;0;0;1;0;1;0;0;1;0;0;0;0;0;0;0;0;0;0;0;0;0;0;0;1;0;0;0;0;0;0;0;0;0;0;0;0;0;0;0;0;0;0;0;0;0;0;0;0;0;0;0;0;0;0;0;0;0;0;0;0;0;0;0;0;0;0;0;0;0;0;0;0;0.5;0;0;0
sacrifice-chamber;Sacrifice Chamber;Nekrium;XXCX;Spell;Exalt;FALSE;;;;"Your creature in this lane has ""<b>Slay:</b> Deal 3 damage to the enemy player to gain 3H.""";;;"<b>Deploy:</b> Destroy your [l1] Sacrifice Chamber. You may give a creature +3A.

Your creature in this lane has ""<b>Slay:</b> Deal 5 damage to the enemy player to gain 5H.""";;;"<b>Deploy:</b> Destroy your [l1] and [l2] Sacrifice Chamber. You may give a creature +5A.

Your creature in this lane has ""<b>Slay:</b> Deal 7 damage to the enemy player to gain 7H.""";0;0;0;0;0;0;0;0;0;0;0;0;0;0;0;0;0;0;0;0;0;0;0;0;0;0;0;0;0;0;0;0;0;0;1;0;0;1;0;0;0;0;0;0;0;0;0;0;0;0;0;0;0;1;0;0;1;0;0;0;0;0;0;0;0;0;0;0;0;0;0.7;0;0.7;0;0;0;0;0;0;0;0;0;0;0;0;1;0;0;1;0;0;0;0;0;0;0;0;0;0;0.5;0;0;0
seal-of-anvillon;Seal of Anvillon;Alloyin;XXCX;Spell;Exalt;FALSE;;;;"<b>Deploy:</b> Put 2 energy counters on this.

<b>Activate:</b> Remove an energy counter from this to give an enemy creature in this lane -4A. Then, if there are no energy counters on this, destroy this.";;;"<b>Deploy:</b> Put 2 energy counters on this.

<b>Activate:</b> Remove an energy counter from this to give an enemy creature in this lane -7A. Then, if there are no energy counters on this, destroy this.";;;"<b>Deploy:</b> Put 2 energy counters on this.

<b>Activate:</b> Remove an energy counter from this to give an enemy creature in this lane -10A. Then, if there are no energy counters on this, destroy this.";0;0;0;0;0;0;0;0;0;0;0;0;0;0;0;0;0;0;0;0;0;0;0;0;0;0;0;0;0;0;0;0;0;0;1;0;0;0;0;0;0;0;0;0;0;0;0;1;0;0;0;0;0;0;0;0;0;0;0;0;0;0;0;0;0;0;0;0;0;0;0;0;0;0;0;1;0;0;0;0;0;0;0;0;0;1;0;1;0;0;0;0;0;0;0;0;0;0;0;0;0;0;0
shamans-channeling;Shaman's Channeling;Uterra;XXCX;Spell;;FALSE;;;;"Give a creature +6A.

If you have a Spirit in your Banish Pile, you may give one of your creatures <b>Breakthrough</b> this turn.";;;"Give a creature +8A.

If you have two or more Spirits in your Banish Pile, you may give up to two of your creatures <b>Breakthrough</b> this turn.";;;"Give a creature +12A.

If you have three or more Spirits in your Banish Pile, give all of your creatures <b>Breakthrough</b> this turn.";0;0;0;0;0;0;0;0;0;0;0;0;0;0;0;0;0;0;0;0;0;0;0;0;1;0;0;0;0;0;0;0;0;0;1;0;0;0;0;0;0;0;0;0;0;0;0;0;0;0;0;0;0;0;0;0;0;0;0;0;0;1;0;0;0;0;0;0;0;0;1;0;1;0;0;0;0;0;0;0;0;0;0;0;0;0;0;0;0;0;0;0;0;0;0;0;0;0;0;0;0;0;0
the-silver-arc;The Silver Arc;Alloyin;XXCX;Spell;Exalt;FALSE;;;;"<b>Deploy:</b> You may give a creature +3A,+3H.

When you replace a creature in this lane, give your creature in this lane +3A,+3H. Then, destroy this.";;;"<b>Deploy:</b> You may give a creature +5A,+5H.

When you replace a creature in this lane, give your creature in this lane +5A,+5H. Then, destroy this.";;;"<b>Deploy:</b> You may give a creature +7A,+7H.

When you replace a creature in this lane, give your creature in this lane +7A,+7H. Then, destroy this.";0;0;0;0;0;0;0;0;0;0;0;0;0;0;0;0;0;0;0;0;0;0;0;0;0;0;0;0;0;0;0;0;0;0;1;0;1;0;0;0;0;0;0;0;0;0;0;0;0;0;0;0;0;0;0;0;0;0;0;0;0;0;0;0;0;0;0;0;0;1;0;0;1;0;0;0;0;0;0;0;0;0;0;0;0;1;0;0;0;0;0;0;0;0;0;0;0;0;0;0;0;0;0
archivist;Archivist;Alloyin;XXCX;Creature;Metamind Scientist;TRUE;;4;4;<b>Deploy:</b> <b>Upgrade</b> a card in your hand, then discard it.;7;8;<b>Deploy:</b> <b>Upgrade</b> a card in your hand, then discard it.;11;13;<b>Deploy:</b> <b>Upgrade</b> a card in your hand.;0;0;0;0;0;0;0;0;0;0;0;0;1;0;0;0;0;0;0;1;0;0;0;0;0;0;0;0;0;0;0;0;0;0;0;0;0;0;0;0;0;0;0;0;0;0;0;0;0;0;0;1;0;0;0;0;0;0;0;0;0;0;0;0;0;0;0;0;0;0;0;0;0;0;0;0;0;0;0;0;0;0;0;0;0;0;0;0;0;0;1;0;0;0;0;0;0;0;0;0;0;0;0
brawler;Brawler;Tempys;XXCX;Creature;Warrior;TRUE;;5;5;<b>Deploy:</b> This <b>Battles</b> the opposing creature.;7;7;<b>Deploy:</b> This <b>Battles</b> the opposing creature.;11;12;<b>Deploy:</b> This <b>Battles</b> the opposing creature.;0;0;0;0;0;0;0;0;0;0;0;0;0;0;0;0;0;0;0;0;0;0;0;0;0;1;0;0;0;0;0;0;0;0;0;0;0;0;0;0;0;0;0;0;0;0;0;0;0;0;0;0;0;0;0;0;0;0;0;1;0;0;0;0;0;0;0;0;0;0;0;0;0;0;0;0;0;0;0;0;0;0;0;0;0;0;0;0;0;0;1;0;0;0;0;0;0;0;0;0.5;0;0;0
direhound;Direhound;Nekrium;XXCX;Creature;Beast Spirit;TRUE;;5;3;<b>Deploy:</b> You may destroy another one of your creatures to play a Mindless Zombie <b>Minion</b>.;9;5;<b>Deploy:</b> You may destroy another one of your creatures to <b>Reanimate</b> a [l1] creature.;12;9;<b>Deploy:</b> You may destroy another one of your creatures to <b>Reanimate</b> a [l1] or [l2] creature.;1;0;0;0;0;0;0;0;0;0;0;0;0;0;0;0;0;0;0;0;0;1;0;1;0;0;0;0;0;0.5;0;0.5;0;0;0;0;0;0;0;0;0;0;0;0;0;0;0;0;0;0;0.7;0;0;0;0;0;0;0;0;0;0;0;0;0;0;0;0;0;0;0;0;0;0;0;0;0;0;0;0;0;1;0;0;0;0;0;0;0;0;0;1;0;0;0;0;0;0;0;0;1;0;0;0
etherhound;Etherhound;Uterra;XXCX;Creature;Beast Spirit;TRUE;;6;5;<b>Deploy:</b> If this replaced a creature, this gets +2H and you gain 2H.;8;8;<b>Deploy:</b> If this replaced a creature, this gets +3H and you gain 3H.;12;12;<b>Deploy:</b> If this replaced a creature, this gets +5H and you gain 5H.;1;0;0;0;0;0;0;0;0;0;0;0;0;0;0;0;0;0;0;0;0;1;0;1;0;0;0;0;0;0;0;0;0;0;0;0;1;1;0;0;0;0;0;0;0;0;0;0;0;0;0;0;0;0;0;0;0;0;0;0;0;0;0;0;0;0;0;0;0;0;0;1;0;0;0;0;0;0;0;0;0;0;0;0;0;0;0;0;0;0;1;0;0;0;0;0;0;0;0;0;0;0;0
guide;Guide;Alloyin;XXCX;Creature;Mage;TRUE;;5;3;<b>Deploy:</b> Give the next creature you play this turn +3H.;6;4;<b>Deploy:</b> Give the next creature you play this turn +7H.;9;10;<b>Deploy:</b> Give the next creature you play this turn +10H.;0;0;0;0;0;0;0;0;0;0;1;0;0;0;0;0;0;0;0;0;0;0;0;0;0;0;0;0;0;0;0;0;0;0;0;0;0;0;0;0;0;0;0;0;0;0;0;0;0;0;0;0;0;0;0;0;0;0;0;0;0;0;0;0;0;0;0;0;0;0;0;1;0;0;0;0;0;0;0;0;0;0;0;0;0;0;0;0;0;0;1;0;0;0;0;0;0;0;0;0;0;0;0
juggernaut;Juggernaut;Alloyin;XXCX;Creature;Warrior;TRUE;;5;4;<b>Exalted</b> — 3D;9;5;<b>Exalted</b> — 4D;14;8;<b>Exalted</b> — 5D;0;0;0;0;0;0;0;0;0;0;0;0;0;0;0;0;0;0;0;0;0;0;0;0;0;1;0;0;0;0;0;0;0;0;0;0;0;0;0;0;0;0;0;1;0;0;0;0;0;0;0;0;0;0;0;0;0;0;0;0;0;0;0;0;0;0;0;0;0;0;0;0;0;0;0;0;0;0;0;0;0;0;0;0;0;0;1;0;0;0;0;0;0;0;0;0;0;0;0;0;0;0;0
maw;Maw;Nekrium;XXCX;Creature;Beast;TRUE;;4;4;<b>Deploy:</b> Give the next creature an enemy player plays this turn -2A,-2H.;5;5;<b>Deploy:</b> Give the next creature an enemy player plays this turn -4A,-4H.;7;8;<b>Deploy:</b> Give the next creature an enemy player plays this turn -8A,-8H.;1;0;0;0;0;0;0;0;0;0;0;0;0;0;0;0;0;0;0;0;0;0;0;0;0;0;0;0;0;0;0;0;0;0;0;0;0;0;0;0;0;0;0;0;0;0;0;0;0;0;0;0;0;0;0;0;0;0;0;1;0;0;0;0;0;0;0;0;0;0;0;0;0;0;1;0;0;0;0;0;0;0;0;0;0;0;0;0;0;0;1;0;0;0;0;0;0;0;0;0;0;0;0
rager;Rager;Tempys;XXCX;Creature;Warrior;TRUE;;7;4;<b>Exalted</b> — <b>Aggressive</b>;10;7;<b>Exalted</b> — <b>Aggressive</b>;14;11;<b>Exalted</b> — <b>Aggressive</b>;0;0;0;0;0;0;0;0;0;0;0;0;0;0;0;0;0;0;0;0;0;0;0;0;0;1;0;0;0;0;0;0;0;0;0;0;0;0;0;0;0;0;0;0;0;0;0;0;0;0;0;0;0;0;0;0;0;0;0;0;0;0;1;0;0;0;0;0;0;0;0;0;0;0;0;0;0;0;0;0;0;0;0;0;0;0;1;0;0;0;0;0;0;0;0;0;0;0;0;0;0;0;0
shardwitch;Shardwitch;Nekrium;XXCX;Creature;Mage;TRUE;;5;6;<b>Exalted</b> — <b>Stealth</b>;8;9;<b>Exalted</b> — <b>Stealth</b>;12;13;<b>Exalted</b> — <b>Stealth</b>;0;0;0;0;0;0;0;0;0;0;1;0;0;0;0;0;0;0;0;0;0;0;0;0;0;0;0;0;0;0;0;0;0;0;0;0;0;0;0;0;0;0;0;0;0;0;0;0;0;0;0;0;0;0;0;0;0;0;0;0;0;0;0;0;0;0;0;1;0;0;0;0;0;0;0;0;0;0;0;0;0;0;0;0;0;0;1;0;0;0;0;0;0;0;0;0;0;0;0;0;0;0;0
sparker;Sparker;Tempys;XXCX;Creature;Mage;TRUE;;3;5;<b>Deploy:</b> Give the next creature you play this turn +3A.;4;6;<b>Deploy:</b> Give the next creature you play this turn +7A.;9;10;<b>Deploy:</b> Give the next creature you play this turn +10A.;0;0;0;0;0;0;0;0;0;0;1;0;0;0;0;0;0;0;0;0;0;0;0;0;0;0;0;0;0;0;0;0;0;0;0;0;0;0;0;0;0;0;0;0;0;0;0;0;0;0;0;0;0;0;0;0;0;0;0;0;0;0;0;0;0;0;0;0;0;0;1;0;1;0;0;0;0;0;0;0;0;0;0;0;0;0;0;0;0;0;1;0;0;0;0;0;0;0;0;0;0;0;0
tuskmage;Tuskmage;Uterra;XXCX;Creature;Mage;TRUE;;5;5;When you <b>Upgrade</b> a card, give this +2H.;6;9;When you <b>Upgrade</b> a card, give this +3H.;8;14;When you <b>Upgrade</b> a card, give this +5H.;0;0;0;0;0;0;0;0;0;0;1;0;0;0;0;0;0;0;0;0;0;0;0;0;0;0;0;0;0;0;0;0;0;0;0;0;0;0;0;0;0;0;0;0;0;0;0;0;0;0;0;1;1;0;0;0;0;0;0;0;0;0;0;0;0;0;0;0;0;0;0;0;0;0;0;0;0;0;0;0;0;0;0;0;0;0;0;0;0;0;0;0;0;0;0;0;0;0;0;0;0;0;0
wildman;Wildman;Uterra;XXCX;Creature;Warrior;TRUE;;6;6;<b>Exalted</b> — <b>Breakthrough</b>;9;8;<b>Exalted</b> — <b>Breakthrough</b>;13;13;<b>Exalted</b> — <b>Breakthrough</b>;0;0;0;0;0;0;0;0;0;0;0;0;0;0;0;0;0;0;0;0;0;0;0;0;0;1;0;0;0;0;0;0;0;0;0;0;0;0;0;0;0;0;0;0;0;0;0;0;0;0;0;0;0;0;0;0;0;0;0;0;1;0;0;0;0;0;0;0;0;0;0;0;0;0;0;0;0;0;0;0;0;0;0;0;0;0;1;0;0;0;0;0;0;0;0;0;0;0;0;0;0;0;0
citadel;Citadel;Alloyin;XXCX;Modifier;;TRUE;;3;3;<b>Defender</b>;4;7;<b>Defender</b>;7;8;<b>Defender</b>;0;0;0;0;0;0;0;0;0;0;0;0;0;0;0;0;0;0;0;0;0;0;0;0;0;0;0;0;0;0;0;0;0;0;0;0;0;0;0;0;0;0;0;0;0;0;0;0;0;0;0;0;0;0;0;0;0;0;0;0;0;0;0;0;1;0;0;0;0;0;0;0;0;0;0;0;0;0;0;0;0;0;0;0;0;0;0;0;0;0;0;0;0;0;0;0;0;0;0;0;0;0;0
echoing;Echoing;Tempys;XXCX;Modifier;;TRUE;;;;<b>Deploy:</b> If this replaced a creature, you may play a [l1] <b>Exalt</b> for <b>Free</b>.;;;<b>Deploy:</b> You may play a [l1] or [l2] <b>Exalt</b> for <b>Free</b>.;;;<b>Activate:</b> Play an <b>Exalt</b> for <b>Free</b>.;0;0;0;0;0;0;0;0;0;0;0;0;0;0;0;0;0;0;0;0;0;0;0;0;0;0;0;0;0;0;0;0;0;0;0;0;0.5;0;0;0;0;0;0;0;0;0;0;0.3;0;1;0;0;0;0;0;0;0;0;0;0;0;0;0;0;0;0;0;0;0;0;0;0;0;0;0;0;0;0;0;0;0;0;0;0;0;0;1;0;0;0;0.9;0;0;0;0;0;0;0;0;0;0;0;0
emboldened;Emboldened;Tempys;XXCX;Modifier;;TRUE;;0;3;<b>Deploy:</b> If you have a creature with increased A, give this +3A.;0;5;<b>Deploy:</b> If you have a creature with increased A, give this +5A.;0;9;<b>Deploy:</b> If you have a creature with increased A, give this +9A.;0;0;0;0;0;0;0;0;0;0;0;0;0;0;0;0;0;0;0;0;0;0;0;0;0;0;0;0;0;0;0;0;0;0;0;0;0;0;0;0;0;0;0;0;0;0;0;0;0;0;0;0;0;0;0;0;0;0;0;0;0;0;0;0;0;0;0;0;0;0;0;0;1;1;0;0;0;0;0;0;0;0;0;0;0;0;0;0;0;0;1;0;0;0;0;0;0;0;0;0.5;0;0;0
firebranding;Firebranding;Tempys;XXCX;Modifier;;TRUE;;2;1;<b>Deploy:</b> If one of your creatures was destroyed this turn, deal 6 damage to an enemy player.;3;2;<b>Deploy:</b> If one of your creatures was destroyed this turn, deal 6 damage to an enemy player.;5;4;<b>Deploy:</b> If one of your creatures was destroyed this turn, deal 6 damage to an enemy player.;0;0;0;0;0;0;0;0;0;0;0;0;0;0;0;0;0;0;0;0;0;0;0;0;0;0;0;0;0;0;0;0;0;0;0;0;0;0;0;0;0;0;0;0;0;0;0;0;0;0;0;0;0;1;1;0;0;0;0;0;0;0;0;0;0;0;0;0;0;0;0;0;0;0;0;0;0;0;0;1;0;0;1;0;0;0;0;0;0;0;1;0;0;0;0;0;0;0;0;0.5;0;0;0
guard;Guard;Alloyin;XXCX;Modifier;;TRUE;;2;1;<b>Deploy:</b> You get 4D this turn.;3;2;<b>Deploy:</b> You get 6D this turn.;6;4;<b>Deploy:</b> You get 8D this turn.;0;0;0;0;0;0;0;0;0;0;0;0;0;0;0;0;0;0;0;0;0;0;0;0;0;0;0;0;0;0;0;0;0;0;0;0;0;0;0;0;0;0;0;0;1;0;1;0;0;0;0;0;0;0;0;0;0;0;0;0;0;0;0;0;0;0;0;0;0;0;0;0;0;0;0;0;0;0;0;0;0;0;0;0;0;0;0;0;0;0;1;0;0;0;0;0;0;0;0;0.5;0;0;0
haunting;Haunting;Nekrium;XXCX;Modifier;Spirit;TRUE;;2;1;;3;3;;5;6;;0;0;0;0;0;0;0;0;0;0;0;0;0;0;0;0;0;0;0;0;0;1;0;1;0;0;0;0;0;0;0;0;0;0;0;0;0;0;0;0;0;0;0;0;0;0;0;0;0;0;0;0;0;0;0;0;0;0;0;0;0;0;0;0;0;0;0;0;0;0;0;0;0;0;0;0;0;0;0;0;0;0;0;0;0;0;0;0;0;0;0;0;0;0;0;0;0;0;0;0;0;0;0
malicious;Malicious;Nekrium;XXCX;Modifier;;TRUE;;1;1;When this is destroyed, you may give a creature +2A.;1;2;When this is destroyed, you may give a creature +3A.;3;4;When this is destroyed, you may give a creature +4A.;0;0;0;0;0;0;0;0;0;0;0;0;0;0;0;0;0;0;0;0;0;0;0;0;0;0;0;0;0;0;0;0;0;0;0;0;0;0;0;0;0;0;0;0;0;0;0;0;0;0;0;0;0;0;0;0;0;0;0;0;0;0;0;0;0;0;0;0;0;0;1;0;1;0;0;0;0;0;1;0;0;0;1;0;0;0;0;0;0;0;0;0;0;0;0;0;0;0;0;0;0;0;0
mobilizing;Mobilizing;Alloyin;XXCX;Modifier;;TRUE;;3;2;<b>Deploy:</b> Give a creature <b>Mobility</b> 1 this turn.;4;2;<b>Deploy:</b> Give a creature <b>Mobility</b> 2 this turn.;4;4;<b>Deploy:</b> Give a creature <b>Mobility</b> 3 this turn.;0;0;0;0;0;0;0;0;0;0;0;0;0;0;0;0;0;0;0;0;0;0;0;0;0;0;0;0;0;0;0;0;0;0;0;0;0;0;0;0;1;0;0;0;0;0;0;0;0;0;0;0;0;0;0;0;0;0;0;0;0;0;0;0;0;0;0;0;0;0;0;0;0;0;0;0;0;0;0;0;0;0;0;0;0;0;0;0;0;0;1;0;0;0;0;0;0;0;0;0;0;0;0
springbloom;Springbloom;Uterra;XXCX;Modifier;;TRUE;;1;1;<b>Deploy:</b> Each player gains 2H.;4;4;<b>Deploy:</b> Each player gains 3H.;5;5;<b>Deploy:</b> Each player gains 5H.;0;0;0;0;0;0;0;0;0;0;0;0;0;0;0;0;0;0;0;0;0;0;0;0;0;0;0;0;0;0;0;0;0;0;0;0;0;1;0;0;0;0;0;0;0;0;0;0;0;0;0;0;0;0;0;0;0;0;0;0;0;0;0;0;0;0;0;0;0;0;0;0;0;0;0;0;0;0;0;0;0;0;0;0;0;0;0;0;0;0;1;0;0;0;0;0;0;0;0;0;0;0;0
stalking;Stalking;Nekrium;XXCX;Modifier;;TRUE;;1;0;<b>Aggressive</b>, <b>Stealth</b>;2;0;<b>Aggressive</b>, <b>Stealth</b>;3;0;<b>Aggressive</b>, <b>Stealth</b>;0;0;0;0;0;0;0;0;0;0;0;0;0;0;0;0;0;0;0;0;0;0;0;0;0;0;0;0;0;0;0;0;0;0;0;0;0;0;0;0;0;0;0;0;0;0;0;0;0;0;0;0;0;0;0;0;0;0;0;0;0;0;1;0;0;0;0;1;0;0;0;0;0;0;0;0;0;0;0;0;0;0;0;0;0;0;0;0;0;0;0;0;0;0;0;0;0;0;0;1;0;0;0
uprising;Uprising;Uterra;XXCX;Modifier;;TRUE;;0;2;If this would gain A, it gets that amount +2A instead.;0;3;If this would gain A, it gets that amount +3A instead.;0;4;If this would gain A, it gets that amount +4A instead.;0;0;0;0;0;0;0;0;0;0;0;0;0;0;0;0;0;0;0;0;0;0;0;0;0;0;0;0;0;0;0;0;0;0;0;0;0;0;0;0;0;0;0;0;0;0;0;0;0;0;0;0;0;0;0;0;0;0;0;0;0;0;0;0;0;0;0;0;0;0;1;0;0;0;0;0;0;0;0;0;0;0;0;0;0;0;0;0;0;0;0;0;0;0;0;0;0;0;0;0.5;0;0;0
fraud-legs-0;Fraud Human Legs;Nekrium;XXLX;Creature;Abomination;FALSE;;4;4;;4;4;;4;4;;0;0;0;0;0;0;0;0;0;0;0;0;0;0;0;0;0;0;0;0;0;0;0;0;0;0;0;0;0;0;0;0;0;0;0;0;0;0;0;0;0;0;0;0;0;0;0;0;0;0;0;0;0;0;0;0;0;0;0;0;0;0;0;0;0;0;0;0;0;0;0;0;0;0;0;0;0;0;0;0;0;0;0;0;0;0;0;0;0;0;0;0;0;0;0;0;0;0;0;0;1;0;0
fraud-legs-1;Fraud Snake Bottom;Nekrium;XXLX;Creature;Abomination;FALSE;;5;3;;5;3;;5;3;;0;0;0;0;0;0;0;0;0;0;0;0;0;0;0;0;0;0;0;0;0;0;0;0;0;0;0;0;0;0;0;0;0;0;0;0;0;0;0;0;0;0;0;0;0;0;0;0;0;0;0;0;0;0;0;0;0;0;0;0;0;0;0;0;0;0;0;0;0;0;0;0;0;0;0;0;0;0;0;0;0;0;0;0;0;0;0;0;0;0;0;0;0;0;0;0;0;0;0;0;1;0;0
fraud-legs-2;Fraud Spider Legs;Nekrium;XXLX;Creature;Abomination;FALSE;;3;5;;3;5;;3;5;;0;0;0;0;0;0;0;0;0;0;0;0;0;0;0;0;0;0;0;0;0;0;0;0;0;0;0;0;0;0;0;0;0;0;0;0;0;0;0;0;0;0;0;0;0;0;0;0;0;0;0;0;0;0;0;0;0;0;0;0;0;0;0;0;0;0;0;0;0;0;0;0;0;0;0;0;0;0;0;0;0;0;0;0;0;0;0;0;0;0;0;0;0;0;0;0;0;0;0;0;1;0;0
fraud-part-1-p2;Fraud L1 - Wings;Nekrium;XXLX;Fraud;;FALSE;;1;2;<b>Stealth</b>;1;2;<b>Stealth</b>;1;2;<b>Stealth</b>;0;0;0;0;0;0;0;0;0;0;0;0;0;0;0;0;0;0;0;0;0;0;0;0;0;0;0;0;0;0;0;0;0;0;0;0;0;0;0;0;0;0;0;0;0;0;0;0;0;0;0;0;0;0;0;0;0;0;0;0;0;0;0;0;0;0;0;1;0;0;0;0;0;0;0;0;0;0;0;0;0;0;0;0;0;0;0;0;0;0;0;0;0;0;0;0;0;0;0;0;0;0;0
fraud-part-2-p2;Fraud L1 - Chest Jewel;Nekrium;XXLX;Fraud;;FALSE;;3;1;<b>Breakthrough</b>;3;1;<b>Breakthrough</b>;3;1;<b>Breakthrough</b>;0;0;0;0;0;0;0;0;0;0;0;0;0;0;0;0;0;0;0;0;0;0;0;0;0;0;0;0;0;0;0;0;0;0;0;0;0;0;0;0;0;0;0;0;0;0;0;0;0;0;0;0;0;0;0;0;0;0;0;0;1;0;0;0;0;0;0;0;0;0;0;0;0;0;0;0;0;0;0;0;0;0;0;0;0;0;0;0;0;0;0;0;0;0;0;0;0;0;0;0;0;0;0
fraud-part-3-p2;Fraud L1 - Dinosaur Head;Nekrium;XXLX;Fraud;;FALSE;;2;2;<b>Aggressive</b>;2;2;<b>Aggressive</b>;2;2;<b>Aggressive</b>;0;0;0;0;0;0;0;0;0;0;0;0;0;0;0;0;0;0;0;0;0;0;0;0;0;0;0;0;0;0;0;0;0;0;0;0;0;0;0;0;0;0;0;0;0;0;0;0;0;0;0;0;0;0;0;0;0;0;0;0;0;0;1;0;0;0;0;0;0;0;0;0;0;0;0;0;0;0;0;0;0;0;0;0;0;0;0;0;0;0;0;0;0;0;0;0;0;0;0;0;0;0;0
fraud-part-4-p3;Fraud L2 - Left Claw;Nekrium;XXLX;Fraud;;FALSE;;1;3;;1;3;If this deals damage to an enemy player, this deals 3 additional damage.;1;3;If this deals damage to an enemy player, this deals 3 additional damage.;0;0;0;0;0;0;0;0;0;0;0;0;0;0;0;0;0;0;0;0;0;0;0;0;0;0;0;0;0;0;0;0;0;0;0;0;0;0;0;0;0;0;0;0;0;0;0;0;0;0;0;0;0;0;0;0;0;0.7;0;0;0;0;0;0;0;0;0;0;0;0;0;0;0;0;0;0;0;0;0;0;0;0;0;0;0;0;0;0;0;0;0;0;0;0;0;0;0;0;0;0;0;0;0
fraud-part-5-p3;Fraud L2 - Left Human Arm;Nekrium;XXLX;Fraud;;FALSE;;1;1;;1;1;When this deals damage to an enemy player, give this +2A,+2H.;1;1;When this deals damage to an enemy player, give this +2A,+2H.;0;0;0;0;0;0;0;0;0;0;0;0;0;0;0;0;0;0;0;0;0;0;0;0;0;0;0;0;0;0;0;0;0;0;0;0;0;0;0;0;0;0;0;0;0;0;0;0;0;0;0;0;0;0;0;0;0;0.7;0;0;0;0;0;0;0;0;0;0;0;0;0;0;0.7;0;0;0;0;0;0;0;0;0;0;0;0;0;0;0;0;0;0;0;0;0;0;0;0;0;0;0;0;0;0
fraud-part-6-p3;Fraud L2 - Left Tentacles;Nekrium;XXLX;Fraud;;FALSE;;3;1;;3;1;When this deals damage to the enemy player, you gain 3H.;3;1;When this deals damage to the enemy player, you gain 3H.;0;0;0;0;0;0;0;0;0;0;0;0;0;0;0;0;0;0;0;0;0;0;0;0;0;0;0;0;0;0;0;0;0;0;0;0;0;0.7;0;0;0;0;0;0;0;0;0;0;0;0;0;0;0;0;0;0;0;0.7;0;0;0;0;0;0;0;0;0;0;0;0;0;0;0;0;0;0;0;0;0;0;0;0;0;0;0;0;0;0;0;0;0;0;0;0;0;0;0;0;0;0;0;0;0
fraud-part-7-p4;Fraud L3 - Right Tentacles;Nekrium;XXLX;Fraud;;FALSE;;1;1;;1;1;;1;1;<b>Activate:</b> Deal 2 damage to the enemy player to gain 2H.;0;0;0;0;0;0;0;0;0;0;0;0;0;0;0;0;0;0;0;0;0;0;0;0;0;0;0;0;0;0;0;0;0;0;0;0;0;0.3;0;0;0;0;0;0;0;0;0;0.3;0;0;0;0;0;0.3;0.3;0;0;0;0;0;0;0;0;0;0;0;0;0;0;0;0;0;0;0;0;0;0;0;0;0;0;0;0;0;0;0;0;0;0;0;0;0;0;0;0;0;0;0;0;0;0;0;0
fraud-part-8-p4;Fraud L3 - Right Claw;Nekrium;XXLX;Fraud;;FALSE;;1;1;;1;1;;1;1;<b>Activate:</b> Give the opposing creature -2A,-2H.;0;0;0;0;0;0;0;0;0;0;0;0;0;0;0;0;0;0;0;0;0;0;0;0;0;0;0;0;0;0;0;0;0;0;0;0;0;0;0;0;0;0;0;0;0;0;0;0.3;0;0;0;0;0;0;0;0;0;0;0;0.3;0;0;0;0;0;0;0;0;0;0;0;0;0;0;0;0;0;0;0;0;0;0;0;0;0;0;0;0;0;0;0;0;0;0;0;0;0;0;0;0;0;0;0
fraud-part-9-p4;Fraud L3 - Right Human Arm;Nekrium;XXLX;Fraud;;FALSE;;1;1;;1;1;;1;1;<b>Activate:</b> Move the opposing creature up to one lane.;0;0;0;0;0;0;0;0;0;0;0;0;0;0;0;0;0;0;0;0;0;0;0;0;0;0;0;0;0;0;0;0;0;0;0;0;0;0;0;0;0;0;0;0;0;0;0;0.3;0;0;0;0;0;0;0;0;0;0;0;0;0;0;0;0;0;0;0;0;0;0;0;0;0;0;0;0;0;0;0;0;0;0;0;0;0;0;0;0;0;0;0;0;0;0;0;0;0;0;0;0;0;0;0
fraud-part-1-p3;Fraud L2 - Wings;Nekrium;XXLX;Fraud;;FALSE;;1;2;;1;2;<b>Stealth</b>;1;2;<b>Stealth</b>;0;0;0;0;0;0;0;0;0;0;0;0;0;0;0;0;0;0;0;0;0;0;0;0;0;0;0;0;0;0;0;0;0;0;0;0;0;0;0;0;0;0;0;0;0;0;0;0;0;0;0;0;0;0;0;0;0;0;0;0;0;0;0;0;0;0;0;0.7;0;0;0;0;0;0;0;0;0;0;0;0;0;0;0;0;0;0;0;0;0;0;0;0;0;0;0;0;0;0;0;0;0;0;0
fraud-part-2-p3;Fraud L2 - Chest Jewel;Nekrium;XXLX;Fraud;;FALSE;;3;1;;3;1;<b>Breakthrough</b>;3;1;<b>Breakthrough</b>;0;0;0;0;0;0;0;0;0;0;0;0;0;0;0;0;0;0;0;0;0;0;0;0;0;0;0;0;0;0;0;0;0;0;0;0;0;0;0;0;0;0;0;0;0;0;0;0;0;0;0;0;0;0;0;0;0;0;0;0;0.7;0;0;0;0;0;0;0;0;0;0;0;0;0;0;0;0;0;0;0;0;0;0;0;0;0;0;0;0;0;0;0;0;0;0;0;0;0;0;0;0;0;0
fraud-part-3-p3;Fraud L2 - Dinosaur Head;Nekrium;XXLX;Fraud;;FALSE;;2;2;;2;2;<b>Aggressive</b>;2;2;<b>Aggressive</b>;0;0;0;0;0;0;0;0;0;0;0;0;0;0;0;0;0;0;0;0;0;0;0;0;0;0;0;0;0;0;0;0;0;0;0;0;0;0;0;0;0;0;0;0;0;0;0;0;0;0;0;0;0;0;0;0;0;0;0;0;0;0;0.7;0;0;0;0;0;0;0;0;0;0;0;0;0;0;0;0;0;0;0;0;0;0;0;0;0;0;0;0;0;0;0;0;0;0;0;0;0;0;0;0
fraud-part-4-p4;Fraud L3 - Left Claw;Nekrium;XXLX;Fraud;;FALSE;;1;3;;1;3;;1;3;If this deals damage to an enemy player, this deals 3 additional damage.;0;0;0;0;0;0;0;0;0;0;0;0;0;0;0;0;0;0;0;0;0;0;0;0;0;0;0;0;0;0;0;0;0;0;0;0;0;0;0;0;0;0;0;0;0;0;0;0;0;0;0;0;0;0;0;0;0;0.3;0;0;0;0;0;0;0;0;0;0;0;0;0;0;0;0;0;0;0;0;0;0;0;0;0;0;0;0;0;0;0;0;0;0;0;0;0;0;0;0;0;0;0;0;0
fraud-part-5-p4;Fraud L3 - Left Human Arm;Nekrium;XXLX;Fraud;;FALSE;;1;1;;1;1;;1;1;When this deals damage to an enemy player, give this +2A,+2H.;0;0;0;0;0;0;0;0;0;0;0;0;0;0;0;0;0;0;0;0;0;0;0;0;0;0;0;0;0;0;0;0;0;0;0;0;0;0;0;0;0;0;0;0;0;0;0;0;0;0;0;0;0;0;0;0;0;0.3;0;0;0;0;0;0;0;0;0;0;0;0;0;0;0.3;0;0;0;0;0;0;0;0;0;0;0;0;0;0;0;0;0;0;0;0;0;0;0;0;0;0;0;0;0;0
fraud-part-6-p4;Fraud L3 - Left Tentacles;Nekrium;XXLX;Fraud;;FALSE;;3;1;;3;1;;3;1;When this deals damage to the enemy player, you gain 3H.;0;0;0;0;0;0;0;0;0;0;0;0;0;0;0;0;0;0;0;0;0;0;0;0;0;0;0;0;0;0;0;0;0;0;0;0;0;0.3;0;0;0;0;0;0;0;0;0;0;0;0;0;0;0;0;0;0;0;0.3;0;0;0;0;0;0;0;0;0;0;0;0;0;0;0;0;0;0;0;0;0;0;0;0;0;0;0;0;0;0;0;0;0;0;0;0;0;0;0;0;0;0;0;0;0
fraud-part-7-p2;Fraud L1 - Right Tentacles;Nekrium;XXLX;Fraud;;FALSE;;1;1;<b>Activate:</b> Deal 2 damage to the enemy player to gain 2H.;1;1;<b>Activate:</b> Deal 2 damage to the enemy player to gain 2H.;1;1;<b>Activate:</b> Deal 2 damage to the enemy player to gain 2H.;0;0;0;0;0;0;0;0;0;0;0;0;0;0;0;0;0;0;0;0;0;0;0;0;0;0;0;0;0;0;0;0;0;0;0;0;0;1;0;0;0;0;0;0;0;0;0;1;0;0;0;0;0;1;1;0;0;0;0;0;0;0;0;0;0;0;0;0;0;0;0;0;0;0;0;0;0;0;0;0;0;0;0;0;0;0;0;0;0;0;0;0;0;0;0;0;0;0;0;0;0;0;0
fraud-part-8-p2;Fraud L1 - Right Claw;Nekrium;XXLX;Fraud;;FALSE;;1;1;<b>Activate:</b> Give the opposing creature -2A,-2H.;1;1;<b>Activate:</b> Give the opposing creature -2A,-2H.;1;1;<b>Activate:</b> Give the opposing creature -2A,-2H.;0;0;0;0;0;0;0;0;0;0;0;0;0;0;0;0;0;0;0;0;0;0;0;0;0;0;0;0;0;0;0;0;0;0;0;0;0;0;0;0;0;0;0;0;0;0;0;1;0;0;0;0;0;0;0;0;0;0;0;1;0;0;0;0;0;0;0;0;0;0;0;0;0;0;0;0;0;0;0;0;0;0;0;0;0;0;0;0;0;0;0;0;0;0;0;0;0;0;0;0;0;0;0
fraud-part-9-p2;Fraud L1 - Right Human Arm;Nekrium;XXLX;Fraud;;FALSE;;1;1;<b>Activate:</b> Move the opposing creature up to one lane.;1;1;<b>Activate:</b> Move the opposing creature up to one lane.;1;1;<b>Activate:</b> Move the opposing creature up to one lane.;0;0;0;0;0;0;0;0;0;0;0;0;0;0;0;0;0;0;0;0;0;0;0;0;0;0;0;0;0;0;0;0;0;0;0;0;0;0;0;0;0;0;0;0;0;0;0;1;0;0;0;0;0;0;0;0;0;0;0;0;0;0;0;0;0;0;0;0;0;0;0;0;0;0;0;0;0;0;0;0;0;0;0;0;0;0;0;0;0;0;0;0;0;0;0;0;0;0;0;0;0;0;0
fraud-part-1-p4;Fraud L3 - Wings;Nekrium;XXLX;Fraud;;FALSE;;1;2;;1;2;;1;2;<b>Stealth</b>;0;0;0;0;0;0;0;0;0;0;0;0;0;0;0;0;0;0;0;0;0;0;0;0;0;0;0;0;0;0;0;0;0;0;0;0;0;0;0;0;0;0;0;0;0;0;0;0;0;0;0;0;0;0;0;0;0;0;0;0;0;0;0;0;0;0;0;0.3;0;0;0;0;0;0;0;0;0;0;0;0;0;0;0;0;0;0;0;0;0;0;0;0;0;0;0;0;0;0;0;0;0;0;0
fraud-part-2-p4;Fraud L3 - Chest Jewel;Nekrium;XXLX;Fraud;;FALSE;;3;1;;3;1;;3;1;<b>Breakthrough</b>;0;0;0;0;0;0;0;0;0;0;0;0;0;0;0;0;0;0;0;0;0;0;0;0;0;0;0;0;0;0;0;0;0;0;0;0;0;0;0;0;0;0;0;0;0;0;0;0;0;0;0;0;0;0;0;0;0;0;0;0;0.3;0;0;0;0;0;0;0;0;0;0;0;0;0;0;0;0;0;0;0;0;0;0;0;0;0;0;0;0;0;0;0;0;0;0;0;0;0;0;0;0;0;0
fraud-part-3-p4;Fraud L3 - Dinosaur Head;Nekrium;XXLX;Fraud;;FALSE;;2;2;;2;2;;2;2;<b>Aggressive</b>;0;0;0;0;0;0;0;0;0;0;0;0;0;0;0;0;0;0;0;0;0;0;0;0;0;0;0;0;0;0;0;0;0;0;0;0;0;0;0;0;0;0;0;0;0;0;0;0;0;0;0;0;0;0;0;0;0;0;0;0;0;0;0.3;0;0;0;0;0;0;0;0;0;0;0;0;0;0;0;0;0;0;0;0;0;0;0;0;0;0;0;0;0;0;0;0;0;0;0;0;0;0;0;0
fraud-part-4-p2;Fraud L1 - Left Claw;Nekrium;XXLX;Fraud;;FALSE;;1;3;If this deals damage to an enemy player, this deals 3 additional damage.;1;3;If this deals damage to an enemy player, this deals 3 additional damage.;1;3;If this deals damage to an enemy player, this deals 3 additional damage.;0;0;0;0;0;0;0;0;0;0;0;0;0;0;0;0;0;0;0;0;0;0;0;0;0;0;0;0;0;0;0;0;0;0;0;0;0;0;0;0;0;0;0;0;0;0;0;0;0;0;0;0;0;0;0;0;0;1;0;0;0;0;0;0;0;0;0;0;0;0;0;0;0;0;0;0;0;0;0;0;0;0;0;0;0;0;0;0;0;0;0;0;0;0;0;0;0;0;0;0;0;0;0
fraud-part-5-p2;Fraud L1 - Left Human Arm;Nekrium;XXLX;Fraud;;FALSE;;1;1;When this deals damage to an enemy player, give this +2A,+2H.;1;1;When this deals damage to an enemy player, give this +2A,+2H.;1;1;When this deals damage to an enemy player, give this +2A,+2H.;0;0;0;0;0;0;0;0;0;0;0;0;0;0;0;0;0;0;0;0;0;0;0;0;0;0;0;0;0;0;0;0;0;0;0;0;0;0;0;0;0;0;0;0;0;0;0;0;0;0;0;0;0;0;0;0;0;1;0;0;0;0;0;0;0;0;0;0;0;0;0;0;1;0;0;0;0;0;0;0;0;0;0;0;0;0;0;0;0;0;0;0;0;0;0;0;0;0;0;0;0;0;0
fraud-part-6-p2;Fraud L1 - Left Tentacles;Nekrium;XXLX;Fraud;;FALSE;;3;1;When this deals damage to the enemy player, you gain 3H.;3;1;When this deals damage to the enemy player, you gain 3H.;3;1;When this deals damage to the enemy player, you gain 3H.;0;0;0;0;0;0;0;0;0;0;0;0;0;0;0;0;0;0;0;0;0;0;0;0;0;0;0;0;0;0;0;0;0;0;0;0;0;1;0;0;0;0;0;0;0;0;0;0;0;0;0;0;0;0;0;0;0;1;0;0;0;0;0;0;0;0;0;0;0;0;0;0;0;0;0;0;0;0;0;0;0;0;0;0;0;0;0;0;0;0;0;0;0;0;0;0;0;0;0;0;0;0;0
fraud-part-7-p3;Fraud L2 - Right Tentacles;Nekrium;XXLX;Fraud;;FALSE;;1;1;;1;1;<b>Activate:</b> Deal 2 damage to the enemy player to gain 2H.;1;1;<b>Activate:</b> Deal 2 damage to the enemy player to gain 2H.;0;0;0;0;0;0;0;0;0;0;0;0;0;0;0;0;0;0;0;0;0;0;0;0;0;0;0;0;0;0;0;0;0;0;0;0;0;0.7;0;0;0;0;0;0;0;0;0;0.7;0;0;0;0;0;0.7;0.7;0;0;0;0;0;0;0;0;0;0;0;0;0;0;0;0;0;0;0;0;0;0;0;0;0;0;0;0;0;0;0;0;0;0;0;0;0;0;0;0;0;0;0;0;0;0;0;0
fraud-part-8-p3;Fraud L2 - Right Claw;Nekrium;XXLX;Fraud;;FALSE;;1;1;;1;1;<b>Activate:</b> Give the opposing creature -2A,-2H.;1;1;<b>Activate:</b> Give the opposing creature -2A,-2H.;0;0;0;0;0;0;0;0;0;0;0;0;0;0;0;0;0;0;0;0;0;0;0;0;0;0;0;0;0;0;0;0;0;0;0;0;0;0;0;0;0;0;0;0;0;0;0;0.7;0;0;0;0;0;0;0;0;0;0;0;0.7;0;0;0;0;0;0;0;0;0;0;0;0;0;0;0;0;0;0;0;0;0;0;0;0;0;0;0;0;0;0;0;0;0;0;0;0;0;0;0;0;0;0;0
fraud-part-9-p3;Fraud L2 - Right Human Arm;Nekrium;XXLX;Fraud;;FALSE;;1;1;;1;1;<b>Activate:</b> Move the opposing creature up to one lane.;1;1;<b>Activate:</b> Move the opposing creature up to one lane.;0;0;0;0;0;0;0;0;0;0;0;0;0;0;0;0;0;0;0;0;0;0;0;0;0;0;0;0;0;0;0;0;0;0;0;0;0;0;0;0;0;0;0;0;0;0;0;0.7;0;0;0;0;0;0;0;0;0;0;0;0;0;0;0;0;0;0;0;0;0;0;0;0;0;0;0;0;0;0;0;0;0;0;0;0;0;0;0;0;0;0;0;0;0;0;0;0;0;0;0;0;0;0;0
adrias-the-butcher;Adrias the Butcher;Tempys;XXRX;Creature;Warrior;FALSE;;3;6;<b>Activate:</b> If this has increased A, this <b>Battles</b> the opposing creature.;5;8;<b>Activate:</b> If this has increased A, this <b>Battles</b> an enemy creature.;7;12;<b>Activate:</b> If this has increased A, this <b>Strikes</b> an enemy creature.;0;0;0;0;0;0;0;0;0;0;0;0;0;0;0;0;0;0;0;0;0;0;0;0;0;1;0;0;0;0;0;0;0;0;0;0;0;0;0;0;0;0;0;0;0;0;0;1;0;0;0;0;0;0;0;0;0;0;0;1;0;0;0;0;0;0;0;0;0;0;0;0;0;1;0;0;0;0;0;0;0;0;0;0;0;0;0;0;0;0;0;0;0;0;0;0;0;0;0;0.5;0;0;0
alloyin-patroller;Alloyin Patroller;Alloyin;XXRX;Creature;Warrior;FALSE;;6;2;"<b>Stealth</b>

<b>Exalted</b> — When an opposing creature comes into play, it gets <b>Defender</b> this turn.";8;4;"<b>Stealth</b>

<b>Exalted</b> — When an opposing creature comes into play, it gets <b>Defender</b> this turn.";10;6;"<b>Stealth</b>

<b>Exalted</b> — When an opposing creature comes into play, it gets <b>Defender</b> this turn.";0;0;0;0;0;0;0;0;0;0;0;0;0;0;0;0;0;0;0;0;0;0;0;0;0;1;0;0;0;0;0;0;0;0;0;0;0;0;0;0;0;0;0;0;0;0;0;0;0;0;0;0;0;0;0;0;0;0;0;0;0;0;0;0;0;0;1;1;0;0;0;0;0;0;0;0;0;0;0;0;0;0;0;0;0;0;1;0;0;0;0;0;0;0;0;0;0;0;0;0;0;0;0
alloyin-sage;Alloyin Sage;Alloyin;XXRX;Creature;Mage;FALSE;;4;6;At the end of the deck cycle, choose a card in your discard pile. When you would shuffle that card into your deck, put it on top of your deck instead.;6;9;At the end of the deck cycle, choose a card in your discard pile. When you would shuffle that card into your deck, put it on top of your deck instead.;10;12;At the end of the deck cycle, Play a card in your discard pile for <b>Free</b>.;0;0;0;0;0;0;0;0;0;0;1;0;0;0;0;0;0;0;0;0;0;0;0;0;0;0;0;0;0;0;0;0;0;0;0;0;0;0;0;0;0;0;0;0;0;0;0;0;0;0.3;0;0;0;0;0;0;0;0;0;0;0;0;0;0;0;0;0;0;0;0;0;0;0;0;0;0;0;0;0;0;0;0;0;0;0;0;0;0;0;0;0;0;0;0;0;0;0;0;0;1;0;0;0
caller-of-souls;Caller of Souls;Nekrium;XXRX;Creature;Mage;FALSE;;5;3;"<b>Deploy</b>, Choose one:
   •  <b>Upgrade</b> a [l1] card in your hand, then discard it.
   •  <b>Upgrade</b> a [l1] card in your discard pile.";4;8;<b>Deploy:</b> You may <b>Upgrade</b> a card in your hand, then discard it. Then, you may <b>Upgrade</b> another card in your discard pile.;3;13;<b>Activate:</b> If you have three or more Spirits in your Banish Pile, destroy this to destroy all enemy creatures.;0;0;0;0;0;0;0;0;0;0;1;0;0;0;0;0;0;0;0;0;0;0;0;0;0.3;0;0;0;0;0;0;0;0;0;0;0;0;0;0;0;0;0;0;0;0;0;0;0.3;0;0;0;0.9;0;0;0;0;0;0;0;0.3;0;0;0;0;0;0;0;0;0;0;0;0;0;0;0;0;0;0;0;0;0;0.3;0;0;0;0;0;0;0;0;0.4;0;0;0;0;0;0;0;0;0;0;0;0
crypthaunter;Crypthaunter;Nekrium;XXRX;Creature;Spirit;FALSE;;1;1;When this is destroyed, the enemy player destroys one of their creatures with decreased H.;1;1;When this is destroyed, the enemy player destroys one of their creatures with decreased H.;13;13;<b>Deploy:</b> <b>Reanimate</b> your [l1] and [l2] Crypthaunters.;0;0;0;0;0;0;0;0;0;0;0;0;0;0;0;0;0;0;0;0;0;1;0;1;0;0;0;0;0;0;0;0;0;0;0;0;0;0;0;0;0;0;0;0;0;0;0;0;0;0;0;0;0;0;0;0;0;0;0;0.9;0;0;0;0;0;0;0;0;0;0;0;0;0;0;0;0;0;0;0.9;0;0;0;0.9;0;0;0;0;0;0;0;0.3;0;0;0;0;0;0;0;0;0.5;0;0;0
deepbranch-prowler;Deepbranch Prowler;Uterra;XXRX;Creature;Beast;FALSE;;6;1;<b>Exalted</b> — At the start of combat, you may have this <b>Strike</b> the opposing creature. If you do, this doesn't deal combat damage this turn.;8;1;<b>Exalted</b> — At the start of combat, you may have this <b>Strike</b> the opposing creature. If you do, this doesn't deal combat damage this turn.;13;1;<b>Exalted</b> — At the start of combat, you may have this <b>Strike</b> the opposing creature. If you do, this doesn't deal combat damage this turn.;1;0;0;0;0;0;0;0;0;0;0;0;0;0;0;0;0;0;0;0;0;0;0;0;0;0;0;0;0;0;0;0;0;0;0;0;0;0;0;0;0;0;0;0;0;0;0;0;0;0;0;0;0;0;0;0;0;0;0;1;0;0;0;0;0;0;0;0;0;0;0;0;0;0;0;0;0;0;0;0;0;0;0;0;0;0;1;0;0;0;0;0;0;0;0;0;0;0;0;0;0;0;0
deepfrost-guardian;Deepfrost Guardian;Tempys;XXRX;Creature;Elemental;FALSE;;3;4;<b>Activate:</b> Deal 1 damage to a creature. If this has increased A, that creature gets <b>Defender</b> this turn.;4;6;<b>Activate:</b> Deal 2 damage to a creature. If this has increased A, that creature gets <b>Defender</b> this turn.;5;10;<b>Activate:</b> Deal 3 damage to a creature. If this has increased A, that creature gets <b>Defender</b> this turn.;0;0;0;0;0;0;0;0;1;0;0;0;0;0;0;0;0;0;0;0;0;0;0;0;0;0;0;0;0;0;0;0;0;0;0;0;0;0;0;0;0;0;0;0;0;0;0;1;0;0;0;0;0;0;0;0;0;0;0;1;0;0;0;0;0;0;1;0;0;0;0;0;0;1;0;0;0;0;0;0;0;0;0;0;0;0;0;0;0;0;0;0;0;0;0;0;0;0;0;0;0;0;0
frostveil-keeper;Frostveil Keeper;Tempys;XXRX;Creature;Spirit Warrior;FALSE;;6;6;"<b>Aggressive</b>

At the start of the turn, destroy this.";8;8;"<b>Aggressive</b>

At the start of the turn, destroy this.";14;14;"<b>Aggressive</b>

At the start of the turn, destroy an enemy creature with decreased H.";0;0;0;0;0;0;0;0;0;0;0;0;0;0;0;0;0;0;0;0;0;1;0;1;0;1;0;0;0;0;0;0;0;0;0;0;0;0;0;0;0;0;0;0;0;0;0;0;0;0;0;0;0;0;0;0;0;0;0;0.3;0;0;1;0;0;0;0;0;0;0;0;0;0;0;0;0;0;0;0;0;0;0.9;0;0;0;0;0;0;0;0;0;0;0;0;0;0;0;0;0;0;0;0;0
hantu-the-restless;Hantu, The Restless;Nekrium;XXRX;Creature;Spirit Dragon;FALSE;;4;5;When another one of your creatures is destroyed, <b>Reanimate</b> that creature in that lane unless the enemy player takes 3 damage.;6;8;When another one of your creatures is destroyed, <b>Reanimate</b> that creature in that lane unless the enemy player takes 5 damage.;11;11;When another one of your creatures is destroyed, <b>Reanimate</b> that creature in that lane unless the enemy player takes 7 damage.;0;0;0;0;0;0;1;0;0;0;0;0;0;0;0;0;0;0;0;0;0;1;0;1;0;0;0;0;0;0;0;0;0;0;0;0;0;0;0;0;0;0;0;0;0;0;0;0;0;0;1;0;0;1;1;0;0;0;0;0;0;0;0;0;0;0;0;0;0;0;0;0;0;0;0;0;0;0;0;1;0;0;1;0;0;0;0;0;0;0;0;0;0;0;0;0;0;0;0;0;0;0;0
soul-cipher;Soul Cipher;Alloyin;XXRX;Creature;Robot Spirit;FALSE;;3;7;<b>Deploy:</b> You may switch a creature's A and H.;5;11;<b>Deploy:</b> You may switch a creature's A and H.;9;15;<b>Activate:</b> Switch a creature's A and H.;0;0;0;0;0;0;0;0;0;0;0;0;0;0;0;0;1;0;1;0;0;1;0;1;0;0;0;0;0;0;0;0;0;0;0;0;0;0;0;0;0;0;0;0;0;0;0;0.3;0;0;0;0;0;0;0;0;0;0;0;0;0;0;0;0;0;0;0;0;0;0;0;0;0;0;0;0;0;0;0;0;0;0;0;0;0;0;0;0;0;0;0.9;0;0;0;0;0;0;0;0;0;0;0.5;0
toorgmai-mender;Toorgmai Mender;Uterra;XXRX;Creature;Plant Spirit;FALSE;;5;3;<b>Activate:</b> Choose a creature type. Give each creature of that type +1H.;8;5;<b>Activate:</b> Choose a creature type. Give each creature of that type +2H.;11;7;<b>Activate:</b> Choose a creature type. Give each creature of that type +3H.;0;0;0;0;0;0;0;0;0;0;0;0;0;0;1;0;0;0;0;0;0;1;0;1;0;0;0;0;0;0;0;0;0;0;0;0;0;0;0;0;0;0;0;0;0;0;0;1;0;0;0;0;0;0;0;0;0;0;0;0;0;0;0;0;0;0;0;0;0;0;0;1;0;0;0;0;0;0;0;0;0;0;0;0;0;0;0;0;0;0;0;0;0;0;0;0;0;0;0;0;0;0;0
tremorsaur;Tremorsaur;Uterra;XXRX;Creature;Dinosaur;FALSE;;0;8;"<b>Breakthrough</b>

When you are dealt damage by an enemy creature, give this that much A.";0;12;"<b>Breakthrough</b>

When you are dealt damage by an enemy creature, give this that much A.";0;18;"<b>Breakthrough</b>

When you are dealt damage by an enemy creature, give this that much A.";0;0;0;0;1;0;0;0;0;0;0;0;0;0;0;0;0;0;0;0;0;0;0;0;0;0;0;0;0;0;0;0;0;0;0;0;0;0;0;0;0;0;0;0;0;0;0;0;0;0;0;0;0;0;0;0;0;0;0;0;1;0;0;0;0;0;0;0;0;0;0;0;0;0;0;0;0;0;0;0;0;0;0;0;0;0;0;0;0;0;0;0;0;0;0;0;0;0;0;0.5;0;0.5;0
windweaver-asir;Windweaver Asir;Tempys;XXRX;Creature;Mage;FALSE;;3;7;<b>Activate:</b> Choose another [l1] creature. <b>Ready</b> or <b>Exhaust</b> that creature. You can only use this ability once per turn.;5;10;<b>Activate:</b> Choose another [l1] or [l2] creature. <b>Ready</b> or <b>Exhaust</b> that creature. You can only use this ability once per turn.;9;15;<b>Activate:</b> Choose another creature. <b>Ready</b> or <b>Exhaust</b> that creature. You can only use this ability once per turn.;0;0;0;0;0;0;0;0;0;0;1;0;0;0;0;0;0;0;0;0;0;0;0;0;0;0;0;0;0;0;0;0;0;0;0;0;0;0;0;0;0;0;0;0;0;0;0;1;1;0;0;0;0;0;0;0;0;0;0;0;0;0;0;0;0;0;0;0;0;0;0;0;0;0;0;0;0;0;0;0;0;0;0;0;0;0;0;0;0;0;0;0;0;0;0;0;0;0;0;0.5;0;0.5;0
aerial-assault;Aerial Assault;Alloyin;XXRX;Spell;;FALSE;;;;"Give a creature <b>Mobility</b> 1 this turn. This turn, it gains ""When this moves into a lane with an opposing [l1] creature, this destroys the opposing creature.""";;;"Give a creature <b>Mobility</b> 2 this turn. This turn, it gains ""When this moves into a lane with an opposing [l1] or [l2] creature, this destroys the opposing creature.""";;;"Give a creature <b>Mobility</b> 3 this turn. This turn, it gains ""When this moves into a lane with an opposing creature, this destroys the opposing creature.""";0;0;0;0;0;0;0;0;0;0;0;0;0;0;0;0;0;0;0;0;0;0;0;0;0;0;0;0;0;0;0;0;0;0;1;0;0;0;0;0;1;0;1;0;0;0;0;0;0;0;0;0;0;0;0;0;0;0;0;0;0;0;0;0;0;0;0;0;0;0;0;0;0;0;0;0;0;0;0;0;0;0;0;0;0;0;0;0;0;1;0;0;0;0;0;0;0;0;0;0.5;0;0;0
ancestral-staff;Ancestral Staff;Tempys;XXRX;Spell;Exalt;FALSE;;;;"<b>Activate:</b> Move this to an adjacent lane.

When you play a creature in this lane, give it +2A.";;;"<b>Deploy:</b> Destroy your [l1] Ancestral Staff to deal 4 damage to its opposing creature.

<b>Activate:</b> Move this to an adjacent lane.

When you play a creature in this lane, give it +4A.";;;"<b>Deploy:</b> Destroy your [l1] and [l2] Ancestral Staff to deal 6 damage to their opposing creatures.

<b>Activate:</b> Move this to an adjacent lane.

When you play a creature in this lane, give it +6A.";0;0;0;0;0;0;0;0;0;0;0;0;0;0;0;0;0;0;0;0;0;0;0;0;0;0;0;0;0;0;0;0;0;0;1;0;0;0;0;0;0;0;0;0;0;0;0;1;0;0;0;0;0;0;0;0;0;0;0;0.4;0;0;0;0;0;0;0;0;0;0;1;0;1;0;0;0;0;0;0;0;0;0;0;0;0;1;0;0;0;0;0;0;0;0;0;0;0;0;0;0.5;0;0;0
ashurian-flame;Ashurian Flame;Tempys;XXRX;Spell;;FALSE;;;;Deal 3 damage to a creature. If you have a creature with increased A, you may deal 3 damage to another creature.;;;Deal 5 damage to a creature. If you have a creature with increased A, you may deal 5 damage to another creature.;;;Deal 7 damage to a creature. If you have a creature with increased A, you may deal 7 damage to another creature.;0;0;0;0;0;0;0;0;0;0;0;0;0;0;0;0;0;0;0;0;0;0;0;0;0;0;0;0;0;0;0;0;0;0;1;0;0;0;0;0;0;0;0;0;0;0;0;0;0;0;0;0;0;0;0;0;0;0;0;1;0;0;0;0;0;0;0;0;0;0;0;0;0;1;0;0;0;0;0;0;0;0;0;1;0;0;0;0;0;0;0;0;0;0;0;0;0;0;0;0.5;0;0;0
chain-lightning;Chain Lightning;Tempys;XXRX;Spell;;FALSE;;;;"Play a Spell Sprite <b>Minion</b>.

When you give a creature +A this turn, deal 2 damage to an enemy player.";;;"Play a Spell Swarm <b>Minion</b>.

When you give a creature +A this turn, deal 2 damage to an enemy player.";;;"Play up to two Spell Swarm <b>Minions</b>.

When you give a creature +A this turn, deal 2 damage to an enemy player.";0;0;0;0;0;0;0;0;1;0;0;0;0;0;0;0;0;0;0;0;0;0;0;0;0;0;0;0;0;0;0;1;0;1;1;0;0;0;0;0;0;0;0;0;0;0;0;0;0;0;0;0;0;1;0;0;0;0;0;0;0;0;0;0;0;0;0;0;0;0;0;0;1;0;0;0;0;0;0;0;0;0;0;0;0;0;0;0;0;0;0;0;0;0;0;0;0;0;0;0.5;0;0;0
corpus-cliffs;Corpus Cliffs;Nekrium;XXRX;Spell;Exalt;FALSE;;;;"<b>Deploy:</b> You may destroy one of your cards to play a Mindless Zombie <b>Minion</b> in this lane.

At the start of combat, if one of your cards was destroyed this turn, give your creature in this lane +4A.";;;"<b>Deploy:</b> Destroy your [l1] Corpus Cliffs. You may play a Mindless Zombie <b>Minion</b> in this lane.

At the start of combat, if one of your cards was destroyed this turn, give your creature in this lane +7A.";;;"<b>Deploy:</b> Destroy your [l1] and [l2] Corpus Cliffs. You may play a Zombie Brute <b>Minion</b> in this lane.

At the start of combat, if one of your cards was destroyed this turn, give your creature in this lane +10A.";0;0;0;0;0;0;0;0;0;0;0;0;0;0;0;0;0;0;0;0;0;0;0;0;0;0;0;0;0;1;0;1;0;0;1;0;0;0;0;0;0;0;0;0;0;0;0;0;0;0;0;0;0;0;0;0;0;0;0;0;0;0;0;0;0;0;0;0;0;0;1;0;1;0;0;0;0;0;0;1;0.5;0;1;0;0;1;0;0;0;0;0;0;0;0;0;0;0;0;0;0;0;0;0
dark-pryings;Dark Pryings;Nekrium;XXRX;Spell;;FALSE;;;;"Give one of your creatures +3A. If it is [l1], it gets <b>Stealth</b> this turn.

The next time it deals damage to an enemy player this turn, you may <b>Reanimate</b> a [l1] creature.";;;"Give one of your creatures +5A. If it is [l1] or [l2], it gets <b>Stealth</b> this turn.

The next time it deals damage to an enemy player this turn, you may <b>Reanimate</b> a [l1] or [l2] creature.";;;"Give one of your creatures +7A. This turn, it gets <b>Stealth</b>.

The next time it deals damage to an enemy player this turn, you may <b>Reanimate</b> a creature.";0;0;0;0;0;0;0;0;0;0;0;0;0;0;0;0;0;0;0;0;0;0;0;0;0;0;0;0;0;0;0;0;0;0;1;0;0;0;0;0;0;0;0;0;0;0;0;0;0;0;1;0;0;0;0;1;0;1;0;0;0;0;0;0;0;0;0;0;1;0;1;0;1;0;0;0;0;0;0;0;0;0;0;0;0;0;0;0;0;0;0;0;0;0;0;0;0;0;0;0.5;0;0;0
drone-hive;Drone Hive;Alloyin;XXRX;Spell;Exalt;FALSE;;;;"Your creature in this lane has ""<b>Slay:</b> You may play a Gizmo <b>Minion</b>.""";;;"<b>Deploy:</b> Destroy your [l1] Drone Hive. You may play a Gizmo <b>Minion</b>.

Your creature in this lane has ""<b>Slay:</b> You may play a Gizmo <b>Minion</b>.""";;;"<b>Deploy:</b> Destroy your [l1] and [l2] Drone Hive. You may play a Gizmo <b>Minion</b>.

Your creature in this lane has ""<b>Slay:</b> You may play a Mega Gizmo <b>Minion</b>.""";0;0;0;0;0;0;0;0;0;0;0;0;0;0;0;0;1;0;0;0;0;0;0;0;0;0;0;0;0;0;0;1;0;0;1;1;0;0;0;0;0;0;0;0;0;0;0;0;0;0;0;0;0;0;0;0;0;0;0;0;0;0;0;0;0;0;0;0;0;1;0;0;1;0;0;0;0;0;0;0;0;0;0;0;0;1;0;0;1;0;0;0;0;0;0;0;0;0;0;0.5;0;0;0
everflame-spirit;Everflame Spirit;Tempys;XXRX;Spell;Exalt;FALSE;;;;When your creature in this lane is destroyed, you may destroy this to play a Spell Sprite <b>Minion</b> in this lane and give it +2A,+2H.;;;When your creature in this lane is destroyed, you may destroy this to <b>Reanimate</b> its [l1] version in this lane and give it +4A,+4H.;;;When your creature in this lane is destroyed, you may destroy this to <b>Reanimate</b> its [l1] or [l2] version in this lane and give it +6A,+6H.;0;0;0;0;0;0;0;0;0.5;0;0;0;0;0;0;0;0;0;0;0;0;0;0;0;0;0;0;0;0;0;0;0.5;0;0.5;1;0;0;0;0;0;0;0;0;0;0;0;0;0;0;0;0.7;0;0;0;0;0;0;0;0;0;0;0;0;0;0;0;0;0;0;1;0;0;1;0;0;0;0;0;0;1;0;0;1;0;0;1;0;0;0;0;0;0;0;0;0;0;0;0;0;0.5;0;0;0
explosive-demise;Explosive Demise;Nekrium;XXRX;Spell;;FALSE;;;;Destroy one of your creatures to give each enemy creature -2A,-2H.;;;Destroy one of your creatures to give each enemy creature -4A,-4H.;;;Destroy one of your creatures to give each enemy creature -8A,-8H.;0;0;0;0;0;0;0;0;0;0;0;0;0;0;0;0;0;0;0;0;0;0;0;0;0;0;0;0;0;0;0;0;0;0;1;0;0;0;0;0;0;0;0;0;0;0;0;0;0;0;0;0;0;0;0;0;0;0;0;1;0;0;0;0;0;0;0;0;0;0;0;0;0;0;0;0;0;0;0;0;1;0;0;0;0;0;0;0;0;0;0;0;0;0;0;0;0;0;0;0;0;0;0
fertile-ground;Fertile Ground;Uterra;XXRX;Spell;Exalt;FALSE;;;;"<b>Deploy:</b> Put 2 energy counters on this.

<b>Activate:</b> Remove an energy counter from this to play a Wisp <b>Minion</b> in this lane. Then, if there are no energy counters on this, destroy this.";;;"<b>Deploy:</b> Put 2 energy counters on this.

<b>Activate:</b> Remove an energy counter from this to play a [l1] creature in this lane for <b>Free</b>. Then, if there are no energy counters on this, destroy this.";;;"<b>Deploy:</b> Put 2 energy counters on this.

<b>Activate:</b> Remove an energy counter from this to play a [l1] or [l2] creature in this lane for <b>Free</b>. Then, if there are no energy counters on this, destroy this.";0;0;0;0;0;0;0;0;0;0;0;0;0;0;0;0;0;0;0;0;0;0.5;0;0;0;0;0;0;0;0;0;0.5;0;0;1;0;0;0;0;0;0;0;0;0;0;0;0;1;0;0.7;0;0;0;0;0;0;0;0;0;0;0;0;0;0;0;0;0;0;0;0;0;0;0;0;0;0;0;0;0;0;0;0;0;0;0;1;0;1;0;0;0;0;0;0;0;0;0;0;0;0;0;0;0
immortal-echoes;Immortal Echoes;Nekrium;XXRX;Spell;;FALSE;;;;"<b>Upgrade</b> a [l1] card in your discard pile.

You may give a creature -2A,-2H. If this destroys it, you may <b>Upgrade</b> a [l1] card in your discard pile.";;;"<b>Upgrade</b> a card in your discard pile.

You may give a creature -5A,-5H. If this destroys it, you may <b>Upgrade</b> a card in your discard pile.";;;"<b>Upgrade</b> a card in your discard pile up to two times.

You may give a creature -8A,-8H. If this destroys it, you may play a card in your discard pile for <b>Free</b>.";0;0;0;0;0;0;0;0;0;0;0;0;0;0;0;0;0;0;0;0;0;0;0;0;0;0;0;0;0;0;0;0;0;0;1;0;0;0;0;0;0;0;0;0;0;0;0;0;0;0.3;0;1;0;0;0;0;0;0;0;1;0;0;0;0;0;0;0;0;0;0;0;0;0;0;1;0;0;0;0;0;0;0;0;0;0;0;0;0;0;0;0;0;0;0;0;0;0;0;0;0;0;0;0
mech-armory;Mech Armory;Alloyin;XXRX;Spell;Exalt;FALSE;;;;"<b>Deploy:</b> Put 2 energy counters on this.

<b>Activate:</b> Remove an energy counter from this to give your creature in this lane +2A. If it is [l1], it gets <b>Mobility</b> 1 this turn. Then, if there are no energy counters on this, destroy this.";;;"<b>Deploy:</b> Put 2 energy counters on this.

<b>Activate:</b> Remove an energy counter from this to give your creature in this lane +4A. If it is [l1] or [l2], it gets <b>Mobility</b> 2 this turn. Then, if there are no energy counters on this, destroy this.";;;"<b>Deploy:</b> Put 2 energy counters on this.

<b>Activate:</b> Remove an energy counter from this to give your creature in this lane +8A. This turn, it gets <b>Mobility</b> 3. Then, if there are no energy counters on this, destroy this.";0;0;0;0;0;0;0;0;0;0;0;0;0;0;0;0;0;0;0;0;0;0;0;0;0;0;0;0;0;0;0;0;0;0;1;0;0;0;0;0;1;0;0;0;0;0;0;1;0;0;0;0;0;0;0;0;0;0;0;0;0;0;0;0;0;0;0;0;0;0;1;0;1;0;0;0;0;0;0;0;0;0;0;0;0;1;0;1;0;0;0;0;0;0;0;0;0;0;0;0;0;0;0
might-of-the-trees;Might of the Trees;Uterra;XXRX;Spell;;FALSE;;;;"You may play a Wisp <b>Minion</b>.

<b>Upgrade</b> a creature in your hand, then discard it.";;;"You may play an Oakfather <b>Minion</b>.

<b>Upgrade</b> a creature in your hand, then discard it.";;;"You may play an Oakfather <b>Minion</b>.

<b>Upgrade</b> a creature in your hand, then play it for <b>Free</b>.";0;0;0;0;0;0;0;0;0;0;0;0;0;0;0.7;0;0;0;0;0;0;1;0;0;0;0;0;0;0;0;0;1;0;0;1;0;0;0;0;0;0;0;0;0;0;0;0;0;0;0.3;0;1;0;0;0;0;0;0;0;0;0.7;0;0;0;0;0;0;0;0;0;0;0;0;0;0;0;0;0;0;0;0;0;0;0;0;0;0;0;0;0;0;0;0;0;0;0;0;0;0;0.5;0;0;0
overgrown;Overgrown;Uterra;XXRX;Spell;;FALSE;;;;"The enemy player may play up to two [l1] creatures and/or <b>Exalts</b> for <b>Free</b>. Then, you may play up to two [l1] creatures and/or <b>Exalts</b> for <b>Free</b>.

You gain 3H.";;;"The enemy player may play up to two [l1] or [l2] creatures and/or <b>Exalts</b> for <b>Free</b>. Then, you may play up to two [l1] or [l2] creatures and/or <b>Exalts</b> for <b>Free</b>.

You gain 3H.";;;"You may play up to two creatures and/or <b>Exalts</b> for <b>Free</b>.

You gain 3H.";0;0;0;0;0;0;0;0;0;0;0;0;0;0;0;0;0;0;0;0;0;0;0;0;0;0;0;0;0;0;0;0;0;0;1;0;0;1;0;0;0;0;0;0;0;0;0;0;0;1;0;0;0;0;0;0;0;0;0;0;0;0;0;0;0;0;0;0;0;0;0;0;0;0;0;0;0;0;0;0;0;0;0;0;0;0;1;0;0;0;0;0;0;0;0;0;0;0;0;0;0;1;0
overwhelming-force;Overwhelming Force;Alloyin;XXRX;Spell;;FALSE;;;;"Give each of your creatures +3A.

All your creatures in lanes with your <b>Exalts</b> get 3D this turn.";;;"Give each of your creatures +5A.

All your creatures in lanes with your <b>Exalts</b> get 5D this turn.";;;"Give each of your creatures +8A.

All your creatures in lanes with your <b>Exalts</b> get 8D this turn.";0;0;0;0;0;0;0;0;0;0;0;0;0;0;0;0;0;0;0;0;0;0;0;0;0;0;0;0;0;0;0;0;0;0;1;0;0;0;0;0;0;0;0;0;1;0;0;0;0;0;0;0;0;0;0;0;0;0;0;0;0;0;0;0;0;0;0;0;0;0;1;0;1;0;0;0;0;0;0;0;0;0;0;0;0;0;1;0;0;0;0;0;0;0;0;0;0;0;0;0;0;0;0
predatory-attack;Predatory Attack;Uterra;XXRX;Spell;;FALSE;;;;One of your creatures <b>Battles</b> an enemy creature. If your creature survives, give it +5H.;;;One of your creatures <b>Battles</b> an enemy creature. If your creature survives, give it +7H and you may have it <b>Battle</b> an enemy creature.;;;Give one of your creatures +7H and you may have it <b>Battle</b> an enemy creature. If your creature survives, give it +7H and you may have it <b>Battle</b> an enemy creature.;0;0;0;0;0;0;0;0;0;0;0;0;0;0;0;0;0;0;0;0;0;0;0;0;0;0;0;0;0;0;0;0;0;0;1;0;0;0;0;0;0;0;0;0;0;0;0;0;0;0;0;0;0;0;0;0;0;0;0;1;0;0;0;0;0;0;0;0;0;0;0;1;0;0;0;0;0;0;0;0;0;0;0;0;0;0;0;0;0;1;0;0;0;0;0;0;0;0;0;0.5;0;0;0
preserved-habitat;Preserved Habitat;Uterra;XXRX;Spell;Exalt;FALSE;;;;"<b>Deploy:</b> <b>Upgrade</b> a creature in your hand, then discard it.

When you <b>Upgrade</b> a card, give your creature in this lane +3A,+3H.";;;"<b>Deploy:</b> Destroy your [l1] Preserved Habitat. <b>Upgrade</b> a creature in your hand, then discard it.

When you <b>Upgrade</b> a card, give your creature in this lane +4A,+4H.";;;"<b>Deploy:</b> Destroy your [l1] and [l2] Preserved Habitat. <b>Upgrade</b> a creature in your hand.

When you <b>Upgrade</b> a card, give your creature in this lane +6A,+6H.";0;0;0;0;0;0;0;0;0;0;0;0;0;0;0;0;0;0;0;0;0;0;0;0;0;0;0;0;0;0;0;0;0;0;1;0;0;0;0;0;0;0;0;0;0;0;0;0;0;0;0;1;1;0;0;0;0;0;0;0;0;0;0;0;0;0;0;0;0;1;0;0;1;0;0;0;0;0;0;0;0;0;0;0;0;1;0;0;0;0;0;0;0;0;0;0;0;0;0;0;0;0;0
river-of-souls;River of Souls;Nekrium;XXRX;Spell;Exalt;FALSE;;;;"<b>Deploy:</b> Put 2 energy counters on this.

<b>Activate:</b> Remove an energy counter from this to play a Mindless Zombie <b>Minion</b> in this lane. Then, if there are no energy counters on this, destroy this.";;;"<b>Deploy:</b> Put 2 energy counters on this.

<b>Activate:</b> Remove an energy counter from this to <b>Reanimate</b> a [l1] creature in this lane. Then, if there are no energy counters on this, destroy this.";;;"<b>Deploy:</b> Put 2 energy counters on this.

<b>Activate:</b> Remove an energy counter from this to <b>Reanimate</b> a [l1] or [l2] creature in this lane. Then, if there are no energy counters on this, destroy this.";0;0;0;0;0;0;0;0;0;0;0;0;0;0;0;0;0;0;0;0;0;0;0;0;0;0;0;0;0;0.5;0;0.5;0;0;1;0;0;0;0;0;0;0;0;0;0;0;0;1;0;0;0.7;0;0;0;0;0;0;0;0;0;0;0;0;0;0;0;0;0;0;0;0;0;0;0;0;0;0;0;0;0;0;0;0;0;0;1;0;1;0;0;0;0;0;0;0;0;0;0;0;1;0;0;0
runestone;Runestone;Tempys;XXRX;Spell;Exalt;FALSE;;;;"Your creature in this lane has ""<b>Slay:</b> You may play a [l1] spell for <b>Free</b>.""";;;"<b>Deploy:</b> Destroy your [l1] Runestone.

Your creature in this lane has ""<b>Slay:</b> You may play a [l1] or [l2] spell for <b>Free</b>.""";;;"<b>Deploy:</b> Destroy your [l1] and [l2] Runestone.

Your creature in this lane has ""<b>Slay:</b> You may play a spell for <b>Free</b>.""";0;0;0;0;0;0;0;0;0;0;0;0;0;0;0;0;0;0;0;0;0;0;0;0;0;0;0;0;0;0;0;0;0;1;1;0;0;0;0;0;0;0;0;0;0;0;0;0;0;1;0;0;0;0;0;0;0;0;0;0;0;0;0;0;0;0;0;0;0;0;0;0;0;0;0;0;0;0;0;0;0;0;0;0;0;1;0;0;1;0;0;0;0;0;0;0;0;0;0;0.5;0;0;0
breakwood;Breakwood;Uterra;XXRX;Creature;Plant Spirit;TRUE;;4;5;<b>Deploy:</b> You may destroy a [l1] <b>Exalt</b> in this lane.;6;7;<b>Deploy:</b> You may destroy a [l1] or [l2] <b>Exalt</b> in this lane.;10;11;<b>Deploy:</b> You may destroy an <b>Exalt</b> in this lane.;0;0;0;0;0;0;0;0;0;0;0;0;0;0;1;0;0;0;0;0;0;1;0;1;0;0;0;0;0;0;0;0;0;0;0;0;0;0;0;0;0;0;0;0;0;0;0;0;0;0;0;0;0;0;0;0;0;0;0;0;0;0;0;0;0;0;0;0;0;0;0;0;0;0;0;0;0;0;0;0;0;0;0;0;0;0;1;0;0;0;1;0;0;0;0;0;0;0;0;0;0;0;0
champion;Champion;Alloyin;XXRX;Creature;Warrior;TRUE;;4;6;<b>Exalted</b> — <b>Activate:</b> Give each creature adjacent to this +1A,+1H.;6;8;<b>Exalted</b> — <b>Activate:</b> Give each creature adjacent to this +2A,+2H.;9;12;<b>Exalted</b> — <b>Activate:</b> Give each creature adjacent to this +3A,+3H.;0;0;0;0;0;0;0;0;0;0;0;0;0;0;0;0;0;0;0;0;0;0;0;0;0;1;0;0;0;0;0;0;0;0;0;0;0;0;0;0;0;0;0;0;0;0;0;1;0;0;0;0;0;0;0;0;0;0;0;0;0;0;0;0;0;0;0;0;0;0;0;0;1;0;0;0;0;0;0;0;0;0;0;0;0;0;1;0;0;0;0;0;1;0;0;0;0;0;0;0;0;0;0
crasher;Crasher;Tempys;XXRX;Creature;Dinosaur;TRUE;;4;6;<b>Deploy:</b> If there is an enemy <b>Exalt</b> in this lane, give this +5A.;7;9;<b>Deploy:</b> If there is an enemy <b>Exalt</b> in this lane, give this +5A.;10;13;<b>Deploy:</b> If there is an enemy <b>Exalt</b> in this lane, give this +5A.;0;0;0;0;1;0;0;0;0;0;0;0;0;0;0;0;0;0;0;0;0;0;0;0;0;0;0;0;0;0;0;0;0;0;0;0;0;0;0;0;0;0;0;0;0;0;0;0;0;0;0;0;0;0;0;0;0;0;0;0;0;0;0;0;0;0;0;0;0;0;0;0;1;0;0;0;0;0;0;0;0;0;0;0;0;0;0;0;0;0;1;0;0;0;0;0;0;0;0;0;0;0;0
deathseeker;Deathseeker;Nekrium;XXRX;Creature;Spirit;TRUE;;4;5;<b>Deploy:</b> If one of your creatures was destroyed this turn, give an enemy creature -3A,-3H.;7;8;<b>Deploy:</b> If one of your creatures was destroyed this turn, give an enemy creature -4A,-4H.;10;11;<b>Deploy:</b> If one of your creatures was destroyed this turn, give an enemy creature -5A,-5H.;0;0;0;0;0;0;0;0;0;0;0;0;0;0;0;0;0;0;0;0;0;1;0;1;0;0;0;0;0;0;0;0;0;0;0;0;0;0;0;0;0;0;0;0;0;0;0;0;0;0;0;0;0;0;0;0;0;0;0;1;0;0;0;0;0;0;0;0;0;0;0;0;0;0;1;0;0;0;0;1;0;0;1;0;0;0;0;0;0;0;1;0;0;0;0;0;0;0;0;0;0;0;0
galecarrier;Galecarrier;Tempys;XXRX;Creature;Elemental;TRUE;;5;5;<b>Deploy:</b> You may move one of your <b>Exalts</b>.;8;10;<b>Deploy:</b> You may move one of your <b>Exalts</b>.;11;14;<b>Activate:</b> Move one of your <b>Exalts</b>.;0;0;0;0;0;0;0;0;1;0;0;0;0;0;0;0;0;0;0;0;0;0;0;0;0;0;0;0;0;0;0;0;0;0;0;0;0;0;0;0;0;0;0;0;0;0;0;0.3;0;0;0;0;0;0;0;0;0;0;0;0;0;0;0;0;0;0;0;0;0;0;0;0;0;0;0;0;0;0;0;0;0;0;0;0;0;0;1;0;0;0;0.9;0;0;0;0;0;0;0;0;0;0;0;0
hacker;Hacker;Alloyin;XXRX;Creature;Scientist;TRUE;;5;4;"<b>Mobility</b> 1

When this deals combat damage to an enemy player, you may play a Gizmo <b>Minion</b>.";8;6;"<b>Mobility</b> 1

When this deals combat damage to an enemy player, you may play a Gizmo <b>Minion</b>.";11;9;"<b>Mobility</b> 1

When this deals combat damage to an enemy player, you may play a Mega Gizmo <b>Minion</b>.";0;0;0;0;0;0;0;0;0;0;0;0;0;0;0;0;1;0;0;1;0;0;0;0;0;0;0;0;0;0;0;1;0;0;0;1;0;0;0;0;1;0;0;0;0;0;0;0;0;0;0;0;0;0;0;0;0;0;0;0;0;0;0;0;0;0;0;0;0;1;0;0;1;0;0;0;0;0;0;0;0;0;0;0;0;0;0;0;0;0;0;0;0;0;0;0;0;0;0;0.5;0;0;0
mosstodon;Mosstodon;Uterra;XXRX;Creature;Plant Dinosaur;TRUE;;3;4;<b>Deploy:</b> If you have another creature with increased A, give this +3A,+3H.;5;6;<b>Activate:</b> If you have another creature with increased A, give this +3A,+3H.;8;11;<b>Activate:</b> Give this +3A,+3H for each creature you have in play with increased A.;0;0;0;0;1;0;0;0;0;0;0;0;0;0;1;0;0;0;0;0;0;0;0;0;0;0;0;0;0;0;0;0;0;0;0;0;0;0;0;0;0;0;0;0;0;0;0;0.7;0;0;0;0;0;0;0;0;0;0;0;0;0;0;0;0;0;0;0;0;0;0;0;0;1;1;0;0;0;0;0;0;0;0;0;0;0;0;0;0;0;0;0.5;0;0;0;0;0;0;0;0;0.5;0;0;0
terror;Terror;Nekrium;XXRX;Creature;Zombie Mage;TRUE;;4;4;<b>Deploy:</b> If you have a Spirit in your Banish Pile, give one of your creatures +2A,+2H.;6;6;<b>Deploy:</b> If you have two or more Spirits in your Banish Pile, give one of your creatures +4A,+4H.;9;10;<b>Deploy:</b> If you have three or more Spirits in your Banish Pile, give one of your creatures +6A,+6H.;0;0;0;0;0;0;0;0;0;0;1;0;0;0;0;0;0;0;0;0;0;0;0;0;1;0;0;0;0;1;0;0;0;0;0;0;0;0;0;0;0;0;0;0;0;0;0;0;0;0;0;0;0;0;0;0;0;0;0;0;0;0;0;0;0;0;0;0;0;1;0;0;1;0;0;0;0;0;0;0;0;0;0;0;0;0;0;0;0;0;1;0;0;0;0;0;0;0;0;0;0;0;0
advancing;Advancing;Alloyin;XXRX;Modifier;;TRUE;;1;1;When a creature replaces this, you may <b>Upgrade</b> a card in your hand, then discard it.;1;1;When a creature replaces this, you may <b>Upgrade</b> a card in your hand, then discard it.;1;2;When a creature replaces this, you may <b>Upgrade</b> a card in your hand.;0;0;0;0;0;0;0;0;0;0;0;0;0;0;0;0;0;0;0;0;0;0;0;0;0;0;0;0;0;0;0;0;0;0;0;1;0;0;0;0;0;0;0;0;0;0;0;0;0;0;0;1;0;0;0;0;0;0;0;0;0;0;0;0;0;0;0;0;0;0;0;0;0;0;0;0;0;0;0;0;0;0;0;0;0;0;0;0;0;0;0;0;0;0;0;0;0;0;0;0;0;0;0
brood;Brood;Nekrium;XXRX;Modifier;;TRUE;;0;3;<b>Deploy:</b> You may give this -2A,-2H to give another creature +2A,+2H.;1;4;<b>Deploy:</b> You may give this -3A,-3H to give another creature +3A,+3H.;5;5;<b>Deploy:</b> You may give this -4A,-4H to give another creature +4A,+4H.;0;0;0;0;0;0;0;0;0;0;0;0;0;0;0;0;0;0;0;0;0;0;0;0;0;0;0;0;0;0;0;0;0;0;0;0;0;0;0;0;0;0;0;0;0;0;0;0;0;0;0;0;0;0;0;0;0;0;0;1;0;0;0;0;0;0;0;0;0;1;0;0;1;0;0;0;0;0;0;0;0;0;0;1;0;0;0;0;0;0;1;0;0;0;0;0;0;0;0;0;0;0;0
desecrating;Desecrating;Nekrium;XXRX;Modifier;;TRUE;;;;<b>Deploy:</b> If you have one or more Spirits in your Banish Pile, you may destroy a <b>Minion</b>.;;;<b>Deploy:</b> If you have two or more Spirits in your Banish Pile, you may destroy a [l1] creature.;;;<b>Deploy:</b> If you have three or more Spirits in your Banish Pile, you may destroy a [l1] or [l2] creature.;0;0;0;0;0;0;0;0;0;0;0;0;0;0;0;0;0;0;0;0;0;0;0;0;1;0;0;0;0;0;0;0;0;0;0;0;0;0;0;0;0;0;0;0;0;0;0;0;0;0;0;0;0;0;0;0;0;0;0;1;0;0;0;0;0;0;0;0;0;0;0;0;0;0;0;0;0;0;0;0;0;0;0;0;0;0;0;0;0;0;1;0;0;0;0;0;0;0;0;0.5;0;0;0
energizing;Energizing;Tempys;XXRX;Modifier;;TRUE;;1;1;<b>Deploy:</b> You may put an energy counter on one of your <b>Exalts</b>.;2;2;<b>Deploy:</b> You may put an energy counter on one of your <b>Exalts</b>.;5;4;<b>Deploy:</b> You may put an energy counter on one of your <b>Exalts</b>.;0;0;0;0;0;0;0;0;0;0;0;0;0;0;0;0;0;0;0;0;0;0;0;0;0;0;0;0;0;0;0;0;0;0;0;0;0;0;0;0;0;0;0;0;0;0;0;0;0;0;0;0;0;0;0;0;0;0;0;0;0;0;0;0;0;0;0;0;0;0;0;0;0;0;0;0;0;0;0;0;0;0;0;0;0;0;0;0;0;0;1;0;0;0;0;0;0;0;0;0;0;0;0
inspirited;Inspirited;Uterra;XXRX;Modifier;;TRUE;;0;0;<b>Deploy:</b> You may replace this with another [l1] Spirit in your Banish Pile. If you do, give it +1A,+1H.;0;0;<b>Deploy:</b> You may replace this with another [l1] or [l2] Spirit in your Banish Pile. If you do, give it +2A,+2H.;0;1;<b>Deploy:</b> You may replace this with another Spirit in your Banish Pile. If you do, give it +4A,+4H.;0;0;0;0;0;0;0;0;0;0;0;0;0;0;0;0;0;0;0;0;0;0;0;0;1;0;0;0;0;0;0;0;0;0;0;0;0;0;0;0;0;0;0;0;0;0;0;0;0;0;1;0;0;0;0;0;0;0;0;0;0;0;0;0;0;0;0;0;0;1;0;0;1;0;0;0;0;0;0;0;0;0;0;0;0;0;0;0;0;0;1;0;0;0;0;0;0;0;0;1;0;0;0
magnetic;Magnetic;Alloyin;XXRX;Modifier;;TRUE;;1;2;<b>Deploy:</b> You may move an <b>Exalt</b> to this lane.;2;3;<b>Deploy:</b> You may move an <b>Exalt</b> to this lane.;6;4;<b>Deploy:</b> You may move an <b>Exalt</b> to this lane.;0;0;0;0;0;0;0;0;0;0;0;0;0;0;0;0;0;0;0;0;0;0;0;0;0;0;0;0;0;0;0;0;0;0;0;0;0;0;0;0;0;0;0;0;0;0;0;0;0;0;0;0;0;0;0;0;0;0;0;0;0;0;0;0;0;0;0;0;0;0;0;0;0;0;0;0;0;0;0;0;0;0;0;0;0;0;1;0;0;0;1;0;0;0;0;0;0;0;0;0;0;0;0
naturalizing;Naturalizing;Uterra;XXRX;Modifier;;TRUE;;0;2;<b>Deploy:</b> An enemy creature loses all printed abilities this turn.;1;3;<b>Deploy:</b> An enemy creature loses all printed abilities this turn.;2;7;<b>Deploy:</b> An enemy creature loses all printed abilities this turn.;0;0;0;0;0;0;0;0;0;0;0;0;0;0;0;0;0;0;0;0;0;0;0;0;0;0;0;0;0;0;0;0;0;0;0;0;0;0;0;0;0;0;0;0;0;0;0;0;0;0;0;0;0;0;0;0;0;0;0;0;0;0;0;0;0;0;0;0;0;0;0;0;0;0;0;0;0;0;0;0;0;0;0;0;1;0;0;0;0;0;1;0;0;0;0;0;0;0;0;0.5;0;0;0
prevailing;Prevailing;Uterra;XXRX;Modifier;;TRUE;;0;2;"<b>Defender</b>

At the end of the turn, you may <b>Upgrade</b> a creature in your hand, then discard it.";1;3;"<b>Defender</b>

At the end of the turn, you may <b>Upgrade</b> a creature in your hand, then discard it.";2;4;"<b>Defender</b>

At the end of the turn, you may play a creature for <b>Free</b>.";0;0;0;0;0;0;0;0;0;0;0;0;0;0;0;0;0;0;0;0;0;0;0;0;0;0;0;0;0;0;0;0;0;0;0;0;0;0;0;0;0;0;0;0;0;0;0;0;0;0.3;0;0.9;0;0;0;0;0;0;0;0;0;0;0;0;1;0;0;0;0;0;0;0;0;0;0;0;0;0;0;0;0;0;0;0;0;0;0;0;0;0;0;0;0;0;0;0;0;0;0;0;0;0;0
spiteful;Spiteful;Nekrium;XXRX;Modifier;;TRUE;;0;1;When this is destroyed, give the opposing creature -2A,-2H.;1;1;When this is destroyed, give the opposing creature -4A,-4H.;2;2;When this is destroyed, give the opposing creature -6A,-6H.;0;0;0;0;0;0;0;0;0;0;0;0;0;0;0;0;0;0;0;0;0;0;0;0;0;0;0;0;0;0;0;0;0;0;0;0;0;0;0;0;0;0;0;0;0;0;0;0;0;0;0;0;0;0;0;0;0;0;0;1;0;0;0;0;0;0;0;0;0;0;0;0;0;0;0;0;0;0;1;0;0;0;1;0;0;0;0;0;0;0;0;0;0;0;0;0;0;0;0;0;0;0;0
torching;Torching;Tempys;XXRX;Modifier;;TRUE;;1;1;<b>Deploy:</b> You may deal 4 damage to one of your creatures to play a [l1] spell for <b>Free</b>.;1;2;<b>Deploy:</b> You may deal 8 damage to one of your creatures to play a [l1] or [l2] spell for <b>Free</b>.;1;3;<b>Deploy:</b> You may deal 12 damage to one of your creatures to play a spell for <b>Free</b>.;0;0;0;0;0;0;0;0;0;0;0;0;0;0;0;0;0;0;0;0;0;0;0;0;0;0;0;0;0;0;0;0;0;1;0;0;0;0;0;0;0;0;0;0;0;0;0;0;0;1;0;0;0;0;0;0;0;0;0;0;0;0;0;0;0;0;0;0;0;0;0;0;0;0;0;0;0;0;0;0;0;0;0;1;0;0;0;0;0;0;1;0;0;0;0;0;0;0;0;0;0;0;0
vigilant;Vigilant;Tempys;XXRX;Modifier;;TRUE;;5;3;"<b>Defender</b>

While this is opposed, it loses and can't get <b>Defender</b> and has <b>Aggressive</b>.";5;3;"<b>Defender</b>

While this is opposed, it loses and can't get <b>Defender</b> and has <b>Aggressive</b>.";7;4;"<b>Defender</b>

While this is opposed, it loses and can't get <b>Defender</b> and has <b>Aggressive</b>.";0;0;0;0;0;0;0;0;0;0;0;0;0;0;0;0;0;0;0;0;0;0;0;0;0;0;0;0;0;0;0;0;0;0;0;0;0;0;0;0;0;0;0;0;0;0;0;0;0;0;0;0;0;0;0;0;0;0;0;0;0;0;0;1;1;0;1;0;0;0;0;0;0;0;0;0;0;0;0;0;0;0;0;0;0;0;0;0;0;0;0;0;0;0;0;0;0;0;0;0;0;0;0
zapping;Zapping;Alloyin;XXRX;Modifier;;TRUE;;1;1;<b>Deploy:</b> Give the opposing creature -3A.;1;2;<b>Deploy:</b> Give the opposing creature -5A.;2;3;<b>Deploy:</b> Give the opposing creature -9A.;0;0;0;0;0;0;0;0;0;0;0;0;0;0;0;0;0;0;0;0;0;0;0;0;0;0;0;0;0;0;0;0;0;0;0;0;0;0;0;0;0;0;0;0;0;0;0;0;0;0;0;0;0;0;0;0;0;0;0;0;0;0;0;0;0;0;0;0;0;0;0;0;0;0;0;1;0;0;0;0;0;0;0;0;0;0;0;0;0;0;1;0;0;0;0;0;0;0;0;0;0;0;0
calling-the-shrine;Calling the Shrine;Tempys;XXSX;Spell;;FALSE;slumbering-shrine,awakened-shrine;;;"Play Slumbering Shrine.

Give a creature +4A.";;;"Give a creature +6A.

You may play a [l1] spell for <b>Free</b>.";;;"Give a creature +8A.

You may play a [l1] or [l2] spell for <b>Free</b>.";0;0;0;0;0;0;0;0;0;0;0;0;0;0;0;0;0;0;0;0;0;0;0;0;0;0;0;0;0;0;0;0;0;0.7;1;0;0;0;0;0;0;0;0;0;0;0;0;0;0;0.7;0;0;0;0;0;0;0;0;0;0;0;0;0;0;0;0;0;0;0;0;1;0;1;0;0;0;0;0;0;0;0;0;0;0;0;0;0;0;0;0;0;0;0;0;0;0;0;0;0;0;0;0;0
corpse-host;Corpse Host;Nekrium;XXSX;Creature;Spirit Zombie;FALSE;necrotower,necrolab;3;3;<b>Deploy:</b> Play Necrolab.;5;5;<b>Deploy:</b> Deal 3 damage to another one of your creatures to give this +3H.;8;8;<b>Deploy:</b> Deal 5 damage to another one of your creatures to give this +5H. Then, <b>Transform</b> Necrolab.;0;0;0;0;0;0;0;0;0;0;0;0;0;0;0;0;0;0;0;0;0;1;0;1;0;0;0;0;0;1;0;0;0;0;0;0;0;0;0;0;0;0;0;0;0;0;0;0;0;0;0;0;0;0;0;0;0;0;0;0;0;0;0;0;0;0;0;0;0;0;0;0;0;0;0;0;0;0;0;0;0;0;0;0.7;0;0;0;0;0;0;1;0;0;0;0;0;0;0;0;0;0;0;0
ghox-metamind-paragon;Ghox, Metamind Paragon;Alloyin;XXSX;Creature;Metamind Scientist;FALSE;mass-link,central-conductor;2;5;"<b>Deploy:</b> Play Central Conductor.

<b>Activate:</b> Give each of your creatures in a lane with one of your <b>Exalts</b> +2A.";2;9;<b>Activate:</b> Give each of your creatures in a lane with one of your <b>Exalts</b> +3A.;2;13;<b>Activate:</b> Give each of your creatures in a lane with one of your <b>Exalts</b> +5A.;0;0;0;0;0;0;0;0;0;0;0;0;1;0;0;0;0;0;0;1;0;0;0;0;0;0;0;0;0;0;0;0;0;0;0;0;0;0;0;0;0;0;0;0;0;0;0;1;0;0;0;0;0;0;0;0;0;0;0;0;0;0;0;0;0;0;0;0;0;0;1;0;1;0;0;0;0;0;0;0;0;0;0;0;0;0;1;0;0;0;0.5;0;0;0;0;0;0;0;0;0;0;0;0
stegos-dinosaur-tamer;Stegos, Dinosaur Tamer;Uterra;XXSX;Creature;Warrior;FALSE;uterradon-ridgeback,uterradon-pup;2;4;"<b>Deploy:</b> You may play Uterradon Pup.

<b>Activate:</b> Give your Dinosaurs +2A.";3;5;"<b>Deploy:</b> You may play Uterradon Pup.

<b>Activate:</b> Give your Dinosaurs +2A,+2H.";5;7;"<b>Deploy:</b> You may play Uterradon Ridgeback.

<b>Activate:</b> Give your Dinosaurs +4A,+4H.";0;0;0;0;0;1;0;0;0;0;0;0;0;0;0;0;0;0;0;0;0;0;0;0;0;1;0;0;0;0;0;0;0;0;0;0;0;0;0;0;0;0;0;0;0;0;0;1;0;0;0;0;0;0;0;0;0;0;0;0;0;0;0;0;0;0;0;0;0;0.7;0.5;0;1;0;0;0;0;0;0;0;0;0;0;0;0;0;0;0;0;0;1;0;0;0;0;0;0;0;0;0;0;0;0
conscript-the-dead;Conscript the Dead;Nekrium;XXSX;Spell;;FALSE;ruthless-wanderers,ruthless-army;;;"Play Ruthless Wanderers.

You may destroy one of your creatures to give a creature -3A,-3H.";;;"Play Ruthless Wanderers.

You may destroy one of your creatures to give a creature -5A,-5H.";;;"You may destroy one of your creatures to give a creature -8A,-8H.

<b>Transform</b> Ruthless Wanderers. Otherwise, play Ruthless Army.";0;0;0;0;0;0;0;0;0;0;0;0;0;0;0;0;0;0;0;0;0;0;0;0;0;0;0;0;0;0;0;0;0;0;1;0;0;0;0;0;0;0;0;0;0;0;0;0;0;0;0;0;0;0;0;0;0;0;0;1;0;0;0;0;0;0;0;0;0;0;0;0;0;0;1;0;0;0;0;0;1;0;0;0;0;0;0;0;0;0;0;0;0;0;0;0;0;0;0;0;0;0;0
dragonwake;Dragonwake;Tempys;XXSX;Spell;;FALSE;icefrost-wyvern,cindersmoke-wyvern;;;"Choose one:
   •  Play Cindersmoke Wyvern.
   •  Play Icefrost Wyvern.";;;"Choose one:
   •  Play or <b>Transform</b> Cindersmoke Wyvern. Give it +3A,+3H.
   •  Play or <b>Transform</b> Icefrost Wyvern. Give it +3A,+3H.";;;"Choose one:
   •  Play or <b>Transform</b> Cindersmoke Wyvern. Give it +6A,+6H.
   •  Play or <b>Transform</b> Icefrost Wyvern. Give it +6A,+6H.";0;0;0;0;0;0;0;0;0;0;0;0;0;0;0;0;0;0;0;0;0;0;0;0;0;0;0;0;0;0;0;0;0;0;1;0;0;0;0;0;0;0;0;0;0;0;0;0;0;0;0;0;0;0;0;0;0;0;0;0;0;0;0;0;0;0;0;0;0;0.7;0;0;0.7;0;0;0;0;0;0;0;0;0;0;0;0;0;0;0;0;0;0;0;0;0;0;0;0;0;0;0;0;0;0
enduring-ties;Enduring Ties;Uterra;XXSX;Spell;;FALSE;rooted-leafkin,ingrained-leafkin;;;Play Rooted Leafkin.;;;"Choose one:
   •  Play Rooted Leafkin and give it +1A,+1H.
   •  Set Rooted Leafkin's A to 5 and its H to 3.";;;"Choose one:
   •  Play Ingrained Leafkin.
   •  <b>Transform</b> Rooted Leafkin.";0;0;0;0;0;0;0;0;0;0;0;0;0;0;0;0;0;0;0;0;0;0;0;0;0;0;0;0;0;0;0;0;0;0;1;0;0;0;0;0;0;0;0;0;0;0;0;0;0;0;0;0;0;0;0;0;0;0;0;0;0;0;0;0;0;0;0;0;0;0.4;0;0;0.4;0;0;0;0;0;0;0;0;0;0;0;0;0;0;0;0;0;0;0;0;0;0;0;0;0;0;1;0;0;0
espionage;Espionage;Alloyin;XXSX;Spell;;FALSE;assassins-mount,assassins-cliff;;;"Play Assassin's Cliff.

Give a [l1] creature <b>Stealth</b> this turn. You may give its opposing creature <b>Defender</b> this turn.";;;Give a [l1] or [l2] creature +3A. This turn, it gets <b>Stealth</b>. You may give its opposing creature <b>Defender</b> this turn.;;;"<b>Transform</b> Assassin's Cliff. Otherwise, play Assassin's Mount.

Give a creature +5A. This turn, it gets <b>Stealth</b>. You may give its opposing creature <b>Defender</b> this turn.";0;0;0;0;0;0;0;0;0;0;0;0;0;0;0;0;0;0;0;0;0;0;0;0;0;0;0;0;0;0;0;0;0;0;1;0;0;0;0;0;0;0;0;0;0;0;0;0;0;0;0;0;0;0;0;0;0;0;0;0;0;0;0;0;0;0;0;0;1;0;0.7;0;0.7;0;0;0;0;0;0;0;0;0;0;0;0;0;0;0;0;0;0;0;0;0;0;0;0;0;0;1;0;0;0
cindersmoke-wyvern;Cindersmoke Wyvern;Tempys;XXSX;Creature;Dragon;FALSE;;;;;3;3;"<b>Mobility</b> 2

When this moves lanes, if this is opposed, deal 4 damage to the opposing creature. Otherwise, deal 4 damage to the enemy player.";;;;0;0;0;0;0;0;0.5;0;0;0;0;0;0;0;0;0;0;0;0;0;0;0;0;0;0;0;0;0;0;0;0;0;0;0;0;0;0;0;0;0;0.5;0;0.5;0;0;0;0;0;0;0;0;0;0;0.5;0.5;0;0;0;0;0;0;0;0;0;0;0;0;0;0;0;0;0;0;0;0;0;0;0;0;0;0;0;0;0;0;0;0;0;0;0;0;0;0;0;0;0;0;0;0;0;0;0;0
awakened-shrine;Awakened Shrine;Tempys;XXSX;Creature;Elemental;FALSE;;;;;;;;0;13;"<b>Breakthrough</b>

When this is <b>Transformed</b>, give it +2A for each energy counter that was on Slumbering Shrine.";0;0;0;0;0;0;0;0;0.5;0;0;0;0;0;0;0;0;0;0;0;0;0;0;0;0;0;0;0;0;0;0;0;0;0;0;0;0;0;0;0;0;0;0;0;0;0;0;0;0;0;0;0;0;0;0;0;0;0;0;0;0.5;0;0;0;0;0;0;0;0;0;0.5;0;0.5;0;0;0;0;0;0;0;0;0;0;0;0;0;0;0;0;0;0;0;0;0;0;0;0;0;0;0;0;0;0
ingrained-leafkin;Ingrained Leafkin;Uterra;XXSX;Creature;Plant Spirit;FALSE;;;;;;;;8;4;"This can't gain H.

If this would lose any amount of H, instead, this loses 1H.";0;0;0;0;0;0;0;0;0;0;0;0;0;0;0.5;0;0;0;0;0;0;0.5;0;0;0;0;0;0;0;0;0;0;0;0;0;0;0;0;0;0;0;0;0;0;0;0;0;0;0;0;0;0;0;0;0;0;0;0;0;0;0;0;0;0;0;0;0;0;0;0;0;0;0;0;0;0;0;0;0;0;0;0;0;0;0;0;0;0;0;0;0;0;0;0;0;0;0;0;0;0;0;0;0
icefrost-wyvern;Icefrost Wyvern;Tempys;XXSX;Creature;Dragon;FALSE;;;;;2;7;"<b>Defender</b>

<b>Activate:</b> You and another one of your creatures get 4D this turn.";;;;0;0;0;0;0;0;0.5;0;0;0;0;0;0;0;0;0;0;0;0;0;0;0;0;0;0;0;0;0;0;0;0;0;0;0;0;0;0;0;0;0;0;0;0;0;0.5;0;0.5;0.5;0;0;0;0;0;0;0;0;0;0;0;0;0;0;0;0;0.5;0;0;0;0;0;0;0;0;0;0;0;0;0;0;0;0;0;0;0;0;0;0;0;0;0;0;0;0;0;0;0;0;0;0;0;0;0;0
rooted-leafkin;Rooted Leafkin;Uterra;XXSX;Creature;Plant Spirit;FALSE;;;;;4;2;"This can't gain H except by Enduring Ties.

If this would lose any amount of H, instead, this loses 1H.";;;;0;0;0;0;0;0;0;0;0;0;0;0;0;0;0.5;0;0;0;0;0;0;0.5;0;0;0;0;0;0;0;0;0;0;0;0;0;0;0;0;0;0;0;0;0;0;0;0;0;0;0;0;0;0;0;0;0;0;0;0;0;0;0;0;0;0;0;0;0;0;0;0;0;0;0;0;0;0;0;0;0;0;0;0;0;0;0;0;0;0;0;0;0;0;0;0;0;0;0;0;0;0;0;0;0
ruthless-army;Ruthless Army;Nekrium;XXSX;Creature;Spirit Warrior;FALSE;;;;;;;;6;6;"<b>Stealth</b>

When this is <b>Transformed</b>, give your <b>Minions</b> +3A.";0;0;0;0;0;0;0;0;0;0;0;0;0;0;0;0;0;0;0;0;0;0.5;0;0;0;0.5;0;0;0;0;0;0;0;0;0;0;0;0;0;0;0;0;0;0;0;0;0;0;0;0;0;0;0;0;0;0;0;0;0;0;0;0;0;0;0;0;0;0.5;0;0;0.5;0;0.5;0;0;0;0;0;0;0;0;0;0;0;0;0;0;0;0;0;0;0;0;0;0;0;0;0;0;0;0;0;0
ruthless-wanderers;Ruthless Wanderers;Nekrium;XXSX;Creature;Spirit Warrior;FALSE;;;;;1;5;"When another one of your non-Minion creatures is destroyed before combat, you may play a Mindless Zombie <b>Minion</b> in its lane.

<b>Activate:</b> If you have three or more <b>Minions</b> in play, <b>Transform</b> Ruthless Wanderers.";;;;0;0;0;0;0;0;0;0;0;0;0;0;0;0;0;0;0;0;0;0;0;0.5;0;0;0;0.5;0;0;0;0.5;0;0.5;0;0;0;0;0;0;0;0;0;0;0;0;0;0;0;0.5;0;0;0;0;0;0;0;0;0;0;0;0;0;0;0;0;0;0;0;0;0;0;0;0;0;0;0;0;0;0;0;0.5;0;0;0.5;0;0;0;0;0;0;0;0;0;0;0;0;0;0;0;0;0;0;0;0
uterradon-pup;Uterradon Pup;Uterra;XXSX;Creature;Dinosaur;FALSE;;;;;1;3;;;;;0;0;0;0;0.5;0;0;0;0;0;0;0;0;0;0;0;0;0;0;0;0;0;0;0;0;0;0;0;0;0;0;0;0;0;0;0;0;0;0;0;0;0;0;0;0;0;0;0;0;0;0;0;0;0;0;0;0;0;0;0;0;0;0;0;0;0;0;0;0;0;0;0;0;0;0;0;0;0;0;0;0;0;0;0;0;0;0;0;0;0;0;0;0;0;0;0;0;0;0;0;0;0;0
uterradon-ridgeback;Uterradon Ridgeback;Uterra;XXSX;Creature;Dinosaur;FALSE;;;;;;;;4;4;<b>Breakthrough</b>;0;0;0;0;0.5;0;0;0;0;0;0;0;0;0;0;0;0;0;0;0;0;0;0;0;0;0;0;0;0;0;0;0;0;0;0;0;0;0;0;0;0;0;0;0;0;0;0;0;0;0;0;0;0;0;0;0;0;0;0;0;0.5;0;0;0;0;0;0;0;0;0;0;0;0;0;0;0;0;0;0;0;0;0;0;0;0;0;0;0;0;0;0;0;0;0;0;0;0;0;0;0;0;0;0
assassins-cliff;Assassin's Cliff;Alloyin;XXSX;Spell;Exalt;FALSE;;;;;;;When your creature in this lane deals combat damage to an enemy player, deal 4 damage to an enemy creature.;;;;0;0;0;0;0;0;0;0;0;0;0;0;0;0;0;0;0;0;0;0;0;0;0;0;0;0;0;0;0;0;0;0;0;0;0.5;0;0;0;0;0;0;0;0;0;0;0;0;0;0;0;0;0;0;0;0;0;0;0;0;0.5;0;0;0;0;0;0;0;0;0;0;0;0;0;0;0;0;0;0;0;0;0;0;0;0;0;0.5;0;0;0;0;0;0;0;0;0;0;0;0;0;0;0;0;0
assassins-mount;Assassin's Mount;Alloyin;XXSX;Spell;Exalt;FALSE;;;;;;;;;;When your creature in this lane deals combat damage to an enemy player, deal 8 damage to an enemy creature.;0;0;0;0;0;0;0;0;0;0;0;0;0;0;0;0;0;0;0;0;0;0;0;0;0;0;0;0;0;0;0;0;0;0;0.5;0;0;0;0;0;0;0;0;0;0;0;0;0;0;0;0;0;0;0;0;0;0;0;0;0.5;0;0;0;0;0;0;0;0;0;0;0;0;0;0;0;0;0;0;0;0;0;0;0;0;0;0.5;0;0;0;0;0;0;0;0;0;0;0;0;0;0;0;0;0
bones-of-solis;Bones of Solis;Nekrium;XXSX;Spell;Exalt;FALSE;;;;;;;;;;When your creature in this lane is destroyed, put an energy counter on this. Then, if there are 4 or more energy counters on this, <b>Transform</b> this and overlay Cercee with this.;0;0;0;0;0;0;0;0;0;0;0;0;0;0;0;0;0;0;0;0;0;0;0;0;0;0;0;0;0;0;0;0;0;0;0.5;0;0;0;0;0;0;0;0;0;0;0;0;0;0;0;0;0;0;0;0;0;0;0;0;0;0;0;0;0;0;0;0;0;0;0;0;0;0;0;0;0;0;0;0;0.5;0;0;0.5;0;0;0.5;0;0.5;0;0;0;0;0;0;0;0;0;0;0;0;0;0;0
mass-link;Mass Link;Alloyin;XXSX;Spell;Exalt;FALSE;;;;;;;;;;<b>Activate:</b> Remove an energy counter from this to play an <b>Exalt</b> for <b>Free</b>.;0;0;0;0;0;0;0;0;0;0;0;0;0;0;0;0;0;0;0;0;0;0;0;0;0;0;0;0;0;0;0;0;0;0;0.5;0;0;0;0;0;0;0;0;0;0;0;0;0.5;0;0.5;0;0;0;0;0;0;0;0;0;0;0;0;0;0;0;0;0;0;0;0;0;0;0;0;0;0;0;0;0;0;0;0;0;0;0;0.5;0.5;0.5;0;0;0;0;0;0;0;0;0;0;0;0;0;0;0
necrolab;Necrolab;Nekrium;XXSX;Spell;Exalt;FALSE;;;;;;;"When your creature in this lane is dealt damage, put an energy counter on this.

Do not remove energy counters from this when it Transforms.";;;;0;0;0;0;0;0;0;0;0;0;0;0;0;0;0;0;0;0;0;0;0;0;0;0;0;0;0;0;0;0;0;0;0;0;0.5;0;0;0;0;0;0;0;0;0;0;0;0;0;0;0;0;0;0;0;0;0;0;0;0;0;0;0;0;0;0;0;0;0;0;0;0;0;0;0;0;0;0;0;0;0;0;0;0.5;0;0;0.5;0;0.5;0;0;0;0;0;0;0;0;0;0;0;0;0;0;0
necrotower;Necrotower;Nekrium;XXSX;Spell;Exalt;FALSE;;;;;;;;;;<b>Activate:</b> Remove any number of energy counters from this to destroy a creature with a <b>Level</b> lower than the number of energy counters removed.;0;0;0;0;0;0;0;0;0;0;0;0;0;0;0;0;0;0;0;0;0;0;0;0;0;0;0;0;0;0;0;0;0;0;0.5;0;0;0;0;0;0;0;0;0;0;0;0;0.5;0;0;0;0;0;0;0;0;0;0;0;0.5;0;0;0;0;0;0;0;0;0;0;0;0;0;0;0;0;0;0;0;0;0;0;0;0;0;0.5;0;0.5;0;0;0;0;0;0;0;0;0;0;0;0;0;0;0
central-conductor;Central Conductor;Alloyin;XXSX;Spell;Exalt;FALSE;;;;;;;When this has two <b>Exalts</b> adjacent to it, <b>Transform</b> this and put an energy counter on this.;;;;0;0;0;0;0;0;0;0;0;0;0;0;0;0;0;0;0;0;0;0;0;0;0;0;0;0;0;0;0;0;0;0;0;0;0.5;0;0;0;0;0;0;0;0;0;0;0;0;0;0;0;0;0;0;0;0;0;0;0;0;0;0;0;0;0;0;0;0;0;0;0;0;0;0;0;0;0;0;0;0;0;0;0;0;0;0;0.5;0.5;0;0;0;0;0;0;0;0;0;0;0;0;0;0;0;0
scorian-stones;Scorian Stones;Tempys;XXSX;Spell;Exalt;FALSE;;;;;;;;;;At the start of the turn, if there is no enemy creature in this lane, put an energy counter on this. Then, if there are 3 or more energy counters on this, <b>Transform</b> this and overlay Sunder with this.;0;0;0;0;0;0;0;0;0;0;0;0;0;0;0;0;0;0;0;0;0;0;0;0;0;0;0;0;0;0;0;0;0;0;0.5;0;0;0;0;0;0;0;0;0;0;0;0;0;0;0;0;0;0;0;0;0;0;0;0;0;0;0;0;0;0;0;0;0;0;0;0;0;0;0;0;0;0;0;0;0;0;0;0;0;0;0.5;0;0.5;0;0;0;0;0;0;0;0;0;0;0;0;0;0;0
shatterwild;Shatterwild;Uterra;XXSX;Spell;Exalt;FALSE;;;;;;;;;;When your creature in this lane gains A, put an energy counter on this. Then, if there are 5 or more energy counters on this, <b>Transform</b> this and overlay Oros with this.;0;0;0;0;0;0;0;0;0;0;0;0;0;0;0;0;0;0;0;0;0;0;0;0;0;0;0;0;0;0;0;0;0;0;0.5;0;0;0;0;0;0;0;0;0;0;0;0;0;0;0;0;0;0;0;0;0;0;0;0;0;0;0;0;0;0;0;0;0;0;0;0;0;0;0;0;0;0;0;0;0;0;0;0;0;0;0.5;0;0.5;0;0;0;0;0;0;0;0;0;0;0;0;0;0;0
sovereign-pillars;Sovereign Pillars;Alloyin;XXSX;Spell;Exalt;FALSE;;;;;;;;;;At the start of the turn, if you have a creature in this lane, put an energy counter on this. Then, if there are 3 or more energy counters on this, <b>Transform</b> this and overlay Ironbeard with this.;0;0;0;0;0;0;0;0;0;0;0;0;0;0;0;0;0;0;0;0;0;0;0;0;0;0;0;0;0;0;0;0;0;0;0.5;0;0;0;0;0;0;0;0;0;0;0;0;0;0;0;0;0;0;0;0;0;0;0;0;0;0;0;0;0;0;0;0;0;0;0;0;0;0;0;0;0;0;0;0;0;0;0;0;0;0;0.5;0;0.5;0;0;0;0;0;0;0;0;0;0;0;0;0;0;0
slumbering-shrine;Slumbering Shrine;Tempys;XXSX;Spell;Exalt;FALSE;;;;;;;"When you play a spell, put an energy counter on this.

When you play L3 Calling the Shrine, <b>Transform</b> this.";;;;0;0;0;0;0;0;0;0;0;0;0;0;0;0;0;0;0;0;0;0;0;0;0;0;0;0;0;0;0;0;0;0;0;0.5;0.5;0;0;0;0;0;0;0;0;0;0;0;0;0;0;0;0;0;0;0;0;0;0;0;0;0;0;0;0;0;0;0;0;0;0;0;0;0;0;0;0;0;0;0;0;0;0;0;0;0;0;0.5;0;0.5;0;0;0;0;0;0;0;0;0;0;0;0;0;0;0
c2-shatterwild-|-blight-of-solis;C2 - Shatterwild | Blight of Solis;Uterra;XXSX;forgeborn-ability;;FALSE;shatterwild;;;Play Shatterwild. | When this is Transformed, you may give a creature +3A.  You may give an enemy creature -3H.;;;;;;;0;0;0;0;0;0;0;0;0;0;0;0;0;0;0;0;0;0;0;0;0;0;0;0;0;0;0;0;0;0;0;0;0;0;0;0;0;0;0;0;0;0;0;0;0;0;0;0;0;0;0;0;0;0;0;0;0;0;0;1;0;0;0;0;0;0;0;0;0;0;1;0;1;0;0;0;0;1;0;0;0;0;0;0;0;0;0;0;0;0;0;0;0;0;0;0;0;0;0;0;1;1;0
c2-sovereign-pillars-|-darkforged;C2 - Sovereign Pillars | Darkforged;Alloyin;XXSX;forgeborn-ability;;FALSE;sovereign-pillars;;;Play Sovereign Pillars. | When this is Transformed, the next creature you play can't be damaged this turn.;;;;;;;0;0;0;0;0;0;0;0;0;0;0;0;0;0;0;0;0;0;0;0;0;0;0;0;0;0;0;0;0;0;0;0;0;0;0;0;0;0;0;0;0;0;0;0;0;0;0;0;0;0;0;0;0;0;0;0;0;0;0;0;0;0;0;0;0;0;0;0;0;0;0;0;0;0;0;0;0;0;0;0;0;0;0;0;0;0;0;0;0;0;0;0;0;0;0;0;0;0;0;0;1;1;0
c2-bones-of-solis-|-kneel-before-cercee!;C2 - Bones of Solis | Kneel before Cercee!;Nekrium;XXSX;forgeborn-ability;;FALSE;bones-of-solis;;;Play Bones of Solis | When this is Transformed, you may deal 6 damage to an enemy player to gain 6H.;;;;;;;0;0;0;0;0;0;0;0;0;0;0;0;0;0;0;0;0;0;0;0;0;0;0;0;0;0;0;0;0;0;0;0;0;0;0;0;0;1;0;0;0;0;0;0;0;0;0;0;0;0;0;0;0;1;0;0;0;0;0;0;0;0;0;0;0;0;0;0;0;0;0;0;0;0;0;0;0;0;0;0;0;0;0;0;0;0;0;0;0;0;0;0;0;0;0;0;0;0;0;0;1;1;0
c2-scorian-stones-|-elemental-frenzy;C2 - Scorian Stones | Elemental Frenzy;Tempys;XXSX;forgeborn-ability;;FALSE;scorian-stones;;;Play Scorian Stones. | When this is Transformed, you may deal 5 damage to a creature.;;;;;;;0;0;0;0;0;0;0;0;0;0;0;0;0;0;0;0;0;0;0;0;0;0;0;0;0;0;0;0;0;0;0;0;0;0;0;0;0;0;0;0;0;0;0;0;0;0;0;0;0;0;0;0;0;0;0;0;0;0;0;1;0;0;0;0;0;0;0;0;0;0;0;0;0;0;0;0;0;0;0;0;0;0;0;0;0;0;0;0;0;0;0;0;0;0;0;0;0;0;0;0;1;1;0
c3-gathering-storm-|-shadowbound;C3 - Gathering Storm | Shadowbound;Tempys;XXSX;forgeborn-ability;;FALSE;;;;;;;When you play a spell this turn, deal 5 damage to a creature or player. | When you play a spell this turn, deal 5 damage to an enemy creature and an enemy player.;;;;0;0;0;0;0;0;0;0;0;0;0;0;0;0;0;0;0;0;0;0;0;0;0;0;0;0;0;0;0;0;0;0;0;0.9;0;0;0;0;0;0;0;0;0;0;0;0;0;0;0;0;0;0;0;0.9;0;0;0;0;0;0.9;0;0;0;0;0;0;0;0;0;0;0;0;0;0;0;0;0;0;0;0;0;0;0;0;0;0;0;0;0;0;0;0;0;0;0;0;0;0;0;0;0;0;0
c4-gathering-storm-|-shadowbound;C4 - Gathering Storm | Shadowbound;Tempys;XXSX;forgeborn-ability;;FALSE;;;;;;;;;;When you play a spell this turn, deal 8 damage to a creature or player. | When you play a spell this turn, deal 8 damage to an enemy creature and an enemy player.;0;0;0;0;0;0;0;0;0;0;0;0;0;0;0;0;0;0;0;0;0;0;0;0;0;0;0;0;0;0;0;0;0;0.2;0;0;0;0;0;0;0;0;0;0;0;0;0;0;0;0;0;0;0;0.2;0;0;0;0;0;0.2;0;0;0;0;0;0;0;0;0;0;0;0;0;0;0;0;0;0;0;0;0;0;0;0;0;0;0;0;0;0;0;0;0;0;0;0;0;0;0;0;0;0;0
c3-outwit-|-fog-of-war;C3 - Outwit | Fog of War;Tempys;XXSX;forgeborn-ability;;FALSE;;;;;;;Choose an enemy creature.  It <b>Strikes</b> another enemy creature of your choice. | Choose an enemy creature.  It <b>Battles</b> another enemy creature of your choice.;;;;0;0;0;0;0;0;0;0;0;0;0;0;0;0;0;0;0;0;0;0;0;0;0;0;0;0;0;0;0;0;0;0;0;0;0;0;0;0;0;0;0;0;0;0;0;0;0;0;0;0;0;0;0;0;0;0;0;0;0;0.9;0;0;0;0;0;0;0;0;0;0;0;0;0;0;0;0;0;0;0;0;0;0;0;0;0;0;0;0;0;0;0;0;0;0;0;0;0;0;0;0;0;0;0
c4-outwit-|-fog-of-war;C4 - Outwit | Fog of War;Tempys;XXSX;forgeborn-ability;;FALSE;;;;;;;;;;Choose an enemy creature.  It <b>Strikes</b> another enemy creature of your choice. | Choose an enemy creature.  It <b>Battles</b> another enemy creature of your choice.;0;0;0;0;0;0;0;0;0;0;0;0;0;0;0;0;0;0;0;0;0;0;0;0;0;0;0;0;0;0;0;0;0;0;0;0;0;0;0;0;0;0;0;0;0;0;0;0;0;0;0;0;0;0;0;0;0;0;0;0.2;0;0;0;0;0;0;0;0;0;0;0;0;0;0;0;0;0;0;0;0;0;0;0;0;0;0;0;0;0;0;0;0;0;0;0;0;0;0;0;0;0;0;0
c3-frost-axe-|-bloodbath;C3 - Frost Axe | Bloodbath;Tempys;XXSX;forgeborn-ability;;FALSE;;;;;;;Choose an enemy creature.  When it is dealt damage this turn, destroy it. | Choose two enemy creatures.  When either of those creatures are dealt damage this turn, destroy it.;;;;0;0;0;0;0;0;0;0;0;0;0;0;0;0;0;0;0;0;0;0;0;0;0;0;0;0;0;0;0;0;0;0;0;0;0;0;0;0;0;0;0;0;0;0;0;0;0;0;0;0;0;0;0;0;0;0;0;0;0;0.9;0;0;0;0;0;0;0;0;0;0;0;0;0;0;0;0;0;0;0;0;0;0;0.45;0;0;0;0;0;0;0;0;0;0;0;0;0;0;0;0;0;0;0;0
c4-frost-axe-|-bloodbath;C4 - Frost Axe | Bloodbath;Tempys;XXSX;forgeborn-ability;;FALSE;;;;;;;;;;Choose an enemy creature.  When it is dealt damage this turn, destroy it. | Choose two enemy creatures.  When either of those creatures are dealt damage this turn, destroy it.;0;0;0;0;0;0;0;0;0;0;0;0;0;0;0;0;0;0;0;0;0;0;0;0;0;0;0;0;0;0;0;0;0;0;0;0;0;0;0;0;0;0;0;0;0;0;0;0;0;0;0;0;0;0;0;0;0;0;0;0.2;0;0;0;0;0;0;0;0;0;0;0;0;0;0;0;0;0;0;0;0;0;0;0;0;0;0;0;0;0;0;0;0;0;0;0;0;0;0;0;0;0;0;0
c3-barkskin-|-darkwood-armor;C3 - Barkskin | Darkwood Armor;Uterra;XXSX;forgeborn-ability;;FALSE;;;;;;;Give up to two of your creatures 8D this turn. | Give up to two of your creatures 8D this turn.  This turn, when either of those creatures are dealt damage, it gets that much A.;;;;0;0;0;0;0;0;0;0;0;0;0;0;0;0;0;0;0;0;0;0;0;0;0;0;0;0;0;0;0;0;0;0;0;0;0;0;0;0;0;0;0;0;0;0;0.9;0;0;0;0;0;0;0;0;0;0;0;0;0;0;0;0;0;0;0;0;0;0;0;0;0;0;0;0;0;0;0;0;0;0;0;0;0;0;0;0;0;0;0;0;0;0;0;0;0;0;0;0;0;0;0;0;0;0
c4-barkskin-|-darkwood-armor;C4 - Barkskin | Darkwood Armor;Uterra;XXSX;forgeborn-ability;;FALSE;;;;;;;;;;Give up to two of your creatures 12D this turn. | Give up to two of your creatures 12D this turn.  This turn, when either of those creatures are dealt damage, it gets that much A.;0;0;0;0;0;0;0;0;0;0;0;0;0;0;0;0;0;0;0;0;0;0;0;0;0;0;0;0;0;0;0;0;0;0;0;0;0;0;0;0;0;0;0;0;0.2;0;0;0;0;0;0;0;0;0;0;0;0;0;0;0;0;0;0;0;0;0;0;0;0;0;0;0;0;0;0;0;0;0;0;0;0;0;0;0;0;0;0;0;0;0;0;0;0;0;0;0;0;0;0;0;0;0;0
c3-deepwood-assault-|-unnatural-disaster;C3 - Deepwood Assault | Unnatural Disaster;Uterra;XXSX;forgeborn-ability;;FALSE;;;;;;;Give a creature +7A.  This turn it gets <b>Breakthrough</b>. | Give a creature +7A.  This turn, it gets <b>Breakthrough</b>.  Set its opposing creature's H to 1.;;;;0;0;0;0;0;0;0;0;0;0;0;0;0;0;0;0;0;0;0;0;0;0;0;0;0;0;0;0;0;0;0;0;0;0;0;0;0;0;0;0;0;0;0;0;0;0;0;0;0;0;0;0;0;0;0;0;0;0;0;0;0;0.9;0;0;0;0;0;0;0;0;0.9;0;0.9;0;0;0;0;0;0;0;0;0;0;0;0;0;0;0;0;0;0;0;0;0;0;0;0;0;0;0;0;0;0
c4-deepwood-assault-|-unnatural-disaster;C4 - Deepwood Assault | Unnatural Disaster;Uterra;XXSX;forgeborn-ability;;FALSE;;;;;;;;;;Give a creature +10A.  This turn it gets <b>Breakthrough</b>. | Give a creature +10A.  This turn, it gets <b>Breakthrough</b>.  Set its opposing creature's H to 1.;0;0;0;0;0;0;0;0;0;0;0;0;0;0;0;0;0;0;0;0;0;0;0;0;0;0;0;0;0;0;0;0;0;0;0;0;0;0;0;0;0;0;0;0;0;0;0;0;0;0;0;0;0;0;0;0;0;0;0;0;0;0.2;0;0;0;0;0;0;0;0;0.2;0;0.2;0;0;0;0;0;0;0;0;0;0;0;0;0;0;0;0;0;0;0;0;0;0;0;0;0;0;0;0;0;0
c3-deepwood-chosen-|-entropic-aura;C3 - Deepwood Chosen | Entropic Aura;Uterra;XXSX;forgeborn-ability;;FALSE;;;;;;;Destroy an enemy creature with A less than your creature opposing it. | Give a creature +5A.  Then, destroy a creature with less A than it.;;;;0;0;0;0;0;0;0;0;0;0;0;0;0;0;0;0;0;0;0;0;0;0;0;0;0;0;0;0;0;0;0;0;0;0;0;0;0;0;0;0;0;0;0;0;0;0;0;0;0;0;0;0;0;0;0;0;0;0;0;0.9;0;0;0;0;0;0;0;0;0;0;0.45;0;0.45;0;0;0;0;0;0;0;0;0;0;0;0;0;0;0;0;0;0;0;0;0;0;0;0;0;0;0;0;0;0
c4-deepwood-chosen-|-entropic-aura;C4 - Deepwood Chosen | Entropic Aura;Uterra;XXSX;forgeborn-ability;;FALSE;;;;;;;;;;Destroy an enemy creature with A less than your creature opposing it. | Give a creature +5A.  Then, destroy up to two creatures with less A than it.;0;0;0;0;0;0;0;0;0;0;0;0;0;0;0;0;0;0;0;0;0;0;0;0;0;0;0;0;0;0;0;0;0;0;0;0;0;0;0;0;0;0;0;0;0;0;0;0;0;0;0;0;0;0;0;0;0;0;0;0.2;0;0;0;0;0;0;0;0;0;0;0.2;0;0.2;0;0;0;0;0;0;0;0;0;0;0;0;0;0;0;0;0;0;0;0;0;0;0;0;0;0;0;0;0;0
c3-knockback-|-spirit-breaker;C3 - Knockback | Spirit Breaker;Alloyin;XXSX;forgeborn-ability;;FALSE;;;;;;;Move a creature to the back row of its lane.  You may give it -10A. | Move an enemy creature to the back row of any lane.  Set its A to 0.;;;;0;0;0;0;0;0;0;0;0;0;0;0;0;0;0;0;0;0;0;0;0;0;0;0;0;0;0;0;0;0;0;0;0;0;0;0;0;0;0;0;0;0;0;0;0;0;0;0;0;0;0;0;0;0;0;0;0;0;0;0;0;0;0;0;0;0;0.9;0;0;0;0;0;0;0;0;0.9;0;0;0;0;0;0;0;0;0;0;0;0;0;0;0;0;0;0;0;0;0;0;0;0;0;0;0
c4-knockback-|-spirit-breaker;C4 - Knockback | Spirit Breaker;Alloyin;XXSX;forgeborn-ability;;FALSE;;;;;;;;;;Move up to two creature to the back row of their lanes.  You may give them -10A. | Move up to two enemy creatures to the back row of any two lanes.  Set their A to 0.;0;0;0;0;0;0;0;0;0;0;0;0;0;0;0;0;0;0;0;0;0;0;0;0;0;0;0;0;0;0;0;0;0;0;0;0;0;0;0;0;0;0;0;0;0;0;0;0;0;0;0;0;0;0;0;0;0;0;0;0;0;0;0;0;0;0;0.2;0;0;0;0;0;0;0;0;0.2;0;0;0;0;0;0;0;0;0;0;0;0;0;0;0;0;0;0;0;0;0;0;0;0;0;0;0
c3-shield-slam-|-ruthless-advance;C3 - Shield Slam | Ruthless Advance;Alloyin;XXSX;forgeborn-ability;;FALSE;;;;;;;Give each of your creatures 2D this turn.  You may deal 1 damage to an enemy creature for each D on your creatures. | Give each of your creatures 3D this turn.  You may deal 1 damage to an enemy creature for each D on your creatures.  Any excess is dealt to the enemy player.;;;;0;0;0;0;0;0;0;0;0;0;0;0;0;0;0;0;0;0;0;0;0;0;0;0;0;0;0;0;0;0;0;0;0;0;0;0;0;0;0;0;0;0;0;0;0.9;0.9;0;0;0;0;0;0;0;0;0;0;0;0;0;0.9;0;0;0;0;0;0;0;0;0;0;0;0;0;0;0;0;0;0;0;0;0;0;0.45;0;0;0;0;0;0;0;0;0;0;0;0;0;0;0;0;0;0;0;0
c4-shield-slam-|-ruthless-advance;C4 - Shield Slam | Ruthless Advance;Alloyin;XXSX;forgeborn-ability;;FALSE;;;;;;;;;;Give each of your creatures 3D this turn.  You may deal 1 damage to an enemy creature for each D on your creatures. | Give each of your creatures 4D this turn.  You may deal 1 damage to an enemy creature for each D on your creatures.  Any excess is dealt to the enemy player.;0;0;0;0;0;0;0;0;0;0;0;0;0;0;0;0;0;0;0;0;0;0;0;0;0;0;0;0;0;0;0;0;0;0;0;0;0;0;0;0;0;0;0;0;0.2;0.2;0;0;0;0;0;0;0;0;0;0;0;0;0;0.2;0;0;0;0;0;0;0;0;0;0;0;0;0;0;0;0;0;0;0;0;0;0;0.2;0;0;0;0;0;0;0;0;0;0;0;0;0;0;0;0;0;0;0;0
c3-alloyin-steel-|-vengeful-iron;C3 - Alloyin Steel | Vengeful Iron;Alloyin;XXSX;forgeborn-ability;;FALSE;;;;;;;Choose one of your creatures.  When it is dealt damage this turn, deal that much damage to its opposing creature. | Choose one of your creatures.  When it is dealt damage this turn, deal that much damage to its opposing creature instead.;;;;0;0;0;0;0;0;0;0;0;0;0;0;0;0;0;0;0;0;0;0;0;0;0;0;0;0;0;0;0;0;0;0;0;0;0;0;0;0;0;0;0;0;0;0;0;0;0;0;0;0;0;0;0;0;0;0;0;0;0;0;0;0;0;0;0;0;0;0;0;0;0;0;0;0;0;0;0;0;0;0;0;0;0.9;0;0;0;0;0;0;0;0;0;0;0;0;0;0;0;0;0;0;0;0
c4-alloyin-steel-|-vengeful-iron;C4 - Alloyin Steel | Vengeful Iron;Alloyin;XXSX;forgeborn-ability;;FALSE;;;;;;;;;;Choose one of your creatures.  When it is dealt damage this turn, deal that much damage to an enemy creature. | Choose one of your creatures.  When it is dealt damage this turn, deal that much damage to an enemy creature instead.;0;0;0;0;0;0;0;0;0;0;0;0;0;0;0;0;0;0;0;0;0;0;0;0;0;0;0;0;0;0;0;0;0;0;0;0;0;0;0;0;0;0;0;0;0;0;0;0;0;0;0;0;0;0;0;0;0;0;0;0;0;0;0;0;0;0;0;0;0;0;0;0;0;0;0;0;0;0;0;0;0;0;0.2;0;0;0;0;0;0;0;0;0;0;0;0;0;0;0;0;0;0;0;0
c3-sorrow-|-pestilence;C3 - Sorrow | Pestilence;Nekrium;XXSX;forgeborn-ability;;FALSE;;;;;;;Give all non-Nekrium creatures -3A,-3H. | Give all enemy creatures -3A,-3H.;;;;0;0;0;0;0;0;0;0;0;0;0;0;0;0;0;0;0;0;0;0;0;0;0;0;0;0;0;0;0;0;0;0;0;0;0;0;0;0;0;0;0;0;0;0;0;0;0;0;0;0;0;0;0;0;0;0;0;0;0;0.9;0;0;0;0;0;0;0;0;0;0;0;0;0;0;0;0;0;0;0;0;0;0;0;0;0;0;0;0;0;0;0;0;0;0;0;0;0;0;0;0;0;0;0
c4-sorrow-|-pestilence;C4 - Sorrow | Pestilence;Nekrium;XXSX;forgeborn-ability;;FALSE;;;;;;;;;;Give all non-Nekrium creatures -5A,-5H. | Give all enemy creatures -5A,-5H.;0;0;0;0;0;0;0;0;0;0;0;0;0;0;0;0;0;0;0;0;0;0;0;0;0;0;0;0;0;0;0;0;0;0;0;0;0;0;0;0;0;0;0;0;0;0;0;0;0;0;0;0;0;0;0;0;0;0;0;0.2;0;0;0;0;0;0;0;0;0;0;0;0;0;0;0;0;0;0;0;0;0;0;0;0;0;0;0;0;0;0;0;0;0;0;0;0;0;0;0;0;0;0;0
c3-soul-swap-|-soul-reaver;C3 - Soul Swap | Soul Reaver;Nekrium;XXSX;forgeborn-ability;;FALSE;;;;;;;Switch the H of two creatures of the same Level. | Switch the H of two creatures.;;;;0;0;0;0;0;0;0;0;0;0;0;0;0;0;0;0;0;0;0;0;0;0;0;0;0;0;0;0;0;0;0;0;0;0;0;0;0;0;0;0;0;0;0;0;0;0;0;0;0;0;0;0;0;0;0;0;0;0;0;0;0;0;0;0;0;0;0;0;0;0;0;0.9;0;0;0;0;0;0.9;0;0;0;0;0;0;0;0;0;0;0;0;0;0;0;0;0;0;0;0;0;0;0;0;0
c4-soul-swap-|-soul-reaver;C4 - Soul Swap | Soul Reaver;Nekrium;XXSX;forgeborn-ability;;FALSE;;;;;;;;;;Switch the H of two creatures. | Switch the H of a creature and a player.;0;0;0;0;0;0;0;0;0;0;0;0;0;0;0;0;0;0;0;0;0;0;0;0;0;0;0;0;0;0;0;0;0;0;0;0;0;0;0;0;0;0;0;0;0;0;0;0;0;0;0;0;0;0;0;0;0;0;0;0;0;0;0;0;0;0;0;0;0;0;0;0.2;0;0;0;0;0;0.2;0;0;0;0;0;0;0;0;0;0;0;0;0;0;0;0;0;0;0;0;0;1;0;0;0
c3-soul-syphon-|-dark-rebirth;C3 - Soul Syphon | Dark Rebirth;Nekrium;XXSX;forgeborn-ability;;FALSE;;;;;;;Destroy one of your creatures to give a creature +8A,+8H. | Destroy one of your creatures to <b>Reanimate</b> a creature and give it +8A,+8H.;;;;0;0;0;0;0;0;0;0;0;0;0;0;0;0;0;0;0;0;0;0;0;0;0;0;0;0;0;0;0;0;0;0;0;0;0;0;0;0;0;0;0;0;0;0;0;0;0;0;0;0;0.45;0;0;0;0;0;0;0;0;0;0;0;0;0;0;0;0;0;0;0.9;0;0;0.9;0;0;0;0;0;0;0;0.9;0;0;0;0;0;0;0;0;0;0;0;0;0;0;0;0;0;0;0;0;0;0
c4-soul-syphon-|-dark-rebirth;C4 - Soul Syphon | Dark Rebirth;Nekrium;XXSX;forgeborn-ability;;FALSE;;;;;;;;;;Destroy one of your creatures to give a creature +12A,+12H. | Destroy one of your creatures to <b>Reanimate</b> a creature and give it +12A,+12H.;0;0;0;0;0;0;0;0;0;0;0;0;0;0;0;0;0;0;0;0;0;0;0;0;0;0;0;0;0;0;0;0;0;0;0;0;0;0;0;0;0;0;0;0;0;0;0;0;0;0;0.2;0;0;0;0;0;0;0;0;0;0;0;0;0;0;0;0;0;0;0.2;0;0;0.2;0;0;0;0;0;0;0;0.2;0;0;0;0;0;0;0;0;0;0;0;0;0;0;0;0;0;0;0;0;0;0
c2-reinforce;C2 - Reinforce;Alloyin;XXXX;forgeborn-ability;;FALSE;;;;Give a creature +4A.  This turn, it gets 4D.;;;;;;;0;0;0;0;0;0;0;0;0;0;0;0;0;0;0;0;0;0;0;0;0;0;0;0;0;0;0;0;0;0;0;0;0;0;0;0;0;0;0;0;0;0;0;0;1;0;0;0;0;0;0;0;0;0;0;0;0;0;0;0;0;0;0;0;0;0;0;0;0;0;1;0;1;0;0;0;0;0;0;0;0;0;0;0;0;0;0;0;0;0;0;0;0;0;0;0;0;0;0;0;0;0;0
c3-reinforce;C3 - Reinforce;Alloyin;XXXX;forgeborn-ability;;FALSE;;;;;;;Give a creature +8A.  This turn, it gets 8D.;;;;0;0;0;0;0;0;0;0;0;0;0;0;0;0;0;0;0;0;0;0;0;0;0;0;0;0;0;0;0;0;0;0;0;0;0;0;0;0;0;0;0;0;0;0;0.9;0;0;0;0;0;0;0;0;0;0;0;0;0;0;0;0;0;0;0;0;0;0;0;0;0;0.9;0;0.9;0;0;0;0;0;0;0;0;0;0;0;0;0;0;0;0;0;0;0;0;0;0;0;0;0;0;0;0;0;0
c4-reinforce;C4 - Reinforce;Alloyin;XXXX;forgeborn-ability;;FALSE;;;;;;;;;;Give a creature +12A. This turn, it gets 12D.;0;0;0;0;0;0;0;0;0;0;0;0;0;0;0;0;0;0;0;0;0;0;0;0;0;0;0;0;0;0;0;0;0;0;0;0;0;0;0;0;0;0;0;0;0.2;0;0;0;0;0;0;0;0;0;0;0;0;0;0;0;0;0;0;0;0;0;0;0;0;0;0.2;0;0.2;0;0;0;0;0;0;0;0;0;0;0;0;0;0;0;0;0;0;0;0;0;0;0;0;0;0;0;0;0;0
c2-repurpose;C2 - Repurpose;Alloyin;XXXX;forgeborn-ability;;FALSE;;;;Choose a creature.  If it is replaced this turn, you may <b>Reanimate</b> it.;;;;;;;0;0;0;0;0;0;0;0;0;0;0;0;0;0;0;0;0;0;0;0;0;0;0;0;0;0;0;0;0;0;0;0;0;0;0;0;0;0;0;0;0;0;0;0;0;0;0;0;0;0;1;0;0;0;0;0;0;0;0;0;0;0;0;0;0;0;0;0;0;0;0;0;0;0;0;0;0;0;0;0;0;0;0;0;0;0;0;0;0;0;0;0;0;0;0;0;0;0;0;0;0;0;0
c3-repurpose;C3 - Repurpose;Alloyin;XXXX;forgeborn-ability;;FALSE;;;;;;;Choose a creature.  If it is replaced this turn, you may <b>Reanimate</b> it.;;;;0;0;0;0;0;0;0;0;0;0;0;0;0;0;0;0;0;0;0;0;0;0;0;0;0;0;0;0;0;0;0;0;0;0;0;0;0;0;0;0;0;0;0;0;0;0;0;0;0;0;0.9;0;0;0;0;0;0;0;0;0;0;0;0;0;0;0;0;0;0;0;0;0;0;0;0;0;0;0;0;0;0;0;0;0;0;0;0;0;0;0;0;0;0;0;0;0;0;0;0;0;0;0;0
c4-repurpose;C4 - Repurpose;Alloyin;XXXX;forgeborn-ability;;FALSE;;;;;;;;;;Choose a creature.  If it is replaced this turn, you may <b>Reanimate</b> it.;0;0;0;0;0;0;0;0;0;0;0;0;0;0;0;0;0;0;0;0;0;0;0;0;0;0;0;0;0;0;0;0;0;0;0;0;0;0;0;0;0;0;0;0;0;0;0;0;0;0;0.2;0;0;0;0;0;0;0;0;0;0;0;0;0;0;0;0;0;0;0;0;0;0;0;0;0;0;0;0;0;0;0;0;0;0;0;0;0;0;0;0;0;0;0;0;0;0;0;0;0;0;0;0
c2-deathtouch;C2 - Deathtouch;Nekrium;XXXX;forgeborn-ability;;FALSE;;;;Destroy a L1 creature.;;;;;;;0;0;0;0;0;0;0;0;0;0;0;0;0;0;0;0;0;0;0;0;0;0;0;0;0;0;0;0;0;0;0;0;0;0;0;0;0;0;0;0;0;0;0;0;0;0;0;0;0;0;0;0;0;0;0;0;0;0;0;1;0;0;0;0;0;0;0;0;0;0;0;0;0;0;0;0;0;0;0;0;0;0;0;0;0;0;0;0;0;0;0;0;0;0;0;0;0;0;0;0;0;0;0
c2-life-drain;C2 - Life Drain;Nekrium;XXXX;forgeborn-ability;;FALSE;;;;Deal 4 damage to a creature. You gain 4H.;;;;;;;0;0;0;0;0;0;0;0;0;0;0;0;0;0;0;0;0;0;0;0;0;0;0;0;0;0;0;0;0;0;0;0;0;0;0;0;0;1;0;0;0;0;0;0;0;0;0;0;0;0;0;0;0;0;0;0;0;0;0;1;0;0;0;0;0;0;0;0;0;0;0;0;0;0;0;0;0;0;0;0;0;0;0;0;0;0;0;0;0;0;0;0;0;0;0;0;0;0;0;0;0;0;0
c3-deathtouch;C3 - Deathtouch;Nekrium;XXXX;forgeborn-ability;;FALSE;;;;;;;Destroy a L1 or L2 creature.;;;;0;0;0;0;0;0;0;0;0;0;0;0;0;0;0;0;0;0;0;0;0;0;0;0;0;0;0;0;0;0;0;0;0;0;0;0;0;0;0;0;0;0;0;0;0;0;0;0;0;0;0;0;0;0;0;0;0;0;0;0.9;0;0;0;0;0;0;0;0;0;0;0;0;0;0;0;0;0;0;0;0;0;0;0;0;0;0;0;0;0;0;0;0;0;0;0;0;0;0;0;0;0;0;0
c3-life-drain;C3 - Life Drain;Nekrium;XXXX;forgeborn-ability;;FALSE;;;;;;;Deal 6 damage to a creature.  You gain 6H.;;;;0;0;0;0;0;0;0;0;0;0;0;0;0;0;0;0;0;0;0;0;0;0;0;0;0;0;0;0;0;0;0;0;0;0;0;0;0;0.9;0;0;0;0;0;0;0;0;0;0;0;0;0;0;0;0;0;0;0;0;0;0.9;0;0;0;0;0;0;0;0;0;0;0;0;0;0;0;0;0;0;0;0;0;0;0;0;0;0;0;0;0;0;0;0;0;0;0;0;0;0;0;0;0;0;0
c4-deathtouch;C4 - Deathtouch;Nekrium;XXXX;forgeborn-ability;;FALSE;;;;;;;;;;Destroy a creature.;0;0;0;0;0;0;0;0;0;0;0;0;0;0;0;0;0;0;0;0;0;0;0;0;0;0;0;0;0;0;0;0;0;0;0;0;0;0;0;0;0;0;0;0;0;0;0;0;0;0;0;0;0;0;0;0;0;0;0;0.2;0;0;0;0;0;0;0;0;0;0;0;0;0;0;0;0;0;0;0;0;0;0;0;0;0;0;0;0;0;0;0;0;0;0;0;0;0;0;0;0;0;0;0
c4-life-drain;C4 - Life Drain;Nekrium;XXXX;forgeborn-ability;;FALSE;;;;;;;;;;Deal 8 damage to a creature.  You gain 8H.;0;0;0;0;0;0;0;0;0;0;0;0;0;0;0;0;0;0;0;0;0;0;0;0;0;0;0;0;0;0;0;0;0;0;0;0;0;0.2;0;0;0;0;0;0;0;0;0;0;0;0;0;0;0;0;0;0;0;0;0;0.2;0;0;0;0;0;0;0;0;0;0;0;0;0;0;0;0;0;0;0;0;0;0;0;0;0;0;0;0;0;0;0;0;0;0;0;0;0;0;0;0;0;0;0
c2-flame-strike;C2 - Flame Strike;Tempys;XXXX;forgeborn-ability;;FALSE;;;;Deal 5 damage to a creature.;;;;;;;0;0;0;0;0;0;0;0;0;0;0;0;0;0;0;0;0;0;0;0;0;0;0;0;0;0;0;0;0;0;0;0;0;0;0;0;0;0;0;0;0;0;0;0;0;0;0;0;0;0;0;0;0;0;0;0;0;0;0;1;0;0;0;0;0;0;0;0;0;0;0;0;0;0;0;0;0;0;0;0;0;0;0;0;0;0;0;0;0;0;0;0;0;0;0;0;0;0;0;0;0;0;0
c3-flame-strike;C3 - Flame Strike;Tempys;XXXX;forgeborn-ability;;FALSE;;;;;;;Deal 8 damage to a creature.;;;;0;0;0;0;0;0;0;0;0;0;0;0;0;0;0;0;0;0;0;0;0;0;0;0;0;0;0;0;0;0;0;0;0;0;0;0;0;0;0;0;0;0;0;0;0;0;0;0;0;0;0;0;0;0;0;0;0;0;0;0.9;0;0;0;0;0;0;0;0;0;0;0;0;0;0;0;0;0;0;0;0;0;0;0;0;0;0;0;0;0;0;0;0;0;0;0;0;0;0;0;0;0;0;0
c4-flame-strike;C4 - Flame Strike;Tempys;XXXX;forgeborn-ability;;FALSE;;;;;;;;;;Deal 15 damage to a creature.;0;0;0;0;0;0;0;0;0;0;0;0;0;0;0;0;0;0;0;0;0;0;0;0;0;0;0;0;0;0;0;0;0;0;0;0;0;0;0;0;0;0;0;0;0;0;0;0;0;0;0;0;0;0;0;0;0;0;0;0.2;0;0;0;0;0;0;0;0;0;0;0;0;0;0;0;0;0;0;0;0;0;0;0;0;0;0;0;0;0;0;0;0;0;0;0;0;0;0;0;0;0;0;0
c2-ice-armor;C2 - Ice Armor;Tempys;XXXX;forgeborn-ability;;FALSE;;;;You and one of your creatures get 5D this turn.;;;;;;;0;0;0;0;0;0;0;0;0;0;0;0;0;0;0;0;0;0;0;0;0;0;0;0;0;0;0;0;0;0;0;0;0;0;0;0;0;0;0;0;0;0;0;0;1;0;1;0;0;0;0;0;0;0;0;0;0;0;0;0;0;0;0;0;0;0;0;0;0;0;0;0;0;0;0;0;0;0;0;0;0;0;0;0;0;0;0;0;0;0;0;0;0;0;0;0;0;0;0;0;0;0;0
c3-ice-armor;C3 - Ice Armor;Tempys;XXXX;forgeborn-ability;;FALSE;;;;;;;You and one of your creatures get 10D this turn.;;;;0;0;0;0;0;0;0;0;0;0;0;0;0;0;0;0;0;0;0;0;0;0;0;0;0;0;0;0;0;0;0;0;0;0;0;0;0;0;0;0;0;0;0;0;0.9;0;0.9;0;0;0;0;0;0;0;0;0;0;0;0;0;0;0;0;0;0;0;0;0;0;0;0;0;0;0;0;0;0;0;0;0;0;0;0;0;0;0;0;0;0;0;0;0;0;0;0;0;0;0;0;0;0;0;0
c4-ice-armor;C4 - Ice Armor;Tempys;XXXX;forgeborn-ability;;FALSE;;;;;;;;;;You and one of your creatures get 15D this turn.;0;0;0;0;0;0;0;0;0;0;0;0;0;0;0;0;0;0;0;0;0;0;0;0;0;0;0;0;0;0;0;0;0;0;0;0;0;0;0;0;0;0;0;0;0.2;0;0.2;0;0;0;0;0;0;0;0;0;0;0;0;0;0;0;0;0;0;0;0;0;0;0;0;0;0;0;0;0;0;0;0;0;0;0;0;0;0;0;0;0;0;0;0;0;0;0;0;0;0;0;0;0;0;0;0
c2-novas-wrath;C2 - Nova's Wrath;Uterra;XXXX;forgeborn-ability;;FALSE;;;;"Give one of your creatures +4A.

If it is a <b>Minion</b>, deal 4 damage to the opposing creature.";;;;;;;0;0;0;0;0;0;0;0;0;0;0;0;0;0;0;0;0;0;0;0;0;0;0;0;0;0;0;0;0;0;0;0;1;0;0;0;0;0;0;0;0;0;0;0;0;0;0;0;0;0;0;0;0;0;0;0;0;0;0;0;0;0;0;0;0;0;0;0;0;0;1;0;1;0;0;0;0;0;0;0;0;0;0;0;0;0;0;0;0;0;0;0;0;0;0;0;0;0;0;0;0;0;0
c2-novas-touch;C2 - Nova's Touch;Uterra;XXXX;forgeborn-ability;;FALSE;;;;Choose a L1 enemy creature.  The opponent replaces it with a Wisp <b>Minion</b>.;;;;;;;0;0;0;0;0;0;0;0;0;0;0;0;0;0;0;0;0;0;0;0;0;0;0;0;0;0;0;0;0;0;0;0;0;0;0;0;0;0;0;0;0;0;0;0;0;0;0;0;0;0;0;0;0;0;0;0;0;0;0;1;0;0;0;0;0;0;0;0;0;0;0;0;0;0;0;0;0;0;0;0;0;0;0;0;0;0;0;0;0;0;0;0;0;0;0;0;0;0;0;0;0;0;0
c3-novas-wrath;C3 - Nova's Wrath;Uterra;XXXX;forgeborn-ability;;FALSE;;;;;;;"Give one of your creatures +6A.

If it is a <b>Minion</b>, it may <b>Strike</b> its opposing creature.";;;;0;0;0;0;0;0;0;0;0;0;0;0;0;0;0;0;0;0;0;0;0;0;0;0;0;0;0;0;0;0;0;0;0.9;0;0;0;0;0;0;0;0;0;0;0;0;0;0;0;0;0;0;0;0;0;0;0;0;0;0;0.9;0;0;0;0;0;0;0;0;0;0;0.9;0;0.9;0;0;0;0;0;0;0;0;0;0;0;0;0;0;0;0;0;0;0;0;0;0;0;0;0;0;0;0;0;0
c3-novas-touch;C3 - Nova's Touch;Uterra;XXXX;forgeborn-ability;;FALSE;;;;;;;Choose a L1 or L2 enemy creature.  The opponent replaces it with a Wisp <b>Minion</b>.;;;;0;0;0;0;0;0;0;0;0;0;0;0;0;0;0;0;0;0;0;0;0;0;0;0;0;0;0;0;0;0;0;0;0;0;0;0;0;0;0;0;0;0;0;0;0;0;0;0;0;0;0;0;0;0;0;0;0;0;0;0.9;0;0;0;0;0;0;0;0;0;0;0;0;0;0;0;0;0;0;0;0;0;0;0;0;0;0;0;0;0;0;0;0;0;0;0;0;0;0;0;0;0;0;0
c4-novas-wrath;C4 - Nova's Wrath;Uterra;XXXX;forgeborn-ability;;FALSE;;;;;;;;;;"Give one of your creatures +8A.

If it is a <b>Minion</b>, it may <b>Strike</b> its opposing creature.";0;0;0;0;0;0;0;0;0;0;0;0;0;0;0;0;0;0;0;0;0;0;0;0;0;0;0;0;0;0;0;0;0.2;0;0;0;0;0;0;0;0;0;0;0;0;0;0;0;0;0;0;0;0;0;0;0;0;0;0;0.2;0;0;0;0;0;0;0;0;0;0;0.2;0;0.2;0;0;0;0;0;0;0;0;0;0;0;0;0;0;0;0;0;0;0;0;0;0;0;0;0;0;0;0;0;0
c4-novas-touch;C4 - Nova's Touch;Uterra;XXXX;forgeborn-ability;;FALSE;;;;;;;;;;Choose an enemy creature.  The opponent replaces it with a Wisp <b>Minion</b>.  Creatures opposing that Wisp get <b>Breakthrough</b> this turn.;0;0;0;0;0;0;0;0;0;0;0;0;0;0;0;0;0;0;0;0;0;0;0;0;0;0;0;0;0;0;0;0;0;0;0;0;0;0;0;0;0;0;0;0;0;0;0;0;0;0;0;0;0;0;0;0;0;0;0;0.2;0;0.2;0;0;0;0;0;0;0;0;0;0;0;0;0;0;0;0;0;0;0;0;0;0;0;0;0;0;0;0;0;0;0;0;0;0;0;0;0;0;0;0;0
c2-growth-aura;C2 - Growth Aura;Uterra;XXXX;forgeborn-ability;;FALSE;;;;Give your creatures +3H.  You gain 3H.;;;;;;;0;0;0;0;0;0;0;0;0;0;0;0;0;0;0;0;0;0;0;0;0;0;0;0;0;0;0;0;0;0;0;0;0;0;0;0;0;1;0;0;0;0;0;0;0;0;0;0;0;0;0;0;0;0;0;0;0;0;0;0;0;0;0;0;0;0;0;0;0;0;0;1;0;0;0;0;0;0;0;0;0;0;0;0;0;0;0;0;0;0;0;0;0;0;0;0;0;0;0;0;0;0;0
c3-growth-aura;C3 - Growth Aura;Uterra;XXXX;forgeborn-ability;;FALSE;;;;;;;Give your creatures +4H.  You gain 4H.;;;;0;0;0;0;0;0;0;0;0;0;0;0;0;0;0;0;0;0;0;0;0;0;0;0;0;0;0;0;0;0;0;0;0;0;0;0;0;0.9;0;0;0;0;0;0;0;0;0;0;0;0;0;0;0;0;0;0;0;0;0;0;0;0;0;0;0;0;0;0;0;0;0;0.9;0;0;0;0;0;0;0;0;0;0;0;0;0;0;0;0;0;0;0;0;0;0;0;0;0;0;0;0;0;0;0
c4-growth-aura;C4 - Growth Aura;Uterra;XXXX;forgeborn-ability;;FALSE;;;;;;;;;;Give your creatures +7H. You gain 7H.;0;0;0;0;0;0;0;0;0;0;0;0;0;0;0;0;0;0;0;0;0;0;0;0;0;0;0;0;0;0;0;0;0;0;0;0;0;0.2;0;0;0;0;0;0;0;0;0;0;0;0;0;0;0;0;0;0;0;0;0;0;0;0;0;0;0;0;0;0;0;0;0;0.2;0;0;0;0;0;0;0;0;0;0;0;0;0;0;0;0;0;0;0;0;0;0;0;0;0;0;0;0;0;0;0
c2-mind-over-matter;C2 - Mind Over Matter;Alloyin;XXXX;forgeborn-ability;;FALSE;;;;Draw two cards, then put two cards from your hand on top of your deck.  Give the next creature you play 4D this turn.;;;;;;;0;0;0;0;0;0;0;0;0;0;0;0;0;0;0;0;0;0;0;0;0;0;0;0;0;0;0;0;0;0;0;0;0;0;0;0;0;0;0;0;0;0;0;0;1;0;0;0;0;0;0;0;0;0;0;0;0;0;0;0;0;0;0;0;0;0;0;0;0;0;0;0;0;0;0;0;0;0;0;0;0;0;0;0;0;0;0;0;0;0;0;0;0;0;0;0;0;0;0;0;0;0;0
c2-precognition;C2 - Precognition;Alloyin;XXXX;forgeborn-ability;;FALSE;;;;The enemy player may play a Gizmo <b>Minion</b>.  Then, you may play a card for <b>Free</b>.;;;;;;;0;0;0;0;0;0;0;0;0;0;0;0;0;0;0;0;1;0;0;0;0;0;0;0;0;0;0;0;0;0;0;1;0;0;0;1;0;0;0;0;0;0;0;0;0;0;0;0;0;1;0;0;0;0;0;0;0;0;0;0;0;0;0;0;0;0;0;0;0;1;0;0;1;0;0;0;0;0;0;0;0;0;0;0;0;0;0;0;0;0;0;0;0;0;0;0;0;0;0;0;0;0;0
c3-mind-over-matter;C3 - Mind Over Matter;Alloyin;XXXX;forgeborn-ability;;FALSE;;;;;;;Draw three cards, then put three cards from your hand on top of your deck.  Give the next creature you play 8D this turn.;;;;0;0;0;0;0;0;0;0;0;0;0;0;0;0;0;0;0;0;0;0;0;0;0;0;0;0;0;0;0;0;0;0;0;0;0;0;0;0;0;0;0;0;0;0;0.9;0;0;0;0;0;0;0;0;0;0;0;0;0;0;0;0;0;0;0;0;0;0;0;0;0;0;0;0;0;0;0;0;0;0;0;0;0;0;0;0;0;0;0;0;0;0;0;0;0;0;0;0;0;0;0;0;0;0
c3-precognition;C3 - Precognition;Alloyin;XXXX;forgeborn-ability;;FALSE;;;;;;;The enemy player may play a L1 card for <b>Free</b>.  Then, you may play a card for <b>Free</b>.;;;;0;0;0;0;0;0;0;0;0;0;0;0;0;0;0;0;0;0;0;0;0;0;0;0;0;0;0;0;0;0;0;0;0;0;0;0;0;0;0;0;0;0;0;0;0;0;0;0;0;0.9;0;0;0;0;0;0;0;0;0;0;0;0;0;0;0;0;0;0;0;0;0;0;0;0;0;0;0;0;0;0;0;0;0;0;0;0;0;0;0;0;0;0;0;0;0;0;0;0;0;0;0;0;0
c4-mind-over-matter;C4 - Mind Over Matter;Alloyin;XXXX;forgeborn-ability;;FALSE;;;;;;;;;;Draw three cards, then put four cards from your hand on top of your deck.  Give the next creature you play 12D this turn.;0;0;0;0;0;0;0;0;0;0;0;0;0;0;0;0;0;0;0;0;0;0;0;0;0;0;0;0;0;0;0;0;0;0;0;0;0;0;0;0;0;0;0;0;0.2;0;0;0;0;0;0;0;0;0;0;0;0;0;0;0;0;0;0;0;0;0;0;0;0;0;0;0;0;0;0;0;0;0;0;0;0;0;0;0;0;0;0;0;0;0;0;0;0;0;0;0;0;0;0;0;0;0;0
c4-precognition;C4 - Precognition;Alloyin;XXXX;forgeborn-ability;;FALSE;;;;;;;;;;The enemy player may play a L2 card for <b>Free</b>.  Then, you may play a card for <b>Free</b>.;0;0;0;0;0;0;0;0;0;0;0;0;0;0;0;0;0;0;0;0;0;0;0;0;0;0;0;0;0;0;0;0;0;0;0;0;0;0;0;0;0;0;0;0;0;0;0;0;0;0.2;0;0;0;0;0;0;0;0;0;0;0;0;0;0;0;0;0;0;0;0;0;0;0;0;0;0;0;0;0;0;0;0;0;0;0;0;0;0;0;0;0;0;0;0;0;0;0;0;0;0;0;0;0
c2-promote;C2 - Promote;Alloyin;XXXX;forgeborn-ability;;FALSE;;;;Give a creature 4D. You may have it <b>Battle</b> its opposing creature.;;;;;;;0;0;0;0;0;0;0;0;0;0;0;0;0;0;0;0;0;0;0;0;0;0;0;0;0;0;0;0;0;0;0;0;0;0;0;0;0;0;0;0;0;0;0;0;1;0;0;0;0;0;0;0;0;0;0;0;0;0;0;1;0;0;0;0;0;0;0;0;0;0;0;0;0;0;0;0;0;0;0;0;0;0;0;0;0;0;0;0;0;0;0;0;0;0;0;0;0;0;0;0;0;0;0
c3-promote;C3 - Promote;Alloyin;XXXX;forgeborn-ability;;FALSE;;;;;;;Give a creature 6D. You may have it <b>Battle</b> its opposing creature.;;;;0;0;0;0;0;0;0;0;0;0;0;0;0;0;0;0;0;0;0;0;0;0;0;0;0;0;0;0;0;0;0;0;0;0;0;0;0;0;0;0;0;0;0;0;0.9;0;0;0;0;0;0;0;0;0;0;0;0;0;0;0.9;0;0;0;0;0;0;0;0;0;0;0;0;0;0;0;0;0;0;0;0;0;0;0;0;0;0;0;0;0;0;0;0;0;0;0;0;0;0;0;0;0;0;0
c4-promote;C4 - Promote;Alloyin;XXXX;forgeborn-ability;;FALSE;;;;;;;;;;Give a creature 8D. You may have it <b>Battle</b> its opposing creature.;0;0;0;0;0;0;0;0;0;0;0;0;0;0;0;0;0;0;0;0;0;0;0;0;0;0;0;0;0;0;0;0;0;0;0;0;0;0;0;0;0;0;0;0;0.2;0;0;0;0;0;0;0;0;0;0;0;0;0;0;0.2;0;0;0;0;0;0;0;0;0;0;0;0;0;0;0;0;0;0;0;0;0;0;0;0;0;0;0;0;0;0;0;0;0;0;0;0;0;0;0;0;0;0;0
c2-nanotech-disruptor;C2 - Nanotech Disruptor;Alloyin;XXXX;forgeborn-ability;;FALSE;;;;When you replace a creature this turn, deal 4 damage to a creature.;;;;;;;0;0;0;0;0;0;0;0;0;0;0;0;0;0;0;0;0;0;0;0;0;0;0;0;0;0;0;0;0;0;0;0;0;0;0;0;1;0;0;0;0;0;0;0;0;0;0;0;0;0;0;0;0;0;0;0;0;0;0;1;0;0;0;0;0;0;0;0;0;0;0;0;0;0;0;0;0;0;0;0;0;0;0;0;0;0;0;0;0;0;0;0;0;0;0;0;0;0;0;0;0;0;0
c3-nanotech-disruptor;C3 - Nanotech Disruptor;Alloyin;XXXX;forgeborn-ability;;FALSE;;;;;;;When you replace a creature this turn, deal 6 damage to a creature.;;;;0;0;0;0;0;0;0;0;0;0;0;0;0;0;0;0;0;0;0;0;0;0;0;0;0;0;0;0;0;0;0;0;0;0;0;0;0.9;0;0;0;0;0;0;0;0;0;0;0;0;0;0;0;0;0;0;0;0;0;0;0.9;0;0;0;0;0;0;0;0;0;0;0;0;0;0;0;0;0;0;0;0;0;0;0;0;0;0;0;0;0;0;0;0;0;0;0;0;0;0;0;0;0;0;0
c4-nanotech-disruptor;C4 - Nanotech Disruptor;Alloyin;XXXX;forgeborn-ability;;FALSE;;;;;;;;;;When you replace a creature this turn, deal 9 damage to a creature.;0;0;0;0;0;0;0;0;0;0;0;0;0;0;0;0;0;0;0;0;0;0;0;0;0;0;0;0;0;0;0;0;0;0;0;0;0.2;0;0;0;0;0;0;0;0;0;0;0;0;0;0;0;0;0;0;0;0;0;0;0.2;0;0;0;0;0;0;0;0;0;0;0;0;0;0;0;0;0;0;0;0;0;0;0;0;0;0;0;0;0;0;0;0;0;0;0;0;0;0;0;0;0;0;0
c2-shadowcast;C2 - Shadowcast;Nekrium;XXXX;forgeborn-ability;;FALSE;;;;Give a creature +3A. This turn, it gets <b>Stealth</b>.;;;;;;;0;0;0;0;0;0;0;0;0;0;0;0;0;0;0;0;0;0;0;0;0;0;0;0;0;0;0;0;0;0;0;0;0;0;0;0;0;0;0;0;0;0;0;0;0;0;0;0;0;0;0;0;0;0;0;0;0;0;0;0;0;0;0;0;0;0;0;0;1;0;1;0;1;0;0;0;0;0;0;0;0;0;0;0;0;0;0;0;0;0;0;0;0;0;0;0;0;0;0;0;0;0;0
c3-shadowcast;C3 - Shadowcast;Nekrium;XXXX;forgeborn-ability;;FALSE;;;;;;;Give a creature +5A. This turn, it gets <b>Stealth</b>.;;;;0;0;0;0;0;0;0;0;0;0;0;0;0;0;0;0;0;0;0;0;0;0;0;0;0;0;0;0;0;0;0;0;0;0;0;0;0;0;0;0;0;0;0;0;0;0;0;0;0;0;0;0;0;0;0;0;0;0;0;0;0;0;0;0;0;0;0;0;0.9;0;0.9;0;0.9;0;0;0;0;0;0;0;0;0;0;0;0;0;0;0;0;0;0;0;0;0;0;0;0;0;0;0;0;0;0
c4-shadowcast;C4 - Shadowcast;Nekrium;XXXX;forgeborn-ability;;FALSE;;;;;;;;;;Give a creature +8A. This turn, it gets <b>Stealth</b>.;0;0;0;0;0;0;0;0;0;0;0;0;0;0;0;0;0;0;0;0;0;0;0;0;0;0;0;0;0;0;0;0;0;0;0;0;0;0;0;0;0;0;0;0;0;0;0;0;0;0;0;0;0;0;0;0;0;0;0;0;0;0;0;0;0;0;0;0;0.2;0;0.2;0;0.2;0;0;0;0;0;0;0;0;0;0;0;0;0;0;0;0;0;0;0;0;0;0;0;0;0;0;0;0;0;0
c2-dark-ritual;C2 - Dark Ritual;Nekrium;XXXX;forgeborn-ability;;FALSE;;;;Destroy one of your creatures to give a creature -5A,-5H.;;;;;;;0;0;0;0;0;0;0;0;0;0;0;0;0;0;0;0;0;0;0;0;0;0;0;0;0;0;0;0;0;0;0;0;0;0;0;0;0;0;0;0;0;0;0;0;0;0;0;0;0;0;0;0;0;0;0;0;0;0;0;1;0;0;0;0;0;0;0;0;0;0;0;0;0;0;1;0;0;0;0;0;1;0;0;0;0;0;0;0;0;0;0;0;0;0;0;0;0;0;0;0;0;0;0
c2-endless-death;C2 - Endless Death;Nekrium;XXXX;forgeborn-ability;;FALSE;;;;"Your creatures get ""When this is destroyed, you may play a Mindless Zombie <b>Minion</b>."" this turn.";;;;;;;0;0;0;0;0;0;0;0;0;0;0;0;0;0;0;0;0;0;0;0;0;0;0;0;0;0;0;0;0;1;0;1;0;0;0;0;0;0;0;0;0;0;0;0;0;0;0;0;0;0;0;0;0;0;0;0;0;0;0;0;0;0;0;0;0;0;0;0;0;0;0;0;0;0;0;0;0;0;1;0;0;0;1;0;0;0;0;0;0;0;0;0;0;0;0;0;0;0;0;0;0;0;0
c3-dark-ritual;C3 - Dark Ritual;Nekrium;XXXX;forgeborn-ability;;FALSE;;;;;;;Destroy one of your creatures to give a creature -7A,-7H.;;;;0;0;0;0;0;0;0;0;0;0;0;0;0;0;0;0;0;0;0;0;0;0;0;0;0;0;0;0;0;0;0;0;0;0;0;0;0;0;0;0;0;0;0;0;0;0;0;0;0;0;0;0;0;0;0;0;0;0;0;0.9;0;0;0;0;0;0;0;0;0;0;0;0;0;0;0.9;0;0;0;0;0;0.9;0;0;0;0;0;0;0;0;0;0;0;0;0;0;0;0;0;0;0;0;0;0
c3-endless-death;C3 - Endless Death;Nekrium;XXXX;forgeborn-ability;;FALSE;;;;;;;"Your creatures get ""When this is destroyed, you may play a Zombie Brute <b>Minion</b>."" this turn.";;;;0;0;0;0;0;0;0;0;0;0;0;0;0;0;0;0;0;0;0;0;0;0;0;0;0;0;0;0;0;0.9;0;0.9;0;0;0;0;0;0;0;0;0;0;0;0;0;0;0;0;0;0;0;0;0;0;0;0;0;0;0;0;0;0;0;0;0;0;0;0;0;0;0;0;0;0;0;0;0;0;0.9;0;0;0;0.9;0;0;0;0;0;0;0;0;0;0;0;0;0;0;0;0;0;0;0;0
c4-dark-ritual;C4 - Dark Ritual;Nekrium;XXXX;forgeborn-ability;;FALSE;;;;;;;;;;Destroy one of your creatures to give a creature -10A,-10H.;0;0;0;0;0;0;0;0;0;0;0;0;0;0;0;0;0;0;0;0;0;0;0;0;0;0;0;0;0;0;0;0;0;0;0;0;0;0;0;0;0;0;0;0;0;0;0;0;0;0;0;0;0;0;0;0;0;0;0;0.2;0;0;0;0;0;0;0;0;0;0;0;0;0;0;0.2;0;0;0;0;0;0.2;0;0;0;0;0;0;0;0;0;0;0;0;0;0;0;0;0;0;0;0;0;0
c4-endless-death;C4 - Endless Death;Nekrium;XXXX;forgeborn-ability;;FALSE;;;;;;;;;;"Your creatures get ""When this is destroyed, you may play a Oakfather <b>Minion</b>."" this turn.";0;0;0;0;0;0;0;0;0;0;0;0;0;0;0.2;0;0;0;0;0;0;0.2;0;0;0;0;0;0;0;0;0;0.2;0;0;0;0;0;0;0;0;0;0;0;0;0;0;0;0;0;0;0;0;0;0;0;0;0;0;0;0;0.2;0;0;0;0;0;0;0;0;0;0;0;0;0;0;0;0;0;0.2;0;0;0;0.2;0;0;0;0;0;0;0;0;0;0;0;0;0;0;0;0;0;0;0;0
c2-earthen-fists;C2 - Earthen Fists;Tempys;XXXX;forgeborn-ability;;FALSE;;;;Give one of your creatures +4A.  You may have it <b>Battle</b> an enemy creature.;;;;;;;0;0;0;0;0;0;0;0;0;0;0;0;0;0;0;0;0;0;0;0;0;0;0;0;0;0;0;0;0;0;0;0;0;0;0;0;0;0;0;0;0;0;0;0;0;0;0;0;0;0;0;0;0;0;0;0;0;0;0;1;0;0;0;0;0;0;0;0;0;0;1;0;1;0;0;0;0;0;0;0;0;0;0;0;0;0;0;0;0;0;0;0;0;0;0;0;0;0;0;0;0;0;0
c3-earthen-fists;C3 - Earthen Fists;Tempys;XXXX;forgeborn-ability;;FALSE;;;;;;;Give one of your creatures +6A.  You may have it <b>Battle</b> an enemy creature.;;;;0;0;0;0;0;0;0;0;0;0;0;0;0;0;0;0;0;0;0;0;0;0;0;0;0;0;0;0;0;0;0;0;0;0;0;0;0;0;0;0;0;0;0;0;0;0;0;0;0;0;0;0;0;0;0;0;0;0;0;0.9;0;0;0;0;0;0;0;0;0;0;0.9;0;0.9;0;0;0;0;0;0;0;0;0;0;0;0;0;0;0;0;0;0;0;0;0;0;0;0;0;0;0;0;0;0
c4-earthen-fists;C4 - Earthen Fists;Tempys;XXXX;forgeborn-ability;;FALSE;;;;;;;;;;Give one of your creatures +8A.  You may have it <b>Battle</b> an enemy creature.;0;0;0;0;0;0;0;0;0;0;0;0;0;0;0;0;0;0;0;0;0;0;0;0;0;0;0;0;0;0;0;0;0;0;0;0;0;0;0;0;0;0;0;0;0;0;0;0;0;0;0;0;0;0;0;0;0;0;0;0.2;0;0;0;0;0;0;0;0;0;0;0.2;0;0.2;0;0;0;0;0;0;0;0;0;0;0;0;0;0;0;0;0;0;0;0;0;0;0;0;0;0;0;0;0;0
c2-gale-surge;C2 - Gale Surge;Tempys;XXXX;forgeborn-ability;;FALSE;;;;Give your creatures +2A. This turn, they get <b>Mobility</b> 1.;;;;;;;0;0;0;0;0;0;0;0;0;0;0;0;0;0;0;0;0;0;0;0;0;0;0;0;0;0;0;0;0;0;0;0;0;0;0;0;0;0;0;0;1;0;0;0;0;0;0;0;0;0;0;0;0;0;0;0;0;0;0;0;0;0;0;0;0;0;0;0;0;0;1;0;1;0;0;0;0;0;0;0;0;0;0;0;0;0;0;0;0;0;0;0;0;0;0;0;0;0;0;0;0;0;0
c2-frost-blast;C2 - Frost Blast;Tempys;XXXX;forgeborn-ability;;FALSE;;;;Deal 2 damage to each enemy creature.;;;;;;;0;0;0;0;0;0;0;0;0;0;0;0;0;0;0;0;0;0;0;0;0;0;0;0;0;0;0;0;0;0;0;0;0;0;0;0;0;0;0;0;0;0;0;0;0;0;0;0;0;0;0;0;0;0;0;0;0;0;0;1;0;0;0;0;0;0;0;0;0;0;0;0;0;0;0;0;0;0;0;0;0;0;0;0;0;0;0;0;0;0;0;0;0;0;0;0;0;0;0;0;0;0;0
c3-gale-surge;C3 - Gale Surge;Tempys;XXXX;forgeborn-ability;;FALSE;;;;;;;Give your creatures +3A. This turn, they get <b>Mobility</b> 2.;;;;0;0;0;0;0;0;0;0;0;0;0;0;0;0;0;0;0;0;0;0;0;0;0;0;0;0;0;0;0;0;0;0;0;0;0;0;0;0;0;0;0.9;0;0;0;0;0;0;0;0;0;0;0;0;0;0;0;0;0;0;0;0;0;0;0;0;0;0;0;0;0;0.9;0;0.9;0;0;0;0;0;0;0;0;0;0;0;0;0;0;0;0;0;0;0;0;0;0;0;0;0;0;0;0;0;0
c3-frost-blast;C3 - Frost Blast;Tempys;XXXX;forgeborn-ability;;FALSE;;;;;;;Deal 4 damage to each enemy creature.;;;;0;0;0;0;0;0;0;0;0;0;0;0;0;0;0;0;0;0;0;0;0;0;0;0;0;0;0;0;0;0;0;0;0;0;0;0;0;0;0;0;0;0;0;0;0;0;0;0;0;0;0;0;0;0;0;0;0;0;0;0.9;0;0;0;0;0;0;0;0;0;0;0;0;0;0;0;0;0;0;0;0;0;0;0;0;0;0;0;0;0;0;0;0;0;0;0;0;0;0;0;0;0;0;0
c4-gale-surge;C4 - Gale Surge;Tempys;XXXX;forgeborn-ability;;FALSE;;;;;;;;;;Give your creatures +4A. This turn, they get <b>Mobility</b> 4.;0;0;0;0;0;0;0;0;0;0;0;0;0;0;0;0;0;0;0;0;0;0;0;0;0;0;0;0;0;0;0;0;0;0;0;0;0;0;0;0;0.2;0;0;0;0;0;0;0;0;0;0;0;0;0;0;0;0;0;0;0;0;0;0;0;0;0;0;0;0;0;0.2;0;0.2;0;0;0;0;0;0;0;0;0;0;0;0;0;0;0;0;0;0;0;0;0;0;0;0;0;0;0;0;0;0
c4-frost-blast;C4 - Frost Blast;Tempys;XXXX;forgeborn-ability;;FALSE;;;;;;;;;;Deal 6 damage to each enemy creature.;0;0;0;0;0;0;0;0;0;0;0;0;0;0;0;0;0;0;0;0;0;0;0;0;0;0;0;0;0;0;0;0;0;0;0;0;0;0;0;0;0;0;0;0;0;0;0;0;0;0;0;0;0;0;0;0;0;0;0;0.2;0;0;0;0;0;0;0;0;0;0;0;0;0;0;0;0;0;0;0;0;0;0;0;0;0;0;0;0;0;0;0;0;0;0;0;0;0;0;0;0;0;0;0
c2-novas-judgement;C2 - Nova's Judgement;Uterra;XXXX;forgeborn-ability;;FALSE;;;;Give one of your creatures +4H. Then, give its opposing creature -4H.;;;;;;;0;0;0;0;0;0;0;0;0;0;0;0;0;0;0;0;0;0;0;0;0;0;0;0;0;0;0;0;0;0;0;0;0;0;0;0;0;0;0;0;0;0;0;0;0;0;0;0;0;0;0;0;0;0;0;0;0;0;0;1;0;0;0;0;0;0;0;0;0;0;0;1;0;0;0;0;0;0;0;0;0;0;0;0;0;0;0;0;0;0;0;0;0;0;0;0;0;0;0;0;0;0;0
c3-novas-judgement;C3 - Nova's Judgement;Uterra;XXXX;forgeborn-ability;;FALSE;;;;;;;Give one of your creatures +7H. Then, give its opposing creature -7H.;;;;0;0;0;0;0;0;0;0;0;0;0;0;0;0;0;0;0;0;0;0;0;0;0;0;0;0;0;0;0;0;0;0;0;0;0;0;0;0;0;0;0;0;0;0;0;0;0;0;0;0;0;0;0;0;0;0;0;0;0;0.9;0;0;0;0;0;0;0;0;0;0;0;0.9;0;0;0;0;0;0;0;0;0;0;0;0;0;0;0;0;0;0;0;0;0;0;0;0;0;0;0;0;0;0;0
c4-novas-judgement;C4 - Nova's Judgement;Uterra;XXXX;forgeborn-ability;;FALSE;;;;;;;;;;Give one of your creatures +10H. Then, give its opposing creature -10H.;0;0;0;0;0;0;0;0;0;0;0;0;0;0;0;0;0;0;0;0;0;0;0;0;0;0;0;0;0;0;0;0;0;0;0;0;0;0;0;0;0;0;0;0;0;0;0;0;0;0;0;0;0;0;0;0;0;0;0;0.2;0;0;0;0;0;0;0;0;0;0;0;0.2;0;0;0;0;0;0;0;0;0;0;0;0;0;0;0;0;0;0;0;0;0;0;0;0;0;0;0;0;0;0;0
c2-spell-surge;C2 - Spell Surge;Uterra;XXXX;forgeborn-ability;;FALSE;;;;Give a creature +2A and an additional +2A for each spell you've played this turn.;;;;;;;0;0;0;0;0;0;0;0;0;0;0;0;0;0;0;0;0;0;0;0;0;0;0;0;0;0;0;0;0;0;0;0;0;1;0;0;0;0;0;0;0;0;0;0;0;0;0;0;0;0;0;0;0;0;0;0;0;0;0;0;0;0;0;0;0;0;0;0;0;0;1;0;1;0;0;0;0;0;0;0;0;0;0;0;0;0;0;0;0;0;0;0;0;0;0;0;0;0;0;0;0;0;0
c2-spirit-bond;C2 - Spirit Bond;Uterra;XXXX;forgeborn-ability;;FALSE;;;;Give a creature +4H and a creature adjacent to it +4H.;;;;;;;0;0;0;0;0;0;0;0;0;0;0;0;0;0;0;0;0;0;0;0;0;0;0;0;0;0;0;0;0;0;0;0;0;0;0;0;0;0;0;0;0;0;0;0;0;0;0;0;0;0;0;0;0;0;0;0;0;0;0;0;0;0;0;0;0;0;0;0;0;0;0;1;0;0;0;0;0;0;0;0;0;0;0;0;0;0;0;0;0;0;0;0;0;0;0;0;0;0;0;0;0;0;0
c3-spell-surge;C3 - Spell Surge;Uterra;XXXX;forgeborn-ability;;FALSE;;;;;;;Give a creature +4A and an additional +4A for each spell you've played this turn.;;;;0;0;0;0;0;0;0;0;0;0;0;0;0;0;0;0;0;0;0;0;0;0;0;0;0;0;0;0;0;0;0;0;0;0.9;0;0;0;0;0;0;0;0;0;0;0;0;0;0;0;0;0;0;0;0;0;0;0;0;0;0;0;0;0;0;0;0;0;0;0;0;0.9;0;0.9;0;0;0;0;0;0;0;0;0;0;0;0;0;0;0;0;0;0;0;0;0;0;0;0;0;0;0;0;0;0
c3-spirit-bond;C3 - Spirit Bond;Uterra;XXXX;forgeborn-ability;;FALSE;;;;;;;Give a creature +7H and a creature adjacent to it +7H.;;;;0;0;0;0;0;0;0;0;0;0;0;0;0;0;0;0;0;0;0;0;0;0;0;0;0;0;0;0;0;0;0;0;0;0;0;0;0;0;0;0;0;0;0;0;0;0;0;0;0;0;0;0;0;0;0;0;0;0;0;0;0;0;0;0;0;0;0;0;0;0;0;0.9;0;0;0;0;0;0;0;0;0;0;0;0;0;0;0;0;0;0;0;0;0;0;0;0;0;0;0;0;0;0;0
c4-spell-surge;C4 - Spell Surge;Uterra;XXXX;forgeborn-ability;;FALSE;;;;;;;;;;Give a creature +7A and an additional +7A for each spell you've played this turn.;0;0;0;0;0;0;0;0;0;0;0;0;0;0;0;0;0;0;0;0;0;0;0;0;0;0;0;0;0;0;0;0;0;0.2;0;0;0;0;0;0;0;0;0;0;0;0;0;0;0;0;0;0;0;0;0;0;0;0;0;0;0;0;0;0;0;0;0;0;0;0;0.2;0;0.2;0;0;0;0;0;0;0;0;0;0;0;0;0;0;0;0;0;0;0;0;0;0;0;0;0;0;0;0;0;0
c4-spirit-bond;C4 - Spirit Bond;Uterra;XXXX;forgeborn-ability;;FALSE;;;;;;;;;;Give a creature +10H and a creature adjacent to it +10H.;0;0;0;0;0;0;0;0;0;0;0;0;0;0;0;0;0;0;0;0;0;0;0;0;0;0;0;0;0;0;0;0;0;0;0;0;0;0;0;0;0;0;0;0;0;0;0;0;0;0;0;0;0;0;0;0;0;0;0;0;0;0;0;0;0;0;0;0;0;0;0;0.2;0;0;0;0;0;0;0;0;0;0;0;0;0;0;0;0;0;0;0;0;0;0;0;0;0;0;0;0;0;0;0
c2-unify;C2 - Unify;Alloyin;XXXX;forgeborn-ability;;FALSE;;;;Give a creature +2A,+2H.  If it is in a lane with one of your Exalts, you may set another of your creature's A or H equal to the previous creature's A or H.;;;;;;;0;0;0;0;0;0;0;0;0;0;0;0;0;0;0;0;0;0;0;0;0;0;0;0;0;0;0;0;0;0;0;0;0;0;0;0;0;0;0;0;0;0;0;0;0;0;0;0;0;0;0;0;0;0;0;0;0;0;0;0;0;0;0;0;0;0;0;0;0;1;1;1;1;0;0;0;0;0;0;0;0;0;0;0;0;0;1;0;0;0;0;0;0;0;0;0;0;0;0;0;0;0;0
c2-determined-choice;C2 - Determined Choice;Alloyin;XXXX;forgeborn-ability;;FALSE;;;;Look at an enemy player's hand and choose a card.  The enemy player must play that card as their next action this turn if able.;;;;;;;0;0;0;0;0;0;0;0;0;0;0;0;0;0;0;0;0;0;0;0;0;0;0;0;0;0;0;0;0;0;0;0;0;0;0;0;0;0;0;0;0;0;0;0;0;0;0;0;0;0;0;0;0;0;0;0;0;0;0;0;0;0;0;0;0;0;0;0;0;0;0;0;0;0;0;0;0;0;0;0;0;0;0;0;0;0;0;0;0;0;0;0;0;1;0;0;0;0;0;0;0;0.5;0
c2-mind-wipe;C2 - Mind Wipe;Alloyin;XXXX;forgeborn-ability;;FALSE;;;;You may give a creature -3A.  This turn, it loses all printed abilities and gain <b>Defender</b>.;;;;;;;0;0;0;0;0;0;0;0;0;0;0;0;0;0;0;0;0;0;0;0;0;0;0;0;0;0;0;0;0;0;0;0;0;0;0;0;0;0;0;0;0;0;0;0;0;0;0;0;0;0;0;0;0;0;0;0;0;0;0;0;0;0;0;0;0;0;0;0;0;0;0;0;0;0;0;1;0;0;0;0;0;0;0;0;1;0;0;0;0;0;0;0;0;0;0;0;0;0;0;0;0;0;0
c3-unify;C3 - Unify;Alloyin;XXXX;forgeborn-ability;;FALSE;;;;;;;Give a creature +3A,+3H.  If it is in a lane with one of your Exalts, you may set another of your creature's A or H equal to the previous creature's A or H.;;;;0;0;0;0;0;0;0;0;0;0;0;0;0;0;0;0;0;0;0;0;0;0;0;0;0;0;0;0;0;0;0;0;0;0;0;0;0;0;0;0;0;0;0;0;0;0;0;0;0;0;0;0;0;0;0;0;0;0;0;0;0;0;0;0;0;0;0;0;0;0.9;0.9;0.9;0.9;0;0;0;0;0;0;0;0;0;0;0;0;0;0.9;0;0;0;0;0;0;0;0;0;0;0;0;0;0;0;0
c3-determined-choice;C3 - Determined Choice;Alloyin;XXXX;forgeborn-ability;;FALSE;;;;;;;Look at an enemy player's hand and choose a card.  The enemy player must play that card as their next action this turn if able.;;;;0;0;0;0;0;0;0;0;0;0;0;0;0;0;0;0;0;0;0;0;0;0;0;0;0;0;0;0;0;0;0;0;0;0;0;0;0;0;0;0;0;0;0;0;0;0;0;0;0;0;0;0;0;0;0;0;0;0;0;0;0;0;0;0;0;0;0;0;0;0;0;0;0;0;0;0;0;0;0;0;0;0;0;0;0;0;0;0;0;0;0;0;0;0.9;0;0;0;0;0;0;0;0.5;0
c3-mind-wipe;C3 - Mind Wipe;Alloyin;XXXX;forgeborn-ability;;FALSE;;;;;;;You may give up to two creatures -3A.  This turn, they lose all printed abilities and gain <b>Defender</b>.;;;;0;0;0;0;0;0;0;0;0;0;0;0;0;0;0;0;0;0;0;0;0;0;0;0;0;0;0;0;0;0;0;0;0;0;0;0;0;0;0;0;0;0;0;0;0;0;0;0;0;0;0;0;0;0;0;0;0;0;0;0;0;0;0;0;0;0;0;0;0;0;0;0;0;0;0;0.9;0;0;0;0;0;0;0;0;0.9;0;0;0;0;0;0;0;0;0;0;0;0;0;0;0;0;0;0
c4-unify;C4 - Unify;Alloyin;XXXX;forgeborn-ability;;FALSE;;;;;;;;;;Give a creature +5A,+5H.  If it is in a lane with one of your Exalts, you may set another of your creature's A or H equal to the previous creature's A or H.;0;0;0;0;0;0;0;0;0;0;0;0;0;0;0;0;0;0;0;0;0;0;0;0;0;0;0;0;0;0;0;0;0;0;0;0;0;0;0;0;0;0;0;0;0;0;0;0;0;0;0;0;0;0;0;0;0;0;0;0;0;0;0;0;0;0;0;0;0;0.2;0.2;0.2;0.2;0;0;0;0;0;0;0;0;0;0;0;0;0;0.2;0;0;0;0;0;0;0;0;0;0;0;0;0;0;0;0
c4-determined-choice;C4 - Determined Choice;Alloyin;XXXX;forgeborn-ability;;FALSE;;;;;;;;;;Look at an enemy player's hand and choose a card.  The enemy player must play that card as their next action this turn if able.;0;0;0;0;0;0;0;0;0;0;0;0;0;0;0;0;0;0;0;0;0;0;0;0;0;0;0;0;0;0;0;0;0;0;0;0;0;0;0;0;0;0;0;0;0;0;0;0;0;0;0;0;0;0;0;0;0;0;0;0;0;0;0;0;0;0;0;0;0;0;0;0;0;0;0;0;0;0;0;0;0;0;0;0;0;0;0;0;0;0;0;0;0;0.2;0;0;0;0;0;0;0;0.5;0
c4-mind-wipe;C4 - Mind Wipe;Alloyin;XXXX;forgeborn-ability;;FALSE;;;;;;;;;;You may give each enemy creature -3A.  This turn, they lose all printed abilities and gain <b>Defender</b>.;0;0;0;0;0;0;0;0;0;0;0;0;0;0;0;0;0;0;0;0;0;0;0;0;0;0;0;0;0;0;0;0;0;0;0;0;0;0;0;0;0;0;0;0;0;0;0;0;0;0;0;0;0;0;0;0;0;0;0;0;0;0;0;0;0;0;0;0;0;0;0;0;0;0;0;0.2;0;0;0;0;0;0;0;0;0.2;0;0;0;0;0;0;0;0;0;0;0;0;0;0;0;0;0;0
c2-iron-might;C2 - Iron Might;Alloyin;XXXX;forgeborn-ability;;FALSE;;;;Give a creature +5A.  If it is in a lane with one of your Exalts, you may give it 5D this turn.;;;;;;;0;0;0;0;0;0;0;0;0;0;0;0;0;0;0;0;0;0;0;0;0;0;0;0;0;0;0;0;0;0;0;0;0;0;0;0;0;0;0;0;0;0;0;0;1;0;0;0;0;0;0;0;0;0;0;0;0;0;0;0;0;0;0;0;0;0;0;0;0;0;1;0;1;0;0;0;0;0;0;0;0;0;0;0;0;0;1;0;0;0;0;0;0;0;0;0;0;0;0;0;0;0;0
c2-shield-slam;C2 - Shield Slam;Alloyin;XXXX;forgeborn-ability;;FALSE;;;;Give each of your creatures 1D this turn.  You may deal 1 damage to an enemy creature for each D on your creatures.;;;;;;;0;0;0;0;0;0;0;0;0;0;0;0;0;0;0;0;0;0;0;0;0;0;0;0;0;0;0;0;0;0;0;0;0;0;0;0;0;0;0;0;0;0;0;0;1;1;0;0;0;0;0;0;0;0;0;0;0;0;0;1;0;0;0;0;0;0;0;0;0;0;0;0;0;0;0;0;0;0;0;0;0;0;0;0;0;0;0;0;0;0;0;0;0;0;0;0;0;0;0;0;0;0;0
c3-iron-might;C3 - Iron Might;Alloyin;XXXX;forgeborn-ability;;FALSE;;;;;;;Give a creature +7A.  If it is in a lane with one of your Exalts, you may give it 7D this turn.;;;;0;0;0;0;0;0;0;0;0;0;0;0;0;0;0;0;0;0;0;0;0;0;0;0;0;0;0;0;0;0;0;0;0;0;0;0;0;0;0;0;0;0;0;0;0.9;0;0;0;0;0;0;0;0;0;0;0;0;0;0;0;0;0;0;0;0;0;0;0;0;0;0.9;0;0.9;0;0;0;0;0;0;0;0;0;0;0;0;0;0.9;0;0;0;0;0;0;0;0;0;0;0;0;0;0;0;0
c3-shield-slam;C3 - Shield Slam;Alloyin;XXXX;forgeborn-ability;;FALSE;;;;;;;Give each of your creatures 2D this turn.  You may deal 1 damage to an enemy creature for each D on your creatures.;;;;0;0;0;0;0;0;0;0;0;0;0;0;0;0;0;0;0;0;0;0;0;0;0;0;0;0;0;0;0;0;0;0;0;0;0;0;0;0;0;0;0;0;0;0;0.9;0.9;0;0;0;0;0;0;0;0;0;0;0;0;0;0.9;0;0;0;0;0;0;0;0;0;0;0;0;0;0;0;0;0;0;0;0;0;0;0;0;0;0;0;0;0;0;0;0;0;0;0;0;0;0;0;0;0;0;0
c4-iron-might;C4 - Iron Might;Alloyin;XXXX;forgeborn-ability;;FALSE;;;;;;;;;;Give a creature +7A.  If it is in a lane with one of your Exalts, you may give it 7D this turn.;0;0;0;0;0;0;0;0;0;0;0;0;0;0;0;0;0;0;0;0;0;0;0;0;0;0;0;0;0;0;0;0;0;0;0;0;0;0;0;0;0;0;0;0;0.2;0;0;0;0;0;0;0;0;0;0;0;0;0;0;0;0;0;0;0;0;0;0;0;0;0;0.2;0;0.2;0;0;0;0;0;0;0;0;0;0;0;0;0;0.2;0;0;0;0;0;0;0;0;0;0;0;0;0;0;0;0
c4-shield-slam;C4 - Shield Slam;Alloyin;XXXX;forgeborn-ability;;FALSE;;;;;;;;;;Give each of your creatures 3D this turn.  You may deal 1 damage to an enemy creature for each D on your creatures.;0;0;0;0;0;0;0;0;0;0;0;0;0;0;0;0;0;0;0;0;0;0;0;0;0;0;0;0;0;0;0;0;0;0;0;0;0;0;0;0;0;0;0;0;0.2;0.2;0;0;0;0;0;0;0;0;0;0;0;0;0;0.2;0;0;0;0;0;0;0;0;0;0;0;0;0;0;0;0;0;0;0;0;0;0;0;0;0;0;0;0;0;0;0;0;0;0;0;0;0;0;0;0;0;0;0
c2-flight-modification;C2 - Flight Modification;Alloyin;XXXX;forgeborn-ability;;FALSE;;;;Give a creature +4A.  This turn, it gets <b>Mobility</b> 1.;;;;;;;0;0;0;0;0;0;0;0;0;0;0;0;0;0;0;0;0;0;0;0;0;0;0;0;0;0;0;0;0;0;0;0;0;0;0;0;0;0;0;0;1;0;0;0;0;0;0;0;0;0;0;0;0;0;0;0;0;0;0;0;0;0;0;0;0;0;0;0;0;0;1;0;1;0;0;0;0;0;0;0;0;0;0;0;0;0;0;0;0;0;0;0;0;0;0;0;0;0;0;0;0;0;0
c2-boost;C2 - Boost;Alloyin;XXXX;forgeborn-ability;;FALSE;;;;"Choose one:
* Play a Gizmo <b>Minion</b>.
* Play a L1 creature in a lane with one of your <b>Exalts</b> for <b>Free</b>.";;;;;;;0;0;0;0;0;0;0;0;0;0;0;0;0;0;0;0;1;0;0;0;0;0;0;0;0;0;0;0;0;0;0;1;0;0;0;1;0;0;0;0;0;0;0;0;0;0;0;0;0;1;0;0;0;0;0;0;0;0;0;0;0;0;0;0;0;0;0;0;0;1;0;0;1;0;0;0;0;0;0;0;0;0;0;0;0;0;1;0;0;0;0;0;0;0;0;0;0;0;0;0;0;0;0
c2-augment;C2 - Augment;Alloyin;XXXX;forgeborn-ability;;FALSE;;;;Give one of you creatures +2A,+2H.  You may repeat one of its <b>Deploy</b> abilities.;;;;;;;0;0;0;0;0;0;0;0;0;0;0;0;0;0;0;0;0;0;0;0;0;0;0;0;0;0;0;0;0;0;0;0;0;0;0;0;0;0;0;0;0;0;0;0;0;0;0;0;0;0;0;0;0;0;0;0;0;0;0;0;0;0;0;0;0;0;0;0;0;1;0;0;1;0;0;0;0;0;0;0;0;0;0;0;0;0;0;0;0;0;0;1;0;0;0;0;0;0;0;0;0;0;0
c3-flight-modification;C3 - Flight Modification;Alloyin;XXXX;forgeborn-ability;;FALSE;;;;;;;Give a creature +6A.  This turn, it gets <b>Mobility</b> 2.;;;;0;0;0;0;0;0;0;0;0;0;0;0;0;0;0;0;0;0;0;0;0;0;0;0;0;0;0;0;0;0;0;0;0;0;0;0;0;0;0;0;0.9;0;0;0;0;0;0;0;0;0;0;0;0;0;0;0;0;0;0;0;0;0;0;0;0;0;0;0;0;0;0.9;0;0.9;0;0;0;0;0;0;0;0;0;0;0;0;0;0;0;0;0;0;0;0;0;0;0;0;0;0;0;0;0;0
c3-boost;C3 - Boost;Alloyin;XXXX;forgeborn-ability;;FALSE;;;;;;;"Choose one:
* Play two Gizmo <b>Minions</b>.
* Play a L1 or L2 creature in a lane with one of your <b>Exalts</b> for <b>Free</b>.";;;;0;0;0;0;0;0;0;0;0;0;0;0;0;0;0;0;0.9;0;0;0;0;0;0;0;0;0;0;0;0;0;0;0.9;0;0;0;0.9;0;0;0;0;0;0;0;0;0;0;0;0;0;0.9;0;0;0;0;0;0;0;0;0;0;0;0;0;0;0;0;0;0;0;0.9;0;0;0.9;0;0;0;0;0;0;0;0;0;0;0;0;0;0.9;0;0;0;0;0;0;0;0;0;0;0;0;0;0;0;0
c3-augment;C3 - Augment;Alloyin;XXXX;forgeborn-ability;;FALSE;;;;;;;Give one of you creatures +3A,+3H.  You may repeat one of its <b>Deploy</b> abilities.;;;;0;0;0;0;0;0;0;0;0;0;0;0;0;0;0;0;0;0;0;0;0;0;0;0;0;0;0;0;0;0;0;0;0;0;0;0;0;0;0;0;0;0;0;0;0;0;0;0;0;0;0;0;0;0;0;0;0;0;0;0;0;0;0;0;0;0;0;0;0;0.9;0;0;0.9;0;0;0;0;0;0;0;0;0;0;0;0;0;0;0;0;0;0;0.9;0;0;0;0;0;0;0;0;0;0;0
c4-flight-modification;C4 - Flight Modification;Alloyin;XXXX;forgeborn-ability;;FALSE;;;;;;;;;;Give a creature +8A.  This turn, it gets <b>Mobility</b> 3.;0;0;0;0;0;0;0;0;0;0;0;0;0;0;0;0;0;0;0;0;0;0;0;0;0;0;0;0;0;0;0;0;0;0;0;0;0;0;0;0;0.2;0;0;0;0;0;0;0;0;0;0;0;0;0;0;0;0;0;0;0;0;0;0;0;0;0;0;0;0;0;0.2;0;0.2;0;0;0;0;0;0;0;0;0;0;0;0;0;0;0;0;0;0;0;0;0;0;0;0;0;0;0;0;0;0
c4-boost;C4 - Boost;Alloyin;XXXX;forgeborn-ability;;FALSE;;;;;;;;;;"Choose one:
* Play a Mega Gizmo <b>Minion</b>.
* Play a creature in a lane with one of your <b>Exalts</b> for <b>Free</b>.";0;0;0;0;0;0;0;0;0;0;0;0;0;0;0;0;0.2;0;0;0;0;0;0;0;0;0;0;0;0;0;0;0.2;0;0;0;0.2;0;0;0;0;0;0;0;0;0;0;0;0;0;0.2;0;0;0;0;0;0;0;0;0;0;0;0;0;0;0;0;0;0;0;0.2;0;0;0.2;0;0;0;0;0;0;0;0;0;0;0;0;0;0.2;0;0;0;0;0;0;0;0;0;0;0;0;0;0;0;0
c4-augment;C4 - Augment;Alloyin;XXXX;forgeborn-ability;;FALSE;;;;;;;;;;Give one of you creatures +5A,+5H.  You may repeat one of its <b>Deploy</b> abilities.;0;0;0;0;0;0;0;0;0;0;0;0;0;0;0;0;0;0;0;0;0;0;0;0;0;0;0;0;0;0;0;0;0;0;0;0;0;0;0;0;0;0;0;0;0;0;0;0;0;0;0;0;0;0;0;0;0;0;0;0;0;0;0;0;0;0;0;0;0;0.2;0;0;0.2;0;0;0;0;0;0;0;0;0;0;0;0;0;0;0;0;0;0;0.2;0;0;0;0;0;0;0;0;0;0;0
c2-dead-winter;C2 - Dead Winter;Nekrium;XXXX;forgeborn-ability;;FALSE;;;;You may give a creature -3A,-3H.  If you have one or more Spirits in your banish pile, you may give another creature -3A,-3H.;;;;;;;0;0;0;0;0;0;0;0;0;0;0;0;0;0;0;0;0;0;0;0;0;0;0;0;1;0;0;0;0;0;0;0;0;0;0;0;0;0;0;0;0;0;0;0;0;0;0;0;0;0;0;0;0;0;0;0;0;0;0;1;0;0;0;0;0;0;0;0;0;0;0;0;0;0;1;0;0;0;0;0;0;0;0;0;0;0;0;0;0;0;0;0;0;0;0;0;0;0;0;0;0;0;0
c2-nixs-rebellion;C2 - Nix's Rebellion;Nekrium;XXXX;forgeborn-ability;;FALSE;;;;Choose a lane.  Destroy all L1 cards in the chosen lane.;;;;;;;0;0;0;0;0;0;0;0;0;0;0;0;0;0;0;0;0;0;0;0;0;0;0;0;0;0;0;0;0;0;0;0;0;0;0;0;0;0;0;0;0;0;0;0;0;0;0;0;0;0;0;0;0;0;0;0;0;0;0;1;0;0;0;0;0;0;0;0;0;0;0;0;0;0;0;0;0;0;0;0;1;0;0;0;0;0;0;0;0;0;0;0;0;0;0;0;0;0;0;0;0;0;0
c2-loyal-beyond-death;C2 - Loyal Beyond Death;Nekrium;XXXX;forgeborn-ability;;FALSE;;;;Give one of your creatures +4A.  When it is destroyed this turn, you may play a Mindless Zombie <b>Minion</b> in its lane.;;;;;;;0;0;0;0;0;0;0;0;0;0;0;0;0;0;0;0;0;0;0;0;0;0;0;0;0;0;0;0;0;1;0;1;0;0;0;0;0;0;0;0;0;0;0;0;0;0;0;0;0;0;0;0;0;0;0;0;0;0;0;0;0;0;0;0;0;0;0;0;0;0;1;0;1;0;0;0;0;0;1;0;0;0;1;0;0;0;0;0;0;0;0;0;0;0;0;0;0;0;0;0;0;0;0
c3-dead-winter;C3 - Dead Winter;Nekrium;XXXX;forgeborn-ability;;FALSE;;;;;;;You may give a creature -5A,-5H.  If you have two or more Spirits in your banish pile, you may give another creature -5A,-5H.;;;;0;0;0;0;0;0;0;0;0;0;0;0;0;0;0;0;0;0;0;0;0;0;0;0;0.9;0;0;0;0;0;0;0;0;0;0;0;0;0;0;0;0;0;0;0;0;0;0;0;0;0;0;0;0;0;0;0;0;0;0;0.9;0;0;0;0;0;0;0;0;0;0;0;0;0;0;0.9;0;0;0;0;0;0;0;0;0;0;0;0;0;0;0;0;0;0;0;0;0;0;0;0;0;0;0;0
c3-nixs-rebellion;C3 - Nix's Rebellion;Nekrium;XXXX;forgeborn-ability;;FALSE;;;;;;;Choose a lane.  Destroy all L1 and L2 cards in the chosen lane.;;;;0;0;0;0;0;0;0;0;0;0;0;0;0;0;0;0;0;0;0;0;0;0;0;0;0;0;0;0;0;0;0;0;0;0;0;0;0;0;0;0;0;0;0;0;0;0;0;0;0;0;0;0;0;0;0;0;0;0;0;0.9;0;0;0;0;0;0;0;0;0;0;0;0;0;0;0;0;0;0;0;0;0.9;0;0;0;0;0;0;0;0;0;0;0;0;0;0;0;0;0;0;0;0;0;0
c3-loyal-beyond-death;C3 - Loyal Beyond Death;Nekrium;XXXX;forgeborn-ability;;FALSE;;;;;;;Give one of your creatures +6A.  When it is destroyed this turn, you may play a Zombie Brute <b>Minion</b> in its lane.;;;;0;0;0;0;0;0;0;0;0;0;0;0;0;0;0;0;0;0;0;0;0;0;0;0;0;0;0;0;0;0.9;0;0.9;0;0;0;0;0;0;0;0;0;0;0;0;0;0;0;0;0;0;0;0;0;0;0;0;0;0;0;0;0;0;0;0;0;0;0;0;0;0;0.9;0;0.9;0;0;0;0;0;0.9;0;0;0;0.9;0;0;0;0;0;0;0;0;0;0;0;0;0;0;0;0;0;0;0;0
c4-dead-winter;C4 - Dead Winter;Nekrium;XXXX;forgeborn-ability;;FALSE;;;;;;;;;;You may give a creature -7A,-7H.  If you have two or more Spirits in your banish pile, you may give another creature -7A,-7H.;0;0;0;0;0;0;0;0;0;0;0;0;0;0;0;0;0;0;0;0;0;0;0;0;0.2;0;0;0;0;0;0;0;0;0;0;0;0;0;0;0;0;0;0;0;0;0;0;0;0;0;0;0;0;0;0;0;0;0;0;0.2;0;0;0;0;0;0;0;0;0;0;0;0;0;0;0.2;0;0;0;0;0;0;0;0;0;0;0;0;0;0;0;0;0;0;0;0;0;0;0;0;0;0;0;0
c4-nixs-rebellion;C4 - Nix's Rebellion;Nekrium;XXXX;forgeborn-ability;;FALSE;;;;;;;;;;Choose a lane.  Destroy all cards in the chosen lane.;0;0;0;0;0;0;0;0;0;0;0;0;0;0;0;0;0;0;0;0;0;0;0;0;0;0;0;0;0;0;0;0;0;0;0;0;0;0;0;0;0;0;0;0;0;0;0;0;0;0;0;0;0;0;0;0;0;0;0;0.2;0;0;0;0;0;0;0;0;0;0;0;0;0;0;0;0;0;0;0;0;0.2;0;0;0;0;0;0;0;0;0;0;0;0;0;0;0;0;0;0;0;0;0;0
c4-loyal-beyond-death;C4 - Loyal Beyond Death;Nekrium;XXXX;forgeborn-ability;;FALSE;;;;;;;;;;Give one of your creatures +9A.  The next time it is destroyed this turn, <b>Reanimate</b> it.;0;0;0;0;0;0;0;0;0;0;0;0;0;0;0;0;0;0;0;0;0;0;0;0;0;0;0;0;0;0;0;0;0;0;0;0;0;0;0;0;0;0;0;0;0;0;0;0;0;0;0.2;0;0;0;0;0;0;0;0;0;0;0;0;0;0;0;0;0;0;0;0.2;0;0.2;0;0;0;0;0;0.2;0;0;0;0.2;0;0;0;0;0;0;0;0;0;0;0;0;0;0;0;0;0;0;0;0
c2-koroks-wisdom;C2 - Korok's Wisdom;Tempys;XXXX;forgeborn-ability;;FALSE;;;;Play a L1 Tempys card for <b>Free</b>.;;;;;;;0;0;0;0;0;0;0;0;0;0;0;0;0;0;0;0;0;0;0;0;0;0;0;0;0;0;0;0;0;0;0;0;0;0;0;0;0;0;0;0;0;0;0;0;0;0;0;0;0;1;0;0;0;0;0;0;0;0;0;0;0;0;0;0;0;0;0;0;0;0;0;0;0;0;0;0;0;0;0;0;0;0;0;0;0;0;0;0;0;0;0;0;0;0;0;0;0;0;0;0;0;0;0
c2-stronghold;C2 - Stronghold;Tempys;XXXX;forgeborn-ability;;FALSE;;;;Give one of your creatures +5A.  If it is in a lane with one of your Exalts, it gets <b>Aggressive</b> this turn.;;;;;;;0;0;0;0;0;0;0;0;0;0;0;0;0;0;0;0;0;0;0;0;0;0;0;0;0;0;0;0;0;0;0;0;0;0;0;0;0;0;0;0;0;0;0;0;0;0;0;0;0;0;0;0;0;0;0;0;0;0;0;0;0;0;0;1;0;0;0;0;0;0;1;0;1;0;0;0;0;0;0;0;0;0;0;0;0;0;1;0;0;0;0;0;0;0;0;0;0;0;0;0;0;0;0
c2-deep-burn;C2 - Deep Burn;Tempys;XXXX;forgeborn-ability;;FALSE;;;;Deal 6 damage to the enemy player.  They can't gain H this turn.;;;;;;;0;0;0;0;0;0;0;0;0;0;0;0;0;0;0;0;0;0;0;0;0;0;0;0;0;0;0;0;0;0;0;0;0;0;0;0;0;0;0;0;0;0;0;0;0;0;0;0;0;0;0;0;0;1;0;0;0;0;0;0;0;0;0;0;0;0;0;0;0;0;0;0;0;0;0;0;0;0;0;0;0;0;0;0;0;0;0;0;0;0;0;0;0;0;0;0;0;0;0;0;0;0;0
c3-koroks-wisdom;C3 - Korok's Wisdom;Tempys;XXXX;forgeborn-ability;;FALSE;;;;;;;;;;;0;0;0;0;0;0;0;0;0;0;0;0;0;0;0;0;0;0;0;0;0;0;0;0;0;0;0;0;0;0;0;0;0;0;0;0;0;0;0;0;0;0;0;0;0;0;0;0;0;0;0;0;0;0;0;0;0;0;0;0;0;0;0;0;0;0;0;0;0;0;0;0;0;0;0;0;0;0;0;0;0;0;0;0;0;0;0;0;0;0;0;0;0;0;0;0;0;0;0;0;0;0;0
c3-stronghold;C3 - Stronghold;Tempys;XXXX;forgeborn-ability;;FALSE;;;;;;;Give one of your creatures +10A.  If it is in a lane with one of your Exalts, it gets <b>Aggressive</b> this turn.;;;;0;0;0;0;0;0;0;0;0;0;0;0;0;0;0;0;0;0;0;0;0;0;0;0;0;0;0;0;0;0;0;0;0;0;0;0;0;0;0;0;0;0;0;0;0;0;0;0;0;0;0;0;0;0;0;0;0;0;0;0;0;0;0;0.9;0;0;0;0;0;0;0.9;0;0.9;0;0;0;0;0;0;0;0;0;0;0;0;0;0.9;0;0;0;0;0;0;0;0;0;0;0;0;0;0;0;0
c3-deep-burn;C3 - Deep Burn;Tempys;XXXX;forgeborn-ability;;FALSE;;;;;;;Deal 9 damage to the enemy player.  They can't gain H this turn.;;;;0;0;0;0;0;0;0;0;0;0;0;0;0;0;0;0;0;0;0;0;0;0;0;0;0;0;0;0;0;0;0;0;0;0;0;0;0;0;0;0;0;0;0;0;0;0;0;0;0;0;0;0;0;0.9;0;0;0;0;0;0;0;0;0;0;0;0;0;0;0;0;0;0;0;0;0;0;0;0;0;0;0;0;0;0;0;0;0;0;0;0;0;0;0;0;0;0;0;0;0;0;0;0;0
c4-koroks-wisdom;C4 - Korok's Wisdom;Tempys;XXXX;forgeborn-ability;;FALSE;;;;;;;;;;Play a Tempys card for <b>Free</b>.;0;0;0;0;0;0;0;0;0;0;0;0;0;0;0;0;0;0;0;0;0;0;0;0;0;0;0;0;0;0;0;0;0;0;0;0;0;0;0;0;0;0;0;0;0;0;0;0;0;0.2;0;0;0;0;0;0;0;0;0;0;0;0;0;0;0;0;0;0;0;0;0;0;0;0;0;0;0;0;0;0;0;0;0;0;0;0;0;0;0;0;0;0;0;0;0;0;0;0;0;0;0;0;0
c4-stronghold;C4 - Stronghold;Tempys;XXXX;forgeborn-ability;;FALSE;;;;;;;;;;Give one of your creatures +15A.  If it is in a lane with one of your Exalts, it gets <b>Aggressive</b> this turn.;0;0;0;0;0;0;0;0;0;0;0;0;0;0;0;0;0;0;0;0;0;0;0;0;0;0;0;0;0;0;0;0;0;0;0;0;0;0;0;0;0;0;0;0;0;0;0;0;0;0;0;0;0;0;0;0;0;0;0;0;0;0;0;0.2;0;0;0;0;0;0;0.2;0;0.2;0;0;0;0;0;0;0;0;0;0;0;0;0;0.2;0;0;0;0;0;0;0;0;0;0;0;0;0;0;0;0
c4-deep-burn;C4 - Deep Burn;Tempys;XXXX;forgeborn-ability;;FALSE;;;;;;;;;;Deal 12 damage to the enemy player.  They can't gain H this turn.;0;0;0;0;0;0;0;0;0;0;0;0;0;0;0;0;0;0;0;0;0;0;0;0;0;0;0;0;0;0;0;0;0;0;0;0;0;0;0;0;0;0;0;0;0;0;0;0;0;0;0;0;0;0.2;0;0;0;0;0;0;0;0;0;0;0;0;0;0;0;0;0;0;0;0;0;0;0;0;0;0;0;0;0;0;0;0;0;0;0;0;0;0;0;0;0;0;0;0;0;0;0;0;0
c2-outwit;C2 - Outwit;Tempys;XXXX;forgeborn-ability;;FALSE;;;;Choose an enemy creature.  It <b>Strikes</b> another enemy creature of your choice.;;;;;;;0;0;0;0;0;0;0;0;0;0;0;0;0;0;0;0;0;0;0;0;0;0;0;0;0;0;0;0;0;0;0;0;0;0;0;0;0;0;0;0;0;0;0;0;0;0;0;0;0;0;0;0;0;0;0;0;0;0;0;1;0;0;0;0;0;0;0;0;0;0;0;0;0;0;0;0;0;0;0;0;0;0;0;0;0;0;0;0;0;0;0;0;0;0;0;0;0;0;0;0;0;0;0
c3-outwit;C3 - Outwit;Tempys;XXXX;forgeborn-ability;;FALSE;;;;;;;Choose an enemy creature.  It <b>Strikes</b> another enemy creature of your choice.;;;;0;0;0;0;0;0;0;0;0;0;0;0;0;0;0;0;0;0;0;0;0;0;0;0;0;0;0;0;0;0;0;0;0;0;0;0;0;0;0;0;0;0;0;0;0;0;0;0;0;0;0;0;0;0;0;0;0;0;0;0.9;0;0;0;0;0;0;0;0;0;0;0;0;0;0;0;0;0;0;0;0;0;0;0;0;0;0;0;0;0;0;0;0;0;0;0;0;0;0;0;0;0;0;0
c4-outwit;C4 - Outwit;Tempys;XXXX;forgeborn-ability;;FALSE;;;;;;;;;;Choose an enemy creature.  It <b>Strikes</b> another enemy creature of your choice.;0;0;0;0;0;0;0;0;0;0;0;0;0;0;0;0;0;0;0;0;0;0;0;0;0;0;0;0;0;0;0;0;0;0;0;0;0;0;0;0;0;0;0;0;0;0;0;0;0;0;0;0;0;0;0;0;0;0;0;0.2;0;0;0;0;0;0;0;0;0;0;0;0;0;0;0;0;0;0;0;0;0;0;0;0;0;0;0;0;0;0;0;0;0;0;0;0;0;0;0;0;0;0;0
c2-reclaim;C2 - Reclaim;Tempys;XXXX;forgeborn-ability;;FALSE;;;;<b>Upgrade</b> a L1 Spell in your hand.  If it is an Exalt, you may play it for <b>Free</b>.;;;;;;;0;0;0;0;0;0;0;0;0;0;0;0;0;0;0;0;0;0;0;0;0;0;0;0;0;0;0;0;0;0;0;0;0;1;0;0;0;0;0;0;0;0;0;0;0;0;0;0;0;1;0;1;0;0;0;0;0;0;0;0;0;0;0;0;0;0;0;0;0;0;0;0;0;0;0;0;0;0;0;0;0;0;0;0;0;0;1;0;0;0;0;0;0;0;0;0;0;0;0;0;0;0;0
c3-reclaim;C3 - Reclaim;Tempys;XXXX;forgeborn-ability;;FALSE;;;;;;;<b>Upgrade</b> a Spell in your hand.  If it is an Exalt, you may play it for <b>Free</b>.;;;;0;0;0;0;0;0;0;0;0;0;0;0;0;0;0;0;0;0;0;0;0;0;0;0;0;0;0;0;0;0;0;0;0;0.9;0;0;0;0;0;0;0;0;0;0;0;0;0;0;0;0.9;0;0.9;0;0;0;0;0;0;0;0;0;0;0;0;0;0;0;0;0;0;0;0;0;0;0;0;0;0;0;0;0;0;0;0;0;0;0.9;0;0;0;0;0;0;0;0;0;0;0;0;0;0;0;0
c4-reclaim;C4 - Reclaim;Tempys;XXXX;forgeborn-ability;;FALSE;;;;;;;;;;<b>Upgrade</b> a Spell in your hand.  If it is an Exalt, you may play it for <b>Free</b>.;0;0;0;0;0;0;0;0;0;0;0;0;0;0;0;0;0;0;0;0;0;0;0;0;0;0;0;0;0;0;0;0;0;0.2;0;0;0;0;0;0;0;0;0;0;0;0;0;0;0;0.2;0;0.2;0;0;0;0;0;0;0;0;0;0;0;0;0;0;0;0;0;0;0;0;0;0;0;0;0;0;0;0;0;0;0;0;0;0;0.2;0;0;0;0;0;0;0;0;0;0;0;0;0;0;0;0
c2-novas-evolution;C2 - Nova's Evolution;Uterra;XXXX;forgeborn-ability;;FALSE;;;;<b>Upgrade</b> up to two L1 creatures in your hand, then discard one of them.;;;;;;;0;0;0;0;0;0;0;0;0;0;0;0;0;0;0;0;0;0;0;0;0;0;0;0;0;0;0;0;0;0;0;0;0;0;0;0;0;0;0;0;0;0;0;0;0;0;0;0;0;0;0;1;0;0;0;0;0;0;0;0;0;0;0;0;0;0;0;0;0;0;0;0;0;0;0;0;0;0;0;0;0;0;0;0;0;0;0;0;0;0;0;0;0;0;0;0;0;0;0;0;0;0;0
c2-crimson-thorn;C2 - Crimson Thorn;Uterra;XXXX;forgeborn-ability;;FALSE;;;;Give one of your creatures +5H.  If it is in a lane with one of your Exalts, give each creature adjacent to it +5H.;;;;;;;0;0;0;0;0;0;0;0;0;0;0;0;0;0;0;0;0;0;0;0;0;0;0;0;0;0;0;0;0;0;0;0;0;0;0;0;0;0;0;0;0;0;0;0;0;0;0;0;0;0;0;0;0;0;0;0;0;0;0;0;0;0;0;0;0;0;0;0;0;0;0;1;0;0;0;0;0;0;0;0;0;0;0;0;0;0;1;0;0;0;0;0;1;0;0;0;0;0;0;0;0;0;0
c2-united-as-one;C2 - United as One;Uterra;XXXX;forgeborn-ability;;FALSE;;;;Give a creature +2A for each creature you have in play.;;;;;;;0;0;0;0;0;0;0;0;0;0;0;0;0;0;0;0;0;0;0;0;0;0;0;0;0;0;0;0;0;0;0;0;0;0;0;0;0;0;0;0;0;0;0;0;0;0;0;0;0;0;0;0;0;0;0;0;0;0;0;0;0;0;0;0;0;0;0;0;0;0;1;0;1;0;0;0;0;0;0;0;0;0;0;0;0;0;0;0;0;0;0;0;0;0;0;0;0;0;0;0;0;0;0
c3-novas-evolution;C3 - Nova's Evolution;Uterra;XXXX;forgeborn-ability;;FALSE;;;;;;;<b>Upgrade</b> up to two creatures in your hand, then discard one of them.;;;;0;0;0;0;0;0;0;0;0;0;0;0;0;0;0;0;0;0;0;0;0;0;0;0;0;0;0;0;0;0;0;0;0;0;0;0;0;0;0;0;0;0;0;0;0;0;0;0;0;0;0;0.9;0;0;0;0;0;0;0;0;0;0;0;0;0;0;0;0;0;0;0;0;0;0;0;0;0;0;0;0;0;0;0;0;0;0;0;0;0;0;0;0;0;0;0;0;0;0;0;0;0;0;0
c3-crimson-thorn;C3 - Crimson Thorn;Uterra;XXXX;forgeborn-ability;;FALSE;;;;;;;Give one of your creatures +5H.  If it is in a lane with one of your Exalts, give each creature adjacent to it +5H.;;;;0;0;0;0;0;0;0;0;0;0;0;0;0;0;0;0;0;0;0;0;0;0;0;0;0;0;0;0;0;0;0;0;0;0;0;0;0;0;0;0;0;0;0;0;0;0;0;0;0;0;0;0;0;0;0;0;0;0;0;0;0;0;0;0;0;0;0;0;0;0;0;0.9;0;0;0;0;0;0;0;0;0;0;0;0;0;0;0.9;0;0;0;0;0;0.9;0;0;0;0;0;0;0;0;0;0
c3-united-as-one;C3 - United as One;Uterra;XXXX;forgeborn-ability;;FALSE;;;;;;;Give a creature +4A for each creature you have in play.;;;;0;0;0;0;0;0;0;0;0;0;0;0;0;0;0;0;0;0;0;0;0;0;0;0;0;0;0;0;0;0;0;0;0;0;0;0;0;0;0;0;0;0;0;0;0;0;0;0;0;0;0;0;0;0;0;0;0;0;0;0;0;0;0;0;0;0;0;0;0;0;0.9;0;0.9;0;0;0;0;0;0;0;0;0;0;0;0;0;0;0;0;0;0;0;0;0;0;0;0;0;0;0;0;0;0
c4-novas-evolution;C4 - Nova's Evolution;Uterra;XXXX;forgeborn-ability;;FALSE;;;;;;;;;;<b>Upgrade</b> a creature in your hand up to two times, then play it for <b>Free</b>.;0;0;0;0;0;0;0;0;0;0;0;0;0;0;0;0;0;0;0;0;0;0;0;0;0;0;0;0;0;0;0;0;0;0;0;0;0;0;0;0;0;0;0;0;0;0;0;0;0;0.2;0;0.2;0;0;0;0;0;0;0;0;0;0;0;0;0;0;0;0;0;0;0;0;0;0;0;0;0;0;0;0;0;0;0;0;0;0;0;0;0;0;0;0;0;0;0;0;0;0;0;0;0;0;0
c4-crimson-thorn;C4 - Crimson Thorn;Uterra;XXXX;forgeborn-ability;;FALSE;;;;;;;;;;Give one of your creatures +8H.  If it is in a lane with one of your Exalts, give each creature adjacent to it +8H.;0;0;0;0;0;0;0;0;0;0;0;0;0;0;0;0;0;0;0;0;0;0;0;0;0;0;0;0;0;0;0;0;0;0;0;0;0;0;0;0;0;0;0;0;0;0;0;0;0;0;0;0;0;0;0;0;0;0;0;0;0;0;0;0;0;0;0;0;0;0;0;0.2;0;0;0;0;0;0;0;0;0;0;0;0;0;0;0.2;0;0;0;0;0;0.2;0;0;0;0;0;0;0;0;0;0
c4-united-as-one;C4 - United as One;Uterra;XXXX;forgeborn-ability;;FALSE;;;;;;;;;;Give a creature +7A for each creature you have in play.;0;0;0;0;0;0;0;0;0;0;0;0;0;0;0;0;0;0;0;0;0;0;0;0;0;0;0;0;0;0;0;0;0;0;0;0;0;0;0;0;0;0;0;0;0;0;0;0;0;0;0;0;0;0;0;0;0;0;0;0;0;0;0;0;0;0;0;0;0;0;0.2;0;0.2;0;0;0;0;0;0;0;0;0;0;0;0;0;0;0;0;0;0;0;0;0;0;0;0;0;0;0;0;0;0
c2-deepwood-assault;C2 - Deepwood Assault;Uterra;XXXX;forgeborn-ability;;FALSE;;;;Give a creature +5A.  This turn it gets <b>Breakthrough</b>.;;;;;;;0;0;0;0;0;0;0;0;0;0;0;0;0;0;0;0;0;0;0;0;0;0;0;0;0;0;0;0;0;0;0;0;0;0;0;0;0;0;0;0;0;0;0;0;0;0;0;0;0;0;0;0;0;0;0;0;0;0;0;0;0;1;0;0;0;0;0;0;0;0;1;0;1;0;0;0;0;0;0;0;0;0;0;0;0;0;0;0;0;0;0;0;0;0;0;0;0;0;0;0;0;0;0
c2-dark-spores;C2 - Dark Spores;Uterra;XXXX;forgeborn-ability;;FALSE;;;;Give an enemy creature -5H.  If it is in a lane with an enemy Exalt, give each creature adjacent to it -3H.;;;;;;;0;0;0;0;0;0;0;0;0;0;0;0;0;0;0;0;0;0;0;0;0;0;0;0;0;0;0;0;0;0;0;0;0;0;0;0;0;0;0;0;0;0;0;0;0;0;0;0;0;0;0;0;0;0;0;0;0;0;0;1;0;0;0;0;0;0;0;0;0;0;0;0;0;0;0;0;0;1;0;0;0;0;0;0;0;0;0;0;0;0;0;0;0;0;0;0;0;0;0;0;0;0;0
c3-deepwood-assault;C3 - Deepwood Assault;Uterra;XXXX;forgeborn-ability;;FALSE;;;;;;;Give a creature +7A.  This turn it gets <b>Breakthrough</b>.;;;;0;0;0;0;0;0;0;0;0;0;0;0;0;0;0;0;0;0;0;0;0;0;0;0;0;0;0;0;0;0;0;0;0;0;0;0;0;0;0;0;0;0;0;0;0;0;0;0;0;0;0;0;0;0;0;0;0;0;0;0;0;0.9;0;0;0;0;0;0;0;0;0.9;0;0.9;0;0;0;0;0;0;0;0;0;0;0;0;0;0;0;0;0;0;0;0;0;0;0;0;0;0;0;0;0;0
c3-dark-spores;C3 - Dark Spores;Uterra;XXXX;forgeborn-ability;;FALSE;;;;;;;Give an enemy creature -8H.  If it is in a lane with an enemy Exalt, give each creature adjacent to it -6H.;;;;0;0;0;0;0;0;0;0;0;0;0;0;0;0;0;0;0;0;0;0;0;0;0;0;0;0;0;0;0;0;0;0;0;0;0;0;0;0;0;0;0;0;0;0;0;0;0;0;0;0;0;0;0;0;0;0;0;0;0;0.9;0;0;0;0;0;0;0;0;0;0;0;0;0;0;0;0;0;0.9;0;0;0;0;0;0;0;0;0;0;0;0;0;0;0;0;0;0;0;0;0;0;0;0;0
c4-dark-spores;C4 - Dark Spores;Uterra;XXXX;forgeborn-ability;;FALSE;;;;;;;;;;Give an enemy creature -12H.  If it is in a lane with an enemy Exalt, give each creature adjacent to it -10H.;0;0;0;0;0;0;0;0;0;0;0;0;0;0;0;0;0;0;0;0;0;0;0;0;0;0;0;0;0;0;0;0;0;0;0;0;0;0;0;0;0;0;0;0;0;0;0;0;0;0;0;0;0;0;0;0;0;0;0;0.2;0;0;0;0;0;0;0;0;0;0;0;0;0;0;0;0;0;0.2;0;0;0;0;0;0;0;0;0;0;0;0;0;0;0;0;0;0;0;0;0;0;0;0;0
c4-deepwood-assault;C4 - Deepwood Assault;Uterra;XXXX;forgeborn-ability;;FALSE;;;;;;;;;;Give a creature +10A.  This turn it gets <b>Breakthrough</b>.;0;0;0;0;0;0;0;0;0;0;0;0;0;0;0;0;0;0;0;0;0;0;0;0;0;0;0;0;0;0;0;0;0;0;0;0;0;0;0;0;0;0;0;0;0;0;0;0;0;0;0;0;0;0;0;0;0;0;0;0;0;0.2;0;0;0;0;0;0;0;0;0.2;0;0.2;0;0;0;0;0;0;0;0;0;0;0;0;0;0;0;0;0;0;0;0;0;0;0;0;0;0;0;0;0;0
c2-knockback;C2 - Knockback;Alloyin;XXXX;forgeborn-ability;;FALSE;;;;Move a creature to the back row of its lane.  You may give it -5A.;;;;;;;0;0;0;0;0;0;0;0;0;0;0;0;0;0;0;0;0;0;0;0;0;0;0;0;0;0;0;0;0;0;0;0;0;0;0;0;0;0;0;0;0;0;0;0;0;0;0;0;0;0;0;0;0;0;0;0;0;0;0;0;0;0;0;0;0;0;1;0;0;0;0;0;0;0;0;1;0;0;0;0;0;0;0;0;0;0;0;0;0;0;0;0;0;0;0;0;0;0;0;0;0;0;0
c3-knockback;C3 - Knockback;Alloyin;XXXX;forgeborn-ability;;FALSE;;;;;;;Move a creature to the back row of its lane.  You may give it -10A.;;;;0;0;0;0;0;0;0;0;0;0;0;0;0;0;0;0;0;0;0;0;0;0;0;0;0;0;0;0;0;0;0;0;0;0;0;0;0;0;0;0;0;0;0;0;0;0;0;0;0;0;0;0;0;0;0;0;0;0;0;0;0;0;0;0;0;0;0.9;0;0;0;0;0;0;0;0;0.9;0;0;0;0;0;0;0;0;0;0;0;0;0;0;0;0;0;0;0;0;0;0;0;0;0;0;0
c4-knockback;C4 - Knockback;Alloyin;XXXX;forgeborn-ability;;FALSE;;;;;;;;;;Move up to two creature to the back row of their lanes.  You may give them -10A.;0;0;0;0;0;0;0;0;0;0;0;0;0;0;0;0;0;0;0;0;0;0;0;0;0;0;0;0;0;0;0;0;0;0;0;0;0;0;0;0;0;0;0;0;0;0;0;0;0;0;0;0;0;0;0;0;0;0;0;0;0;0;0;0;0;0;0.2;0;0;0;0;0;0;0;0;0.2;0;0;0;0;0;0;0;0;0;0;0;0;0;0;0;0;0;0;0;0;0;0;0;0;0;0;0
c2-tinker;C2 - Tinker;Alloyin;XXXX;forgeborn-ability;;FALSE;;;;Play up to two Gizmo <b>Minions</b>.;;;;;;;0;0;0;0;0;0;0;0;0;0;0;0;0;0;0;0;1;0;0;0;0;0;0;0;0;0;0;0;0;0;0;1;0;0;0;1;0;0;0;0;0;0;0;0;0;0;0;0;0;0;0;0;0;0;0;0;0;0;0;0;0;0;0;0;0;0;0;0;0;1;0;0;1;0;0;0;0;0;0;0;0;0;0;0;0;0;0;0;0;0;0;0;0;0;0;0;0;0;0;0;0;0;0
c3-tinker;C3 - Tinker;Alloyin;XXXX;forgeborn-ability;;FALSE;;;;;;;Play a Mega Gizmo <b>Minion</b>.;;;;0;0;0;0;0;0;0;0;0;0;0;0;0;0;0;0;0.9;0;0;0;0;0;0;0;0;0;0;0;0;0;0;0.9;0;0;0;0.9;0;0;0;0;0;0;0;0;0;0;0;0;0;0;0;0;0;0;0;0;0;0;0;0;0;0;0;0;0;0;0;0;0;0.9;0;0;0.9;0;0;0;0;0;0;0;0;0;0;0;0;0;0;0;0;0;0;0;0;0;0;0;0;0;0;0;0;0;0
c4-tinker;C4 - Tinker;Alloyin;XXXX;forgeborn-ability;;FALSE;;;;;;;;;;Play up to two Mega Gizmo <b>Minions</b>.;0;0;0;0;0;0;0;0;0;0;0;0;0;0;0;0;0.2;0;0;0;0;0;0;0;0;0;0;0;0;0;0;0.2;0;0;0;0.2;0;0;0;0;0;0;0;0;0;0;0;0;0;0;0;0;0;0;0;0;0;0;0;0;0;0;0;0;0;0;0;0;0;0.2;0;0;0.2;0;0;0;0;0;0;0;0;0;0;0;0;0;0;0;0;0;0;0;0;0;0;0;0;0;0;0;0;0;0
c2-raising-dead;C2 - Raising Dead;Nekrium;XXXX;forgeborn-ability;;FALSE;;;;You may play a Mindless Zombie <b>Minion</b>.  Give your <b>Minions</b> +2A.;;;;;;;0;0;0;0;0;0;0;0;0;0;0;0;0;0;0;0;0;0;0;0;0;0;0;0;0;0;0;0;0;1;0;1;1;0;0;0;0;0;0;0;0;0;0;0;0;0;0;0;0;0;0;0;0;0;0;0;0;0;0;0;0;0;0;0;0;0;0;0;0;0;1;0;1;0;0;0;0;0;0;0;0;0;0;0;0;0;0;0;0;0;0;0;0;0;0;0;0;0;0;0;0;0;0
c2-army-of-the-damned;C2 - Army of the Damned;Nekrium;XXXX;forgeborn-ability;;FALSE;;;;Play up to two Mindless Zombie <b>Minions</b>.;;;;;;;0;0;0;0;0;0;0;0;0;0;0;0;0;0;0;0;0;0;0;0;0;0;0;0;0;0;0;0;0;1;0;1;0;0;0;0;0;0;0;0;0;0;0;0;0;0;0;0;0;0;0;0;0;0;0;0;0;0;0;0;0;0;0;0;0;0;0;0;0;0;0;0;0;0;0;0;0;0;0;0;0;0;0;0;0;0;0;0;0;0;0;0;0;0;0;0;0;0;0;0;0;0;0
c3-raising-dead;C3 - Raising Dead;Nekrium;XXXX;forgeborn-ability;;FALSE;;;;;;;You may play a Mindless Zombie <b>Minion</b>.  Give your <b>Minions</b> +4A.;;;;0;0;0;0;0;0;0;0;0;0;0;0;0;0;0;0;0;0;0;0;0;0;0;0;0;0;0;0;0;0.9;0;0.9;0.9;0;0;0;0;0;0;0;0;0;0;0;0;0;0;0;0;0;0;0;0;0;0;0;0;0;0;0;0;0;0;0;0;0;0;0;0;0;0.9;0;0.9;0;0;0;0;0;0;0;0;0;0;0;0;0;0;0;0;0;0;0;0;0;0;0;0;0;0;0;0;0;0
c3-army-of-the-damned;C3 - Army of the Damned;Nekrium;XXXX;forgeborn-ability;;FALSE;;;;;;;Play up to two Zombie Brute <b>Minions</b>.;;;;0;0;0;0;0;0;0;0;0;0;0;0;0;0;0;0;0;0;0;0;0;0;0;0;0;0;0;0;0;0.9;0;0.9;0;0;0;0;0;0;0;0;0;0;0;0;0;0;0;0;0;0;0;0;0;0;0;0;0;0;0;0;0;0;0;0;0;0;0;0;0;0;0;0;0;0;0;0;0;0;0;0;0;0;0;0;0;0;0;0;0;0;0;0;0;0;0;0;0;0;0;0;0;0;0
c4-raising-dead;C4 - Raising Dead;Nekrium;XXXX;forgeborn-ability;;FALSE;;;;;;;;;;You may play a Mindless Zombie <b>Minion</b>.  Give your <b>Minions</b> +6A.;0;0;0;0;0;0;0;0;0;0;0;0;0;0;0;0;0;0;0;0;0;0;0;0;0;0;0;0;0;0.2;0;0.2;0.2;0;0;0;0;0;0;0;0;0;0;0;0;0;0;0;0;0;0;0;0;0;0;0;0;0;0;0;0;0;0;0;0;0;0;0;0;0;0.2;0;0.2;0;0;0;0;0;0;0;0;0;0;0;0;0;0;0;0;0;0;0;0;0;0;0;0;0;0;0;0;0;0
c4-army-of-the-damned;C4 - Army of the Damned;Nekrium;XXXX;forgeborn-ability;;FALSE;;;;;;;;;;Play up to one Zombie Brute <b>Minion</b> in each lane.;0;0;0;0;0;0;0;0;0;0;0;0;0;0;0;0;0;0;0;0;0;0;0;0;0;0;0;0;0;0.2;0;0.2;0;0;0;0;0;0;0;0;0;0;0;0;0;0;0;0;0;0;0;0;0;0;0;0;0;0;0;0;0;0;0;0;0;0;0;0;0;0;0;0;0;0;0;0;0;0;0;0;0;0;0;0;0;0;0;0;0;0;0;0;0;0;0;0;0;0;0;0;0;0;0
c2-whirlwind;C2 - Whirlwind;Tempys;XXXX;forgeborn-ability;;FALSE;;;;Give a creature +4A and move it to any lane.;;;;;;;0;0;0;0;0;0;0;0;0;0;0;0;0;0;0;0;0;0;0;0;0;0;0;0;0;0;0;0;0;0;0;0;0;0;0;0;0;0;0;0;1;0;0;0;0;0;0;0;0;0;0;0;0;0;0;0;0;0;0;0;0;0;0;0;0;0;0;0;0;0;1;0;1;0;0;0;0;0;0;0;0;0;0;0;0;0;0;0;0;0;0;0;0;0;0;0;0;0;0;1;0;0;0
c3-whirlwind;C3 - Whirlwind;Tempys;XXXX;forgeborn-ability;;FALSE;;;;;;;Give a creature +6A and move it to any lane.;;;;0;0;0;0;0;0;0;0;0;0;0;0;0;0;0;0;0;0;0;0;0;0;0;0;0;0;0;0;0;0;0;0;0;0;0;0;0;0;0;0;0.9;0;0;0;0;0;0;0;0;0;0;0;0;0;0;0;0;0;0;0;0;0;0;0;0;0;0;0;0;0;0.9;0;0.9;0;0;0;0;0;0;0;0;0;0;0;0;0;0;0;0;0;0;0;0;0;0;0;0;0;0;1;0;0;0
c4-whirlwind;C4 - Whirlwind;Tempys;XXXX;forgeborn-ability;;FALSE;;;;;;;;;;Give a creature +8A and move it to any lane.;0;0;0;0;0;0;0;0;0;0;0;0;0;0;0;0;0;0;0;0;0;0;0;0;0;0;0;0;0;0;0;0;0;0;0;0;0;0;0;0;0.2;0;0;0;0;0;0;0;0;0;0;0;0;0;0;0;0;0;0;0;0;0;0;0;0;0;0;0;0;0;0.2;0;0.2;0;0;0;0;0;0;0;0;0;0;0;0;0;0;0;0;0;0;0;0;0;0;0;0;0;0;0;0;0;0
c2-gathering-storm;C2 - Gathering Storm;Tempys;XXXX;forgeborn-ability;;FALSE;;;;When you play a spell this turn, deal 3 damage to a creature or player.;;;;;;;0;0;0;0;0;0;0;0;0;0;0;0;0;0;0;0;0;0;0;0;0;0;0;0;0;0;0;0;0;0;0;0;0;1;0;0;0;0;0;0;0;0;0;0;0;0;0;0;0;0;0;0;0;1;0;0;0;0;0;1;0;0;0;0;0;0;0;0;0;0;0;0;0;0;0;0;0;0;0;0;0;0;0;0;0;0;0;0;0;0;0;0;0;0;0;0;0;0;0;0;0;0;0
c3-gathering-storm;C3 - Gathering Storm;Tempys;XXXX;forgeborn-ability;;FALSE;;;;;;;When you play a spell this turn, deal 5 damage to a creature or player.;;;;0;0;0;0;0;0;0;0;0;0;0;0;0;0;0;0;0;0;0;0;0;0;0;0;0;0;0;0;0;0;0;0;0;0.9;0;0;0;0;0;0;0;0;0;0;0;0;0;0;0;0;0;0;0;0.9;0;0;0;0;0;0.9;0;0;0;0;0;0;0;0;0;0;0;0;0;0;0;0;0;0;0;0;0;0;0;0;0;0;0;0;0;0;0;0;0;0;0;0;0;0;0;1;0;0;0
c4-gathering-storm;C4 - Gathering Storm;Tempys;XXXX;forgeborn-ability;;FALSE;;;;;;;;;;When you play a spell this turn, deal 8 damage to a creature or player.;0;0;0;0;0;0;0;0;0;0;0;0;0;0;0;0;0;0;0;0;0;0;0;0;0;0;0;0;0;0;0;0;0;0.2;0;0;0;0;0;0;0;0;0;0;0;0;0;0;0;0;0;0;0;0.2;0;0;0;0;0;0.2;0;0;0;0;0;0;0;0;0;0;0;0;0;0;0;0;0;0;0;0;0;0;0;0;0;0;0;0;0;0;0;0;0;0;0;0;0;0;0;0;0;0;0
c2-barkskin;C2 - Barkskin;Uterra;XXXX;forgeborn-ability;;FALSE;;;;Give up to two of your creatures 4D this turn.;;;;;;;0;0;0;0;0;0;0;0;0;0;0;0;0;0;0;0;0;0;0;0;0;0;0;0;0;0;0;0;0;0;0;0;0;0;0;0;0;0;0;0;0;0;0;0;1;0;0;0;0;0;0;0;0;0;0;0;0;0;0;0;0;0;0;0;0;0;0;0;0;0;0;0;0;0;0;0;0;0;0;0;0;0;0;0;0;0;0;0;0;0;0;0;0;0;0;0;0;0;0;0;0;0;0
c3-barkskin;C3 - Barkskin;Uterra;XXXX;forgeborn-ability;;FALSE;;;;;;;Give up to two of your creatures 8D this turn.;;;;0;0;0;0;0;0;0;0;0;0;0;0;0;0;0;0;0;0;0;0;0;0;0;0;0;0;0;0;0;0;0;0;0;0;0;0;0;0;0;0;0;0;0;0;0.9;0;0;0;0;0;0;0;0;0;0;0;0;0;0;0;0;0;0;0;0;0;0;0;0;0;0;0;0;0;0;0;0;0;0;0;0;0;0;0;0;0;0;0;0;0;0;0;0;0;0;0;0;0;0;0;0;0;0
c4-barkskin;C4 - Barkskin;Uterra;XXXX;forgeborn-ability;;FALSE;;;;;;;;;;Give up to two of your creatures 12D this turn.;0;0;0;0;0;0;0;0;0;0;0;0;0;0;0;0;0;0;0;0;0;0;0;0;0;0;0;0;0;0;0;0;0;0;0;0;0;0;0;0;0;0;0;0;0.2;0;0;0;0;0;0;0;0;0;0;0;0;0;0;0;0;0;0;0;0;0;0;0;0;0;0;0;0;0;0;0;0;0;0;0;0;0;0;0;0;0;0;0;0;0;0;0;0;0;0;0;0;0;0;0;0;0;0
c2-shattered-psyche;C2 - Shattered Psyche;Alloyin;XXXX;forgeborn-ability;;FALSE;;;;Destroy a creature with 5A or less.;;;;;;;0;0;0;0;0;0;0;0;0;0;0;0;0;0;0;0;0;0;0;0;0;0;0;0;0;0;0;0;0;0;0;0;0;0;0;0;0;0;0;0;0;0;0;0;0;0;0;0;0;0;0;0;0;0;0;0;0;0;0;1;0;0;0;0;0;0;0;0;0;0;0;0;0;0;0;0;1;0;0;0;0;0;0;0;0;0;0;0;0;0;0;0;0;0;0;0;0;0;0;0;0;0;0
c2-synaptic-siphon;C2 - Synaptic Siphon;Alloyin;XXXX;forgeborn-ability;;FALSE;;;;Give a creature -4A.  Give a creature +4A.;;;;;;;0;0;0;0;0;0;0;0;0;0;0;0;0;0;0;0;0;0;0;0;0;0;0;0;0;0;0;0;0;0;0;0;0;0;0;0;0;0;0;0;0;0;0;0;0;0;0;0;0;0;0;0;0;0;0;0;0;0;0;0;0;0;0;0;0;0;0;0;0;0;1;0;1;0;0;1;0;0;0;0;0;0;0;0;0;0;0;0;0;0;0;0;0;0;0;0;0;0;0;0;0;0;0
c3-shattered-psyche;C3 - Shattered Psyche;Alloyin;XXXX;forgeborn-ability;;FALSE;;;;;;;Destroy a creature with 8A or less.;;;;0;0;0;0;0;0;0;0;0;0;0;0;0;0;0;0;0;0;0;0;0;0;0;0;0;0;0;0;0;0;0;0;0;0;0;0;0;0;0;0;0;0;0;0;0;0;0;0;0;0;0;0;0;0;0;0;0;0;0;0.9;0;0;0;0;0;0;0;0;0;0;0;0;0;0;0;0;0.9;0;0;0;0;0;0;0;0;0;0;0;0;0;0;0;0;0;0;0;0;0;0;0;0;0;0
c3-synaptic-siphon;C3 - Synaptic Siphon;Alloyin;XXXX;forgeborn-ability;;FALSE;;;;;;;Give a creature -7A.  Give a creature +7A.;;;;0;0;0;0;0;0;0;0;0;0;0;0;0;0;0;0;0;0;0;0;0;0;0;0;0;0;0;0;0;0;0;0;0;0;0;0;0;0;0;0;0;0;0;0;0;0;0;0;0;0;0;0;0;0;0;0;0;0;0;0;0;0;0;0;0;0;0;0;0;0;0.9;0;0.9;0;0;0.9;0;0;0;0;0;0;0;0;0;0;0;0;0;0;0;0;0;0;0;0;0;0;0;0;0;0;0
c4-shattered-psyche;C4 - Shattered Psyche;Alloyin;XXXX;forgeborn-ability;;FALSE;;;;;;;;;;Destroy a creature with 12A or less.;0;0;0;0;0;0;0;0;0;0;0;0;0;0;0;0;0;0;0;0;0;0;0;0;0;0;0;0;0;0;0;0;0;0;0;0;0;0;0;0;0;0;0;0;0;0;0;0;0;0;0;0;0;0;0;0;0;0;0;0.2;0;0;0;0;0;0;0;0;0;0;0;0;0;0;0;0;0.2;0;0;0;0;0;0;0;0;0;0;0;0;0;0;0;0;0;0;0;0;0;0;0;0;0;0
c4-synaptic-siphon;C4 - Synaptic Siphon;Alloyin;XXXX;forgeborn-ability;;FALSE;;;;;;;;;;Give a creature -12A.  Give a creature +12A.;0;0;0;0;0;0;0;0;0;0;0;0;0;0;0;0;0;0;0;0;0;0;0;0;0;0;0;0;0;0;0;0;0;0;0;0;0;0;0;0;0;0;0;0;0;0;0;0;0;0;0;0;0;0;0;0;0;0;0;0;0;0;0;0;0;0;0;0;0;0;0.2;0;0.2;0;0;0.2;0;0;0;0;0;0;0;0;0;0;0;0;0;0;0;0;0;0;0;0;0;0;0;0;0;0;0
c2-formation;C2 - Formation;Alloyin;XXXX;forgeborn-ability;;FALSE;;;;Give a creature +3A and creatures adjacent to it +2A.;;;;;;;0;0;0;0;0;0;0;0;0;0;0;0;0;0;0;0;0;0;0;0;0;0;0;0;0;0;0;0;0;0;0;0;0;0;0;0;0;0;0;0;0;0;0;0;0;0;0;0;0;0;0;0;0;0;0;0;0;0;0;0;0;0;0;0;0;0;0;0;0;0;1;0;1;0;0;0;0;0;0;0;0;0;0;0;0;0;0;0;0;0;0;0;0;0;0;0;0;0;0;0;0;0;0
c3-formation;C3 - Formation;Alloyin;XXXX;forgeborn-ability;;FALSE;;;;;;;Give a creature +6A and creatures adjacent to it +4A.;;;;0;0;0;0;0;0;0;0;0;0;0;0;0;0;0;0;0;0;0;0;0;0;0;0;0;0;0;0;0;0;0;0;0;0;0;0;0;0;0;0;0;0;0;0;0;0;0;0;0;0;0;0;0;0;0;0;0;0;0;0;0;0;0;0;0;0;0;0;0;0;0.9;0;0.9;0;0;0;0;0;0;0;0;0;0;0;0;0;0;0;0;0;0;0;0;0;0;0;0;0;0;0;0;0;0
c4-formation;C4 - Formation;Alloyin;XXXX;forgeborn-ability;;FALSE;;;;;;;;;;Give a creature +12A and creatures adjacent to it +8A.;0;0;0;0;0;0;0;0;0;0;0;0;0;0;0;0;0;0;0;0;0;0;0;0;0;0;0;0;0;0;0;0;0;0;0;0;0;0;0;0;0;0;0;0;0;0;0;0;0;0;0;0;0;0;0;0;0;0;0;0;0;0;0;0;0;0;0;0;0;0;0.2;0;0.2;0;0;0;0;0;0;0;0;0;0;0;0;0;0;0;0;0;0;0;0;0;0;0;0;0;0;0;0;0;0
c2-optimize;C2 - Optimize;Alloyin;XXXX;forgeborn-ability;;FALSE;;;;Play a Gizmo <b>Minion</b>. Give the next creature you play this turn +2A,+2H.;;;;;;;0;0;0;0;0;0;0;0;0;0;0;0;0;0;0;0;1;0;0;0;0;0;0;0;0;0;0;0;0;0;0;1;0;0;0;1;0;0;0;0;0;0;0;0;0;0;0;0;0;0;0;0;0;0;0;0;0;0;0;0;0;0;0;0;0;0;0;0;0;1;0;0;1;0;0;0;0;0;0;0;0;0;0;0;0;0;0;0;0;0;0;0;0;0;0;0;0;0;0;0;0;0;0
c3-optimize;C3 - Optimize;Alloyin;XXXX;forgeborn-ability;;FALSE;;;;;;;Play a Gizmo <b>Minion</b>. Give the next creature you play this turn +4A,+4H.;;;;0;0;0;0;0;0;0;0;0;0;0;0;0;0;0;0;0.9;0;0;0;0;0;0;0;0;0;0;0;0;0;0;0.9;0;0;0;0.9;0;0;0;0;0;0;0;0;0;0;0;0;0;0;0;0;0;0;0;0;0;0;0;0;0;0;0;0;0;0;0;0;0;0.9;0;0;0.9;0;0;0;0;0;0;0;0;0;0;0;0;0;0;0;0;0;0;0;0;0;0;0;0;0;0;0;0;0;0
c4-optimize;C4 - Optimize;Alloyin;XXXX;forgeborn-ability;;FALSE;;;;;;;;;;Play a Mega Gizmo <b>Minion</b>. Give the next creature you play this turn +6A,+6H.;0;0;0;0;0;0;0;0;0;0;0;0;0;0;0;0;0.2;0;0;0;0;0;0;0;0;0;0;0;0;0;0;0.2;0;0;0;0.2;0;0;0;0;0;0;0;0;0;0;0;0;0;0;0;0;0;0;0;0;0;0;0;0;0;0;0;0;0;0;0;0;0;0.2;0;0;0.2;0;0;0;0;0;0;0;0;0;0;0;0;0;0;0;0;0;0;0;0;0;0;0;0;0;0;0;0;0;0
c2-sorrow;C2 - Sorrow;Nekrium;XXXX;forgeborn-ability;;FALSE;;;;Give all non-Nekrium creatures -2A,-2H.;;;;;;;0;0;0;0;0;0;0;0;0;0;0;0;0;0;0;0;0;0;0;0;0;0;0;0;0;0;0;0;0;0;0;0;0;0;0;0;0;0;0;0;0;0;0;0;0;0;0;0;0;0;0;0;0;0;0;0;0;0;0;1;0;0;0;0;0;0;0;0;0;0;0;0;0;0;0;0;0;0;0;0;0;0;0;0;0;0;0;0;0;0;0;0;0;0;0;0;0;0;0;0;0;0;1
c3-sorrow;C3 - Sorrow;Nekrium;XXXX;forgeborn-ability;;FALSE;;;;;;;Give all non-Nekrium creatures -3A,-3H.;;;;0;0;0;0;0;0;0;0;0;0;0;0;0;0;0;0;0;0;0;0;0;0;0;0;0;0;0;0;0;0;0;0;0;0;0;0;0;0;0;0;0;0;0;0;0;0;0;0;0;0;0;0;0;0;0;0;0;0;0;0.9;0;0;0;0;0;0;0;0;0;0;0;0;0;0;0;0;0;0;0;0;0;0;0;0;0;0;0;0;0;0;0;0;0;0;0;0;0;0;0;0;0;0;1
c4-sorrow;C4 - Sorrow;Nekrium;XXXX;forgeborn-ability;;FALSE;;;;;;;;;;Give all non-Nekrium creatures -5A,-5H.;0;0;0;0;0;0;0;0;0;0;0;0;0;0;0;0;0;0;0;0;0;0;0;0;0;0;0;0;0;0;0;0;0;0;0;0;0;0;0;0;0;0;0;0;0;0;0;0;0;0;0;0;0;0;0;0;0;0;0;0.2;0;0;0;0;0;0;0;0;0;0;0;0;0;0;0;0;0;0;0;0;0;0;0;0;0;0;0;0;0;0;0;0;0;0;0;0;0;0;0;0;0;0;0.5
c2-blast-wave;C2 - Blast Wave;Tempys;XXXX;forgeborn-ability;;FALSE;;;;Deal 3 damage to up to two creatures.;;;;;;;0;0;0;0;0;0;0;0;0;0;0;0;0;0;0;0;0;0;0;0;0;0;0;0;0;0;0;0;0;0;0;0;0;0;0;0;0;0;0;0;0;0;0;0;0;0;0;0;0;0;0;0;0;0;0;0;0;0;0;1;0;0;0;0;0;0;0;0;0;0;0;0;0;0;0;0;0;0;0;0;0;0;0;0;0;0;0;0;0;0;0;0;0;0;0;0;0;0;0;0;0;0;0
c3-blast-wave;C3 - Blast Wave;Tempys;XXXX;forgeborn-ability;;FALSE;;;;;;;Deal 5 damage to up to two creatures.;;;;0;0;0;0;0;0;0;0;0;0;0;0;0;0;0;0;0;0;0;0;0;0;0;0;0;0;0;0;0;0;0;0;0;0;0;0;0;0;0;0;0;0;0;0;0;0;0;0;0;0;0;0;0;0;0;0;0;0;0;0.9;0;0;0;0;0;0;0;0;0;0;0;0;0;0;0;0;0;0;0;0;0;0;0;0;0;0;0;0;0;0;0;0;0;0;0;0;0;0;0;0;0;0;0
c4-blast-wave;C4 - Blast Wave;Tempys;XXXX;forgeborn-ability;;FALSE;;;;;;;;;;Deal 9 damage to up to two creatures.;0;0;0;0;0;0;0;0;0;0;0;0;0;0;0;0;0;0;0;0;0;0;0;0;0;0;0;0;0;0;0;0;0;0;0;0;0;0;0;0;0;0;0;0;0;0;0;0;0;0;0;0;0;0;0;0;0;0;0;0.2;0;0;0;0;0;0;0;0;0;0;0;0;0;0;0;0;0;0;0;0;0;0;0;0;0;0;0;0;0;0;0;0;0;0;0;0;0;0;0;0;0;0;0
c2-bounty;C2 - Bounty;Uterra;XXXX;forgeborn-ability;;FALSE;;;;You gain 2H for each creature you have in play.;;;;;;;0;0;0;0;0;0;0;0;0;0;0;0;0;0;0;0;0;0;0;0;0;0;0;0;0;0;0;0;0;0;0;0;0;0;0;0;0;1;0;0;0;0;0;0;0;0;0;0;0;0;0;0;0;0;0;0;0;0;0;0;0;0;0;0;0;0;0;0;0;0;0;0;0;0;0;0;0;0;0;0;0;0;0;0;0;0;0;0;0;0;0;0;0;0;0;0;0;0;0;0;0;0;0
c3-bounty;C3 - Bounty;Uterra;XXXX;forgeborn-ability;;FALSE;;;;;;;You gain 3H for each creature you have in play.;;;;0;0;0;0;0;0;0;0;0;0;0;0;0;0;0;0;0;0;0;0;0;0;0;0;0;0;0;0;0;0;0;0;0;0;0;0;0;0.9;0;0;0;0;0;0;0;0;0;0;0;0;0;0;0;0;0;0;0;0;0;0;0;0;0;0;0;0;0;0;0;0;0;0;0;0;0;0;0;0;0;0;0;0;0;0;0;0;0;0;0;0;0;0;0;0;0;0;0;0;0;0;0;0;0
c4-bounty;C4 - Bounty;Uterra;XXXX;forgeborn-ability;;FALSE;;;;;;;;;;You gain 4H for each creature you have in play.;0;0;0;0;0;0;0;0;0;0;0;0;0;0;0;0;0;0;0;0;0;0;0;0;0;0;0;0;0;0;0;0;0;0;0;0;0;0.2;0;0;0;0;0;0;0;0;0;0;0;0;0;0;0;0;0;0;0;0;0;0;0;0;0;0;0;0;0;0;0;0;0;0;0;0;0;0;0;0;0;0;0;0;0;0;0;0;0;0;0;0;0;0;0;0;0;0;0;0;0;0;0;0;0
c2-shields-up;C2 - Shields Up;Alloyin;XXXX;forgeborn-ability;;FALSE;;;;You and your creatures get 4D this turn.;;;;;;;0;0;0;0;0;0;0;0;0;0;0;0;0;0;0;0;0;0;0;0;0;0;0;0;0;0;0;0;0;0;0;0;0;0;0;0;0;0;0;0;0;0;0;0;1;0;1;0;0;0;0;0;0;0;0;0;0;0;0;0;0;0;0;0;0;0;0;0;0;0;0;0;0;0;0;0;0;0;0;0;0;0;0;0;0;0;0;0;0;0;0;0;0;0;0;0;0;0;0;0;0;0;0
c2-intimidate;C2 - Intimidate;Alloyin;XXXX;forgeborn-ability;;FALSE;;;;Set a creature's A to 0.;;;;;;;0;0;0;0;0;0;0;0;0;0;0;0;0;0;0;0;0;0;0;0;0;0;0;0;0;0;0;0;0;0;0;0;0;0;0;0;0;0;0;0;0;0;0;0;0;0;0;0;0;0;0;0;0;0;0;0;0;0;0;0;0;0;0;0;0;0;0;0;0;0;0;0;0;0;0;1;0;0;0;0;0;0;0;0;0;0;0;0;0;0;0;0;0;0;0;0;0;0;0;0;0;0;0
c3-shields-up;C3 - Shields Up;Alloyin;XXXX;forgeborn-ability;;FALSE;;;;;;;You and your creatures get 6D this turn.;;;;0;0;0;0;0;0;0;0;0;0;0;0;0;0;0;0;0;0;0;0;0;0;0;0;0;0;0;0;0;0;0;0;0;0;0;0;0;0;0;0;0;0;0;0;0.9;0;0.9;0;0;0;0;0;0;0;0;0;0;0;0;0;0;0;0;0;0;0;0;0;0;0;0;0;0;0;0;0;0;0;0;0;0;0;0;0;0;0;0;0;0;0;0;0;0;0;0;0;0;0;0;0;0;0;0
c3-intimidate;C3 - Intimidate;Alloyin;XXXX;forgeborn-ability;;FALSE;;;;;;;Set a creature's A to 0.;;;;0;0;0;0;0;0;0;0;0;0;0;0;0;0;0;0;0;0;0;0;0;0;0;0;0;0;0;0;0;0;0;0;0;0;0;0;0;0;0;0;0;0;0;0;0;0;0;0;0;0;0;0;0;0;0;0;0;0;0;0;0;0;0;0;0;0;0;0;0;0;0;0;0;0;0;0.9;0;0;0;0;0;0;0;0;0;0;0;0;0;0;0;0;0;0;0;0;0;0;0;0;0;0;0
c4-shields-up;C4 - Shields Up;Alloyin;XXXX;forgeborn-ability;;FALSE;;;;;;;;;;You and your creatures get 10D this turn.;0;0;0;0;0;0;0;0;0;0;0;0;0;0;0;0;0;0;0;0;0;0;0;0;0;0;0;0;0;0;0;0;0;0;0;0;0;0;0;0;0;0;0;0;0.2;0;0.2;0;0;0;0;0;0;0;0;0;0;0;0;0;0;0;0;0;0;0;0;0;0;0;0;0;0;0;0;0;0;0;0;0;0;0;0;0;0;0;0;0;0;0;0;0;0;0;0;0;0;0;0;0;0;0;0
c4-intimidate;C4 - Intimidate;Alloyin;XXXX;forgeborn-ability;;FALSE;;;;;;;;;;Set a creature's A to 0.;0;0;0;0;0;0;0;0;0;0;0;0;0;0;0;0;0;0;0;0;0;0;0;0;0;0;0;0;0;0;0;0;0;0;0;0;0;0;0;0;0;0;0;0;0;0;0;0;0;0;0;0;0;0;0;0;0;0;0;0;0;0;0;0;0;0;0;0;0;0;0;0;0;0;0;0.2;0;0;0;0;0;0;0;0;0;0;0;0;0;0;0;0;0;0;0;0;0;0;0;0;0;0;0
c2-enhance;C2 - Enhance;Alloyin;XXXX;forgeborn-ability;;FALSE;;;;Play a Gizmo <b>Minion</b>.  <b>Upgrade</b> a L1 card in your hand.;;;;;;;0;0;0;0;0;0;0;0;0;0;0;0;0;0;0;0;1;0;0;0;0;0;0;0;0;0;0;0;0;0;0;1;0;0;0;1;0;0;0;0;0;0;0;0;0;0;0;0;0;0;0;1;0;0;0;0;0;0;0;0;0;0;0;0;0;0;0;0;0;1;0;0;1;0;0;0;0;0;0;0;0;0;0;0;0;0;0;0;0;0;0;0;0;0;0;0;0;0;0;0;0;0;0
c2-inspire;C2 - Inspire;Alloyin;XXXX;forgeborn-ability;;FALSE;;;;This has the L2 ability of your unused Forgeborn.;;;;;;;0;0;0;0;0;0;0;0;0;0;0;0;0;0;0;0;0;0;0;0;0;0;0;0;0;0;0;0;0;0;0;0;0;0;0;0;0;0;0;0;0;0;0;0;0;0;0;0;0;0;0;0;0;0;0;0;0;0;0;0;0;0;0;0;0;0;0;0;0;0;0;0;0;0;0;0;0;0;0;0;0;0;0;0;0;0;0;0;0;0;0;0;0;0;0;0;0;0;0;0;0;0;0
c3-enhance;C3 - Enhance;Alloyin;XXXX;forgeborn-ability;;FALSE;;;;;;;Play a Gizmo <b>Minion</b>.  <b>Upgrade</b> a card in your hand.;;;;0;0;0;0;0;0;0;0;0;0;0;0;0;0;0;0;0.9;0;0;0;0;0;0;0;0;0;0;0;0;0;0;0.9;0;0;0;0.9;0;0;0;0;0;0;0;0;0;0;0;0;0;0;0;0.9;0;0;0;0;0;0;0;0;0;0;0;0;0;0;0;0;0;0.9;0;0;0.9;0;0;0;0;0;0;0;0;0;0;0;0;0;0;0;0;0;0;0;0;0;0;0;0;0;0;0;0;0;0
c3-inspire;C3 - Inspire;Alloyin;XXXX;forgeborn-ability;;FALSE;;;;;;;This has the L3 ability of your unused Forgeborn.;;;;0;0;0;0;0;0;0;0;0;0;0;0;0;0;0;0;0;0;0;0;0;0;0;0;0;0;0;0;0;0;0;0;0;0;0;0;0;0;0;0;0;0;0;0;0;0;0;0;0;0;0;0;0;0;0;0;0;0;0;0;0;0;0;0;0;0;0;0;0;0;0;0;0;0;0;0;0;0;0;0;0;0;0;0;0;0;0;0;0;0;0;0;0;0;0;0;0;0;0;0;0;0;0
c4-enhance;C4 - Enhance;Alloyin;XXXX;forgeborn-ability;;FALSE;;;;;;;;;;Play a Mega Gizmo <b>Minion</b>.  <b>Upgrade</b> a card in your hand twice.;0;0;0;0;0;0;0;0;0;0;0;0;0;0;0;0;0.2;0;0;0;0;0;0;0;0;0;0;0;0;0;0;0.2;0;0;0;0.2;0;0;0;0;0;0;0;0;0;0;0;0;0;0;0;0.2;0;0;0;0;0;0;0;0;0;0;0;0;0;0;0;0;0;0.2;0;0;0.2;0;0;0;0;0;0;0;0;0;0;0;0;0;0;0;0;0;0;0;0;0;0;0;0;0;0;0;0;0;0
c4-inspire;C4 - Inspire;Alloyin;XXXX;forgeborn-ability;;FALSE;;;;;;;;;;This has the L4 ability of your unused Forgeborn.;0;0;0;0;0;0;0;0;0;0;0;0;0;0;0;0;0;0;0;0;0;0;0;0;0;0;0;0;0;0;0;0;0;0;0;0;0;0;0;0;0;0;0;0;0;0;0;0;0;0;0;0;0;0;0;0;0;0;0;0;0;0;0;0;0;0;0;0;0;0;0;0;0;0;0;0;0;0;0;0;0;0;0;0;0;0;0;0;0;0;0;0;0;0;0;0;0;0;0;0;0;0;0
c2-army-commander;C2 - Army Commander;Nekrium;XXXX;forgeborn-ability;;FALSE;;;;<b>Upgrade</b> a L1 card in your discard pile, then return it to your hand.;;;;;;;0;0;0;0;0;0;0;0;0;0;0;0;0;0;0;0;0;0;0;0;0;0;0;0;0;0;0;0;0;0;0;0;0;0;0;0;0;0;0;0;0;0;0;0;0;0;0;0;0;0;0;1;0;0;0;0;0;0;0;0;0;0;0;0;0;0;0;0;0;0;0;0;0;0;0;0;0;0;0;0;0;0;0;0;0;0;0;0;0;0;0;0;0;0;0;0;0;0;0;0;0;0;0
c3-army-commander;C3 - Army Commander;Nekrium;XXXX;forgeborn-ability;;FALSE;;;;;;;<b>Upgrade</b> up to two cards in your discard pile, then return one of them to your hand.;;;;0;0;0;0;0;0;0;0;0;0;0;0;0;0;0;0;0;0;0;0;0;0;0;0;0;0;0;0;0;0;0;0;0;0;0;0;0;0;0;0;0;0;0;0;0;0;0;0;0;0;0;0.9;0;0;0;0;0;0;0;0;0;0;0;0;0;0;0;0;0;0;0;0;0;0;0;0;0;0;0;0;0;0;0;0;0;0;0;0;0;0;0;0;0;0;0;0;0;0;0;0;0;0;0
c4-army-commander;C4 - Army Commander;Nekrium;XXXX;forgeborn-ability;;FALSE;;;;;;;;;;<b>Upgrade</b> a card in your discard pile up to two times.  Then, you may play it for <b>Free</b>.;0;0;0;0;0;0;0;0;0;0;0;0;0;0;0;0;0;0;0;0;0;0;0;0;0;0;0;0;0;0;0;0;0;0;0;0;0;0;0;0;0;0;0;0;0;0;0;0;0;0.2;0;0.2;0;0;0;0;0;0;0;0;0;0;0;0;0;0;0;0;0;0;0;0;0;0;0;0;0;0;0;0;0;0;0;0;0;0;0;0;0;0;0;0;0;0;0;0;0;0;0;1;0;0;0
c2-soul-rip;C2 - Soul Rip;Nekrium;XXXX;forgeborn-ability;;FALSE;;;;Destroy one of your creatures to play a L1 creature for <b>Free</b>.;;;;;;;0;0;0;0;0;0;0;0;0;0;0;0;0;0;0;0;0;0;0;0;0;0;0;0;0;0;0;0;0;0;0;0;0;0;0;0;0;0;0;0;0;0;0;0;0;0;0;0;0;1;0;0;0;0;0;0;0;0;0;0;0;0;0;0;0;0;0;0;0;0;0;0;0;0;0;0;0;0;0;0;1;0;0;0;0;0;0;0;0;0;0;0;0;0;0;0;0;0;0;0;0;0;0
c2-dark-summoning;C2 - Dark Summoning;Nekrium;XXXX;forgeborn-ability;;FALSE;;;;Play a Zombie Brute <b>Minion</b>.;;;;;;;0;0;0;0;0;0;0;0;0;0;0;0;0;0;0;0;0;0;0;0;0;0;0;0;0;0;0;0;0;1;0;1;0;0;0;0;0;0;0;0;0;0;0;0;0;0;0;0;0;0;0;0;0;0;0;0;0;0;0;0;0;0;0;0;0;0;0;0;0;0;0;0;0;0;0;0;0;0;0;0;0;0;0;0;0;0;0;0;0;0;0;0;0;0;0;0;0;0;0;0;0;0;0
c3-soul-rip;C3 - Soul Rip;Nekrium;XXXX;forgeborn-ability;;FALSE;;;;;;;Destroy one of your creatures to play a L1 or L2 creature for <b>Free</b>.;;;;0;0;0;0;0;0;0;0;0;0;0;0;0;0;0;0;0;0;0;0;0;0;0;0;0;0;0;0;0;0;0;0;0;0;0;0;0;0;0;0;0;0;0;0;0;0;0;0;0;0.9;0;0;0;0;0;0;0;0;0;0;0;0;0;0;0;0;0;0;0;0;0;0;0;0;0;0;0;0;0;0;0.9;0;0;0;0;0;0;0;0;0;0;0;0;0;0;0;0;0;0;0;0;0;0
c3-dark-summoning;C3 - Dark Summoning;Nekrium;XXXX;forgeborn-ability;;FALSE;;;;;;;Play a L1 creature from your discard pile for <b>Free</b>.;;;;0;0;0;0;0;0;0;0;0;0;0;0;0;0;0;0;0;0;0;0;0;0;0;0;0;0;0;0;0;0;0;0;0;0;0;0;0;0;0;0;0;0;0;0;0;0;0;0;0;0.9;0;0;0;0;0;0;0;0;0;0;0;0;0;0;0;0;0;0;0;0;0;0;0;0;0;0;0;0;0;0;0;0;0;0;0;0;0;0;0;0;0;0;0;0;0;0;0;0;0;0;0;0;0
c4-soul-rip;C4 - Soul Rip;Nekrium;XXXX;forgeborn-ability;;FALSE;;;;;;;;;;Destroy one of your creatures to play a creature for <b>Free</b>.;0;0;0;0;0;0;0;0;0;0;0;0;0;0;0;0;0;0;0;0;0;0;0;0;0;0;0;0;0;0;0;0;0;0;0;0;0;0;0;0;0;0;0;0;0;0;0;0;0;0.2;0;0;0;0;0;0;0;0;0;0;0;0;0;0;0;0;0;0;0;0;0;0;0;0;0;0;0;0;0;0;0.2;0;0;0;0;0;0;0;0;0;0;0;0;0;0;0;0;0;0;0;0;0;0
c4-dark-summoning;C4 - Dark Summoning;Nekrium;XXXX;forgeborn-ability;;FALSE;;;;;;;;;;Play a L1 or L2 creature from your discard pile for <b>Free</b>.;0;0;0;0;0;0;0;0;0;0;0;0;0;0;0;0;0;0;0;0;0;0;0;0;0;0;0;0;0;0;0;0;0;0;0;0;0;0;0;0;0;0;0;0;0;0;0;0;0;0.2;0;0;0;0;0;0;0;0;0;0;0;0;0;0;0;0;0;0;0;0;0;0;0;0;0;0;0;0;0;0;0;0;0;0;0;0;0;0;0;0;0;0;0;0;0;0;0;0;0;0;0;0;0
c2-demolish;C2 - Demolish;Tempys;XXXX;forgeborn-ability;;FALSE;;;;Destroy a creature with decreased H.;;;;;;;0;0;0;0;0;0;0;0;0;0;0;0;0;0;0;0;0;0;0;0;0;0;0;0;0;0;0;0;0;0;0;0;0;0;0;0;0;0;0;0;0;0;0;0;0;0;0;0;0;0;0;0;0;0;0;0;0;0;0;1;0;0;0;0;0;0;0;0;0;0;0;0;0;0;0;0;0;0;0;0;0;0;0;0;0;0;0;0;0;0;0;0;0;0;0;0;0;0;0;0;0;0;0
c2-lightning-speed;C2 - Lightning Speed;Tempys;XXXX;forgeborn-ability;;FALSE;;;;Give your creatures +2A.  This turn, they get <b>Aggressive</b>.;;;;;;;0;0;0;0;0;0;0;0;0;0;0;0;0;0;0;0;0;0;0;0;0;0;0;0;0;0;0;0;0;0;0;0;0;0;0;0;0;0;0;0;0;0;0;0;0;0;0;0;0;0;0;0;0;0;0;0;0;0;0;0;0;0;0;1;0;0;0;0;0;0;1;0;1;0;0;0;0;0;0;0;0;0;0;0;0;0;0;0;0;0;0;0;0;0;0;0;0;0;0;0;0;0;0
c3-demolish;C3 - Demolish;Tempys;XXXX;forgeborn-ability;;FALSE;;;;;;;Destroy a creature with decreased H.;;;;0;0;0;0;0;0;0;0;0;0;0;0;0;0;0;0;0;0;0;0;0;0;0;0;0;0;0;0;0;0;0;0;0;0;0;0;0;0;0;0;0;0;0;0;0;0;0;0;0;0;0;0;0;0;0;0;0;0;0;0.9;0;0;0;0;0;0;0;0;0;0;0;0;0;0;0;0;0;0;0;0;0;0;0;0;0;0;0;0;0;0;0;0;0;0;0;0;0;0;0;0;0;0;0
c3-lightning-speed;C3 - Lightning Speed;Tempys;XXXX;forgeborn-ability;;FALSE;;;;;;;Give your creatures +3A.  This turn, they get <b>Aggressive</b>.;;;;0;0;0;0;0;0;0;0;0;0;0;0;0;0;0;0;0;0;0;0;0;0;0;0;0;0;0;0;0;0;0;0;0;0;0;0;0;0;0;0;0;0;0;0;0;0;0;0;0;0;0;0;0;0;0;0;0;0;0;0;0;0;0;0.9;0;0;0;0;0;0;0.9;0;0.9;0;0;0;0;0;0;0;0;0;0;0;0;0;0;0;0;0;0;0;0;0;0;0;0;0;0;0;0;0;0
c4-demolish;C4 - Demolish;Tempys;XXXX;forgeborn-ability;;FALSE;;;;;;;;;;Destroy a creature with decreased H.;0;0;0;0;0;0;0;0;0;0;0;0;0;0;0;0;0;0;0;0;0;0;0;0;0;0;0;0;0;0;0;0;0;0;0;0;0;0;0;0;0;0;0;0;0;0;0;0;0;0;0;0;0;0;0;0;0;0;0;0.2;0;0;0;0;0;0;0;0;0;0;0;0;0;0;0;0;0;0;0;0;0;0;0;0;0;0;0;0;0;0;0;0;0;0;0;0;0;0;0;0;0;0;0
c4-lightning-speed;C4 - Lightning Speed;Tempys;XXXX;forgeborn-ability;;FALSE;;;;;;;;;;Give your creatures +4A.  This turn, they get <b>Aggressive</b>.;0;0;0;0;0;0;0;0;0;0;0;0;0;0;0;0;0;0;0;0;0;0;0;0;0;0;0;0;0;0;0;0;0;0;0;0;0;0;0;0;0;0;0;0;0;0;0;0;0;0;0;0;0;0;0;0;0;0;0;0;0;0;0;0.2;0;0;0;0;0;0;0.2;0;0.2;0;0;0;0;0;0;0;0;0;0;0;0;0;0;0;0;0;0;0;0;0;0;0;0;0;0;0;0;0;0
c2-stim-bolt;C2 - Stim Bolt;Tempys;XXXX;forgeborn-ability;;FALSE;;;;Play a spell for <b>Free</b>.;;;;;;;0;0;0;0;0;0;0;0;0;0;0;0;0;0;0;0;0;0;0;0;0;0;0;0;0;0;0;0;0;0;0;0;0;1;0;0;0;0;0;0;0;0;0;0;0;0;0;0;0;1;0;0;0;0;0;0;0;0;0;0;0;0;0;0;0;0;0;0;0;0;0;0;0;0;0;0;0;0;0;0;0;0;0;0;0;0;0;0;0;0;0;0;0;0;0;0;0;0;0;0;0;0;0
c3-stim-bolt;C3 - Stim Bolt;Tempys;XXXX;forgeborn-ability;;FALSE;;;;;;;Play a spell for <b>Free</b>.;;;;0;0;0;0;0;0;0;0;0;0;0;0;0;0;0;0;0;0;0;0;0;0;0;0;0;0;0;0;0;0;0;0;0;0.9;0;0;0;0;0;0;0;0;0;0;0;0;0;0;0;0.9;0;0;0;0;0;0;0;0;0;0;0;0;0;0;0;0;0;0;0;0;0;0;0;0;0;0;0;0;0;0;0;0;0;0;0;0;0;0;0;0;0;0;0;0;0;0;0;0;0;0;0;0;0
c4-stim-bolt;C4 - Stim Bolt;Tempys;XXXX;forgeborn-ability;;FALSE;;;;;;;;;;Play a spell for <b>Free</b>.;0;0;0;0;0;0;0;0;0;0;0;0;0;0;0;0;0;0;0;0;0;0;0;0;0;0;0;0;0;0;0;0;0;0.2;0;0;0;0;0;0;0;0;0;0;0;0;0;0;0;0.2;0;0;0;0;0;0;0;0;0;0;0;0;0;0;0;0;0;0;0;0;0;0;0;0;0;0;0;0;0;0;0;0;0;0;0;0;0;0;0;0;0;0;0;0;0;0;0;0;0;0;0;0;0
c2-novas-dominion;C2 - Nova's Dominion;Uterra;XXXX;forgeborn-ability;;FALSE;;;;Play up to two Wisp <b>Minions</b>.;;;;;;;0;0;0;0;0;0;0;0;0;0;0;0;0;0;0;0;0;0;0;0;0;1;0;0;0;0;0;0;0;0;0;1;0;0;0;0;0;0;0;0;0;0;0;0;0;0;0;0;0;0;0;0;0;0;0;0;0;0;0;0;0;0;0;0;0;0;0;0;0;0;0;0;0;0;0;0;0;0;0;0;0;0;0;0;0;0;0;0;0;0;0;0;0;0;0;0;0;0;0;0;0;0;0
c3-novas-dominion;C3 - Nova's Dominion;Uterra;XXXX;forgeborn-ability;;FALSE;;;;;;;Play an Oakfather <b>Minion</b>.;;;;0;0;0;0;0;0;0;0;0;0;0;0;0;0;0.9;0;0;0;0;0;0;0.9;0;0;0;0;0;0;0;0;0;0.9;0;0;0;0;0;0;0;0;0;0;0;0;0;0;0;0;0;0;0;0;0;0;0;0;0;0;0;0;0.9;0;0;0;0;0;0;0;0;0;0;0;0;0;0;0;0;0;0;0;0;0;0;0;0;0;0;0;0;0;0;0;0;0;0;0;0;0;0;0;0;0;0
c4-novas-dominion;C4 - Nova's Dominion;Uterra;XXXX;forgeborn-ability;;FALSE;;;;;;;;;;Play up to two Oakfather <b>Minions</b>.;0;0;0;0;0;0;0;0;0;0;0;0;0;0;0.2;0;0;0;0;0;0;0.2;0;0;0;0;0;0;0;0;0;0.2;0;0;0;0;0;0;0;0;0;0;0;0;0;0;0;0;0;0;0;0;0;0;0;0;0;0;0;0;0.2;0;0;0;0;0;0;0;0;0;0;0;0;0;0;0;0;0;0;0;0;0;0;0;0;0;0;0;0;0;0;0;0;0;0;0;0;0;0;0;0;0;0
c2-darkforge-drain;C2 - Darkforge Drain;Uterra;XXXX;forgeborn-ability;;FALSE;;;;Give a creature +2A,+2H for each spell in your banish pile.;;;;;;;0;0;0;0;0;0;0;0;0;0;0;0;0;0;0;0;0;0;0;0;0;0;0;0;0;0;0;0;0;0;0;0;0;1;0;0;0;0;0;0;0;0;0;0;0;0;0;0;0;0;0;0;0;0;0;0;0;0;0;0;0;0;0;0;0;0;0;0;0;1;0;0;1;0;0;0;0;0;0;0;0;0;0;0;0;0;0;0;0;0;0;0;0;0;0;0;0;0;0;0.5;0;0;0
c3-darkforge-drain;C3 - Darkforge Drain;Uterra;XXXX;forgeborn-ability;;FALSE;;;;;;;Give a creature +2A,+2H for each spell in your banish pile.;;;;0;0;0;0;0;0;0;0;0;0;0;0;0;0;0;0;0;0;0;0;0;0;0;0;0;0;0;0;0;0;0;0;0;0.9;0;0;0;0;0;0;0;0;0;0;0;0;0;0;0;0;0;0;0;0;0;0;0;0;0;0;0;0;0;0;0;0;0;0;0;0.9;0;0;0.9;0;0;0;0;0;0;0;0;0;0;0;0;0;0;0;0;0;0;0;0;0;0;0;0;0;0;0.5;0;0;0
c4-darkforge-drain;C4 - Darkforge Drain;Uterra;XXXX;forgeborn-ability;;FALSE;;;;;;;;;;Give a creature +2A,+2H for each spell in your banish pile.;0;0;0;0;0;0;0;0;0;0;0;0;0;0;0;0;0;0;0;0;0;0;0;0;0;0;0;0;0;0;0;0;0;0.2;0;0;0;0;0;0;0;0;0;0;0;0;0;0;0;0;0;0;0;0;0;0;0;0;0;0;0;0;0;0;0;0;0;0;0;0.2;0;0;0.2;0;0;0;0;0;0;0;0;0;0;0;0;0;0;0;0;0;0;0;0;0;0;0;0;0;0;0.5;0;0;0
c2-novas-might;C2 - Nova's Might;Uterra;XXXX;forgeborn-ability;;FALSE;;;;Give your creatures +2A,+2H.;;;;;;;0;0;0;0;0;0;0;0;0;0;0;0;0;0;0;0;0;0;0;0;0;0;0;0;0;0;0;0;0;0;0;0;0;0;0;0;0;0;0;0;0;0;0;0;0;0;0;0;0;0;0;0;0;0;0;0;0;0;0;0;0;0;0;0;0;0;0;0;0;1;0;0;1;0;0;0;0;0;0;0;0;0;0;0;0;0;0;0;0;0;0;0;0;0;0;0;0;0;0;0;0;0;0
c3-novas-might;C3 - Nova's Might;Uterra;XXXX;forgeborn-ability;;FALSE;;;;;;;Give your creatures +3A,+3H.;;;;0;0;0;0;0;0;0;0;0;0;0;0;0;0;0;0;0;0;0;0;0;0;0;0;0;0;0;0;0;0;0;0;0;0;0;0;0;0;0;0;0;0;0;0;0;0;0;0;0;0;0;0;0;0;0;0;0;0;0;0;0;0;0;0;0;0;0;0;0;0.9;0;0;0.9;0;0;0;0;0;0;0;0;0;0;0;0;0;0;0;0;0;0;0;0;0;0;0;0;0;0;0;0;0;0
c4-novas-might;C4 - Nova's Might;Uterra;XXXX;forgeborn-ability;;FALSE;;;;;;;;;;Give your creatures +5A,+5H.;0;0;0;0;0;0;0;0;0;0;0;0;0;0;0;0;0;0;0;0;0;0;0;0;0;0;0;0;0;0;0;0;0;0;0;0;0;0;0;0;0;0;0;0;0;0;0;0;0;0;0;0;0;0;0;0;0;0;0;0;0;0;0;0;0;0;0;0;0;0.2;0;0;0.2;0;0;0;0;0;0;0;0;0;0;0;0;0;0;0;0;0;0;0;0;0;0;0;0;0;0;0;0;0;0
c2-cercees-propaganda;C2 - Cercee's Propaganda;Nekrium;XXXX;forgeborn-ability;;FALSE;;;;Give a creature -3A,-3H.  If it is in a lane with one of your Exalts, you may give a creature +3A,+3H.;;;;;;;0;0;0;0;0;0;0;0;0;0;0;0;0;0;0;0;0;0;0;0;0;0;0;0;0;0;0;0;0;0;0;0;0;0;0;0;0;0;0;0;0;0;0;0;0;0;0;0;0;0;0;0;0;0;0;0;0;0;0;1;0;0;0;0;0;0;0;0;0;1;0;0;1;0;1;0;0;0;0;0;0;0;0;0;0;0;1;0;0;0;0;0;0;0;0;0;0;0;0;0;0;0;0
c3-cercees-propaganda;C3 - Cercee's Propaganda;Nekrium;XXXX;forgeborn-ability;;FALSE;;;;;;;Give a creature -4A,-4H.  If it is in a lane with one of your Exalts, you may give a creature +4A,+4H.;;;;0;0;0;0;0;0;0;0;0;0;0;0;0;0;0;0;0;0;0;0;0;0;0;0;0;0;0;0;0;0;0;0;0;0;0;0;0;0;0;0;0;0;0;0;0;0;0;0;0;0;0;0;0;0;0;0;0;0;0;0.9;0;0;0;0;0;0;0;0;0;0.9;0;0;0.9;0;0.9;0;0;0;0;0;0;0;0;0;0;0;0.9;0;0;0;0;0;0;0;0;0;0;0;0;0;0;0;0
c4-cercees-propaganda;C4 - Cercee's Propaganda;Nekrium;XXXX;forgeborn-ability;;FALSE;;;;;;;;;;Give a creature -7A,-7H.  If it is in a lane with one of your Exalts, you may give a creature +7A,+7H.;0;0;0;0;0;0;0;0;0;0;0;0;0;0;0;0;0;0;0;0;0;0;0;0;0;0;0;0;0;0;0;0;0;0;0;0;0;0;0;0;0;0;0;0;0;0;0;0;0;0;0;0;0;0;0;0;0;0;0;0.2;0;0;0;0;0;0;0;0;0;0.2;0;0;0.2;0;0.2;0;0;0;0;0;0;0;0;0;0;0;0.2;0;0;0;0;0;0;0;0;0;0;0;0;0;0;0;0
c2-grave-robbery;C2 - Grave Robbery;Nekrium;XXXX;forgeborn-ability;;FALSE;;;;Put a L1 creature from an enemy player's Banish Pile into play in any of your lanes.;;;;;;;0;0;0;0;0;0;0;0;0;0;0;0;0;0;0;0;0;0;0;0;0;0;0;0;0;0;0;0;0;0;0;0;0;0;0;0;0;0;0;0;0;0;0;0;0;0;0;0;0;0;1;0;0;0;0;0;0;0;0;0;0;0;0;0;0;0;0;0;0;0;0;0;0;0;0;0;0;0;0;0;0;0;0;0;0;0;0;0;0;0;0;0;0;0;0;0;0;0;0;0;0;0;0
c3-grave-robbery;C3 - Grave Robbery;Nekrium;XXXX;forgeborn-ability;;FALSE;;;;;;;Put a L1 or L2 creature from an enemy player's Banish Pile into play in any of your lanes.;;;;0;0;0;0;0;0;0;0;0;0;0;0;0;0;0;0;0;0;0;0;0;0;0;0;0;0;0;0;0;0;0;0;0;0;0;0;0;0;0;0;0;0;0;0;0;0;0;0;0;0;0.9;0;0;0;0;0;0;0;0;0;0;0;0;0;0;0;0;0;0;0;0;0;0;0;0;0;0;0;0;0;0;0;0;0;0;0;0;0;0;0;0;0;0;0;0;0;0;0;0;0;0;0;0
c4-grave-robbery;C4 - Grave Robbery;Nekrium;XXXX;forgeborn-ability;;FALSE;;;;;;;;;;Put a creature from an enemy player's Banish Pile into play in any of your lanes.;0;0;0;0;0;0;0;0;0;0;0;0;0;0;0;0;0;0;0;0;0;0;0;0;0;0;0;0;0;0;0;0;0;0;0;0;0;0;0;0;0;0;0;0;0;0;0;0;0;0;0.2;0;0;0;0;0;0;0;0;0;0;0;0;0;0;0;0;0;0;0;0;0;0;0;0;0;0;0;0;0;0;0;0;0;0;0;0;0;0;0;0;0;0;0;0;0;0;0;0;0;0;0;0
c2-soul-syphon;C2 - Soul Syphon;Nekrium;XXXX;forgeborn-ability;;FALSE;;;;Destroy one of your creatures to give a creature +5A,+5H.;;;;;;;0;0;0;0;0;0;0;0;0;0;0;0;0;0;0;0;0;0;0;0;0;0;0;0;0;0;0;0;0;0;0;0;0;0;0;0;0;0;0;0;0;0;0;0;0;0;0;0;0;0;0;0;0;0;0;0;0;0;0;0;0;0;0;0;0;0;0;0;0;1;0;0;1;0;0;0;0;0;0;0;1;0;0;0;0;0;0;0;0;0;0;0;0;0;0;0;0;0;0;0;0;0;0
c3-soul-syphon;C3 - Soul Syphon;Nekrium;XXXX;forgeborn-ability;;FALSE;;;;;;;Destroy one of your creatures to give a creature +8A,+8H.;;;;0;0;0;0;0;0;0;0;0;0;0;0;0;0;0;0;0;0;0;0;0;0;0;0;0;0;0;0;0;0;0;0;0;0;0;0;0;0;0;0;0;0;0;0;0;0;0;0;0;0;0;0;0;0;0;0;0;0;0;0;0;0;0;0;0;0;0;0;0;0.9;0;0;0.9;0;0;0;0;0;0;0;0.9;0;0;0;0;0;0;0;0;0;0;0;0;0;0;0;0;0;0;0;0;0;0
c4-soul-syphon;C4 - Soul Syphon;Nekrium;XXXX;forgeborn-ability;;FALSE;;;;;;;;;;Destroy one of your creatures to give a creature +12A,+12H.;0;0;0;0;0;0;0;0;0;0;0;0;0;0;0;0;0;0;0;0;0;0;0;0;0;0;0;0;0;0;0;0;0;0;0;0;0;0;0;0;0;0;0;0;0;0;0;0;0;0;0;0;0;0;0;0;0;0;0;0;0;0;0;0;0;0;0;0;0;0.2;0;0;0.2;0;0;0;0;0;0;0;0.2;0;0;0;0;0;0;0;0;0;0;0;0;0;0;0;0;0;0;0;0;0;0
c2-summon-the-swarm;C2 - Summon the Swarm;Tempys;XXXX;forgeborn-ability;;FALSE;;;;Play up to two Spell Sprite <b>Minions</b>.;;;;;;;0;0;0;0;0;0;0;0;1;0;0;0;0;0;0;0;0;0;0;0;0;0;0;0;0;0;0;0;0;0;0;1;0;1;0;0;0;0;0;0;0;0;0;0;0;0;0;0;0;0;0;0;0;0;0;0;0;0;0;0;0;0;0;0;0;0;0;0;0;0;0;0;1;0;0;0;0;0;0;0;0;0;0;0;0;0;0;0;0;0;0;0;0;0;0;0;0;0;0;0;0;0;0
c3-summon-the-swarm;C3 - Summon the Swarm;Tempys;XXXX;forgeborn-ability;;FALSE;;;;;;;Play a Spell Swarm <b>Minion</b>.;;;;0;0;0;0;0;0;0;0;0.9;0;0;0;0;0;0;0;0;0;0;0;0;0;0;0;0;0;0;0;0;0;0;0.9;0;0.9;0;0;0;0;0;0;0;0;0;0;0;0;0;0;0;0;0;0;0;0;0;0;0;0;0;0;0;0;0;0;0;0;0;0;0;0;0;0;0.9;0;0;0;0;0;0;0;0;0;0;0;0;0;0;0;0;0;0;0;0;0;0;0;0;0;0;0;0;0;0
c4-summon-the-swarm;C4 - Summon the Swarm;Tempys;XXXX;forgeborn-ability;;FALSE;;;;;;;;;;Play up to two Spell Swarm <b>Minions</b>.;0;0;0;0;0;0;0;0;0.2;0;0;0;0;0;0;0;0;0;0;0;0;0;0;0;0;0;0;0;0;0;0;0.2;0;0.2;0;0;0;0;0;0;0;0;0;0;0;0;0;0;0;0;0;0;0;0;0;0;0;0;0;0;0;0;0;0;0;0;0;0;0;0;0;0;0.2;0;0;0;0;0;0;0;0;0;0;0;0;0;0;0;0;0;0;0;0;0;0;0;0;0;0;0;0;0;0
c2-shapeshift;C2 - Shapeshift;Uterra;XXXX;forgeborn-ability;;FALSE;;;;Give a creature +3A,+3H and it has all creature types this turn.;;;;;;;0;0;0;0;0;0;0;0;0;0;0;0;0;0;0;0;0;0;0;0;0;0;0;0;0;0;0;0;0;0;0;0;0;0;0;0;0;0;0;0;0;0;0;0;0;0;0;0;0;0;0;0;0;0;0;0;0;0;0;0;0;0;0;0;0;0;0;0;0;1;0;0;1;0;0;0;0;0;0;0;0;0;0;0;0;0;0;0;0;0;0;0;0;0;0;0;0;0;0;0;0;0;0
c3-shapeshift;C3 - Shapeshift;Uterra;XXXX;forgeborn-ability;;FALSE;;;;;;;Give a creature +6A,+6H and it has all creature types this turn.;;;;0;0;0;0;0;0;0;0;0;0;0;0;0;0;0;0;0;0;0;0;0;0;0;0;0;0;0;0;0;0;0;0;0;0;0;0;0;0;0;0;0;0;0;0;0;0;0;0;0;0;0;0;0;0;0;0;0;0;0;0;0;0;0;0;0;0;0;0;0;0.9;0;0;0.9;0;0;0;0;0;0;0;0;0;0;0;0;0;0;0;0;0;0;0;0;0;0;0;0;0;0;0;0;0;0
c4-shapeshift;C4 - Shapeshift;Uterra;XXXX;forgeborn-ability;;FALSE;;;;;;;;;;Give a creature +10A,+10H and it has all creature types this turn.;0;0;0;0;0;0;0;0;0;0;0;0;0;0;0;0;0;0;0;0;0;0;0;0;0;0;0;0;0;0;0;0;0;0;0;0;0;0;0;0;0;0;0;0;0;0;0;0;0;0;0;0;0;0;0;0;0;0;0;0;0;0;0;0;0;0;0;0;0;0.2;0;0;0.2;0;0;0;0;0;0;0;0;0;0;0;0;0;0;0;0;0;0;0;0;0;0;0;0;0;0;0;0;0;0
aegisynth;Aegisynth;Alloyin;XXXC;Creature;Robot;FALSE;;3;3;"1D

When this is replaced, give the creature replacing this +3A,+3H. Then, attach this to it.

Augment — 1D";5;5;"3D

When this is replaced, give the creature replacing this +5A,+5H. Then, attach this to it.

Augment — 3D";7;7;"5D

When this is replaced, give the creature replacing this +7A,+7H. Then, attach this to it.

Augment — 5D";0;0;0;0;0;0;0;0;0;0;0;0;0;0;0;0;1;0;1;0;0;0;0;0;0;0;0;0;0;0;0;0;0;0;0;1;0;0;0;0;0;0;0;1;0;0;0;0;0;0;0;0;0;0;0;0;0;0;0;0;0;0;0;0;0;0;0;0;0;0;0;0;1;0;0;0;0;0;0;0;0;0;0;0;0;0;0;0;0;0;0;0;0;0;1;0;0;0;0;0;0;0;0
aislyn-northwind;Aislyn Northwind;Tempys;XXXC;Creature;Warrior;FALSE;;3;5;"<b>Mobility</b> 1

When this moves, give an adjacent creature +3A. ";5;8;"<b>Mobility</b> 2

When this moves, give an adjacent creature +5A. ";8;12;"<b>Mobility</b> 3

When this moves, give an adjacent creature +8A. ";0;0;0;0;0;0;0;0;0;0;0;0;0;0;0;0;0;0;0;0;0;0;0;0;0;1;0;0;0;0;0;0;0;0;0;0;0;0;0;0;1;0;1;0;0;0;0;0;0;0;0;0;0;0;0;0;0;0;0;0;0;0;0;0;0;0;0;0;0;0;1;0;1;0;0;0;0;0;0;0;0;0;0;0;0;0;0;0;0;0;0;0;1;0;0;0;0;0;0;0;0;0;0
axion-shift;Axion Shift;Alloyin;XXXC;Creature;Metamind Scientist;FALSE;;4;4;<b>Deploy:</b> You may switch two enemy creatures' A.;7;7;<b>Deploy:</b> You may switch two enemy creatures' A.;8;8; <b>Activate:</b> Switch two enemy creatures' A.;0;0;0;0;0;0;0;0;0;0;0;0;1;0;0;0;0;0;0;1;0;0;0;0;0;0;0;0;0;0;0;0;0;0;0;0;0;0;0;0;0;0;0;0;0;0;0;0.3;0;0;0;0;0;0;0;0;0;0;0;0;0;0;0;0;0;0;0;0;0;0;0;0;0;0;0;0;0;0;0;0;0;0;0;0;0;0;0;0;0;0;0.9;0;0;0;0;0;0;0;0;0;0;0;0
bee;Bee;Uterra;XXXC;Creature;Beast;TRUE;;3;4;<b>Mobility</b> 1;5;6;<b>Mobility</b> 1;7;8;<b>Mobility</b> 1;1;0;0;0;0;0;0;0;0;0;0;0;0;0;0;0;0;0;0;0;0;0;0;0;0;0;0;0;0;0;0;0;0;0;0;0;0;0;0;0;1;0;0;0;0;0;0;0;0;0;0;0;0;0;0;0;0;0;0;0;0;0;0;0;0;0;0;0;0;0;0;0;0;0;0;0;0;0;0;0;0;0;0;0;0;0;0;0;0;0;0;0;0;0;0;0;0;0;0;0;0;0;0
blackcherry-dread;Blackcherry Dread;Nekrium;XXXC;Creature;Zombie Beast;FALSE;;4;2;"<b>Mobility</b> 1

When this is destroyed, another one of your creatures gets +4A,+2H. Then, attach this to it.

Augment — <b>Mobility</b> 1";7;4;"<b>Mobility</b> 1

When this is destroyed, another one of your creatures gets +4A,+2H. Then, attach this to it.

Augment — <b>Mobility</b> 1";10;6;"<b>Mobility</b> 3

When this is destroyed, another one of your creatures gets +10A,+6H. Then, attach this to it.

Augment — <b>Mobility</b> 3.";1;0;0;0;0;0;0;0;0;0;0;0;0;0;0;0;0;0;0;0;0;0;0;0;0;0;0;0;0;1;0;0;0;0;0;0;0;0;0;0;1;0;0;0;0;0;0;0;0;0;0;0;0;0;0;0;0;0;0;0;0;0;0;0;0;0;0;0;0;0;0;0;1;0;0;0;0;0;1;0;0;0;1;0;0;0;0;0;0;0;0;0;0;0;1;0;0;0;0;0;0;0;0
bubbler;Bubbler;Nekrium;XXXC;Creature;Ooze;TRUE;;3;4;;4;6;;11;15;;0;0;0;0;0;0;0;0;0;0;0;0;0;0;0;0;0;0;0;0;0;0;0;0;0;0;0;0;0;0;0;0;0;0;0;0;0;0;0;0;0;0;0;0;0;0;0;0;0;0;0;0;0;0;0;0;0;0;0;0;0;0;0;0;0;0;0;0;0;0;0;0;0;0;0;0;0;0;0;0;0;0;0;0;0;0;0;0;0;0;0;0;0;0;0;0;0;0;0;0;0;0;0
cinderheart;Cinderheart;Tempys;XXXC;Creature;Beast Spirit;FALSE;;3;5;"When you play a spell, you may attach this to one of your creatures. If you do, give it +3A,+5H. 

Augment -- When you play a spell, this gets +2A.";4;6;"When you play a spell, you may attach this to one of your creatures. If you do, give it +4A,+6H. 

Augment -- When you play a spell, this gets +3A.";8;10;"When you play a spell, you may attach this to one of your creatures. If you do, give it +8A,+10H. 

Augment -- When you play a spell, this gets +2A.";1;0;0;0;0;0;0;0;0;0;0;0;0;0;0;0;0;0;0;0;0;1;0;1;0;0;0;0;0;0;0;0;0;1;0;0;0;0;0;0;0;0;0;0;0;0;0;0;0;0;0;0;0;0;0;0;0;0;0;0;0;0;0;0;0;0;0;0;0;1;1;0;1;0;0;0;0;0;0;0;0;0;0;0;0;0;0;0;0;0;0;0;0;0;0;0;0;0;0;0;0;0;0
circuitist;Circuitist;Alloyin;XXXC;Creature;Scientist;TRUE;;0;6;;8;8;;11;3;;0;0;0;0;0;0;0;0;0;0;0;0;0;0;0;0;0;0;0;1;0;0;0;0;0;0;0;0;0;0;0;0;0;0;0;0;0;0;0;0;0;0;0;0;0;0;0;0;0;0;0;0;0;0;0;0;0;0;0;0;0;0;0;0;0;0;0;0;0;0;0;0;0;0;0;0;0;0;0;0;0;0;0;0;0;0;0;0;0;0;0;0;0;0;0;0;0;0;0;0;0;0;0
flameblade;Flameblade;Tempys;XXXC;Creature;Elemental Warrior;TRUE;;2;1;<b>Deploy:</b> This <b>Blasts</b> 3.;3;2;<b>Deploy:</b> This <b>Blasts</b> 3.;5;4;<b>Deploy:</b> This <b>Blasts</b> 3.;0;0;0;0;0;0;0;0;1;0;0;0;0;0;0;0;0;0;0;0;0;0;0;0;0;1;0;0;0;0;0;0;0;0;0;0;0;0;0;0;0;0;0;0;0;0;0;0;0;0;0;0;0;1;0;0;0;0;0;1;0;0;0;0;0;0;0;0;0;0;0;0;0;0;0;0;0;0;0;0;0;0;0;0;0;0;0;0;0;0;1;0;0;0;0;0;0;0;0;0;0;0;0
fleshfiend;Fleshfiend;Nekrium;XXXC;Creature;Abomination;TRUE;;4;4;;6;6;;8;8;;0;0;0;0;0;0;0;0;0;0;0;0;0;0;0;0;0;0;0;0;0;0;0;0;0;0;0;0;0;0;0;0;0;0;0;0;0;0;0;0;0;0;0;0;0;0;0;0;0;0;0;0;0;0;0;0;0;0;0;0;0;0;0;0;0;0;0;0;0;0;0;0;0;0;0;0;0;0;0;0;0;0;0;0;0;0;0;0;0;0;0;0;0;0;0;0;0;0;0;0;0;0;0
fleshrender-wight;Fleshrender Wight;Nekrium;XXXC;Creature;Zombie;FALSE;;3;5;"<b>Aggressive</b>

When this is destroyed, another one of your creatures gets +3A,+5H. Then, attach this to it.

Augment — <b>Aggressive</b>.";4;8;"<b>Aggressive</b>

When this is destroyed, another one of your creatures gets +4A,+8H. Then, attach this to it.

Augment — <b>Aggressive</b>.";6;10;"<b>Aggressive</b>

When this is destroyed, another one of your creatures gets +6A,+10H. Then, attach this to it.

Augment — <b>Aggressive</b>.";0;0;0;0;0;0;0;0;0;0;0;0;0;0;0;0;0;0;0;0;0;0;0;0;0;0;0;0;0;1;0;0;0;0;0;0;0;0;0;0;0;0;0;0;0;0;0;0;0;0;0;0;0;0;0;0;0;0;0;0;0;0;1;1;0;0;0;0;0;0;0;0;1;0;0;0;0;0;1;0;0;0;1;0;0;0;0;0;0;0;0;0;0;0;1;0;0;0;0;0;0;0;0
fortirex;Fortirex;Uterra;XXXC;Creature;Dinosaur;TRUE;;1;7;;2;10;;3;13;;0;0;0;0;1;0;0;0;0;0;0;0;0;0;0;0;0;0;0;0;0;0;0;0;0;0;0;0;0;0;0;0;0;0;0;0;0;0;0;0;0;0;0;0;0;0;0;0;0;0;0;0;0;0;0;0;0;0;0;0;0;0;0;0;0;0;0;0;0;0;0;0;0;0;0;0;0;0;0;0;0;0;0;0;0;0;0;0;0;0;0;0;0;0;0;0;0;0;0;0;0;0;0
frostak;Frostak;Tempys;XXXC;Creature;Yeti Mage;FALSE;;2;7;"<b>Defender</b>

<b>Activate:</b> One of your creatures loses <b>Defender</b> and gets <b>Aggressive</b> this turn. ";5;9;"<b>Defender</b>

<b>Activate:</b> Two of your creatures lose <b>Defender</b> and get <b>Aggressive</b> this turn. ";9;21;"<b>Defender</b>

<b>Activate:</b> Each of your creatures loses <b>Defender</b> and gets <b>Aggressive</b> this turn. ";0;0;0;0;0;0;0;0;0;0;1;0;0;0;0;0;0;0;0;0;0;0;0;0;0;0;0;1;0;0;0;0;0;0;0;0;0;0;0;0;0;0;0;0;0;0;0;1;0;0;0;0;0;0;0;0;0;0;0;0;0;0;0;1;1;1;0;0;0;0;0;0;0;0;0;0;0;0;0;0;0;0;0;0;0;0;0;0;0;0;0;0;0;0;0;0;0;0;0;0;0;0;0
frostfall;Frostfall;Tempys;XXXC;Creature;Elemental;TRUE;;3;2;;4;6;;14;15;;0;0;0;0;0;0;0;0;1;0;0;0;0;0;0;0;0;0;0;0;0;0;0;0;0;0;0;0;0;0;0;0;0;0;0;0;0;0;0;0;0;0;0;0;0;0;0;0;0;0;0;0;0;0;0;0;0;0;0;0;0;0;0;0;0;0;0;0;0;0;0;0;0;0;0;0;0;0;0;0;0;0;0;0;0;0;0;0;0;0;0;0;0;0;0;0;0;0;0;0;0;0;0
fuse-ooze;Fuse Ooze;Nekrium;XXXC;Creature;Ooze Warrior;FALSE;;4;7;<b>Slay:</b> This gets +A equal to the printed A of the creature it destroyed. ;6;10;<b>Slay:</b> This gets +A equal to the printed A of the creature it destroyed. ;8;11;<b>Slay:</b> This gets +A equal to the printed A of the creature it destroyed. ;0;0;0;0;0;0;0;0;0;0;0;0;0;0;0;0;0;0;0;0;0;0;0;0;0;1;0;0;0;0;0;0;0;0;0;0;0;0;0;0;0;0;0;0;0;0;0;0;0;0;0;0;0;0;0;0;0;0;0;0;0;0;0;0;0;0;0;0;0;0;1;0;1;0;0;1;0;0;0;1;0;0;1;0;0;0;0;0;1;0;0;0;0;0;0;0;0;0;0;0;0;0;0
gadgeteer;Gadgeteer;Alloyin;XXXC;Creature;Metamind Scientist;TRUE;;3;2;2D;5;3;3D;6;4;4D;0;0;0;0;0;0;0;0;0;0;0;0;1;0;0;0;0;0;0;1;0;0;0;0;0;0;0;0;0;0;0;0;0;0;0;0;0;0;0;0;0;0;0;1;0;0;0;0;0;0;0;0;0;0;0;0;0;0;0;0;0;0;0;0;0;0;0;0;0;0;0;0;0;0;0;0;0;0;0;0;0;0;0;0;0;0;0;0;0;0;0;0;0;0;0;0;0;0;0;0;0;0;0
groma-brighttusk;Groma Brighttusk;Uterra;XXXC;Creature;Mage;FALSE;;5;5;<b>Deploy:</b> If this replaced a creature, play up to one Wisp <b>Minion</b>. ;5;5;<b>Deploy:</b> If this replaced a creature, play up to one Oakfather <b>Minion</b>. ;5;5;<b>Deploy:</b> If this replaced a creature, play up to two Oakfather <b>Minions</b>. ;0;0;0;0;0;0;0;0;0;0;1;0;0;0;0.7;0;0;0;0;0;0;0.7;0;0;0;0;0;0;0;0;0;0.7;0;0;0;0;1;0;0;0;0;0;0;0;0;0;0;0;0;0;0;0;0;0;0;0;0;0;0;0;0.7;0;0;0;0;0;0;0;0;0;0;0;0;0;0;0;0;0;0;0;0;0;0;0;0;0;0;0;0;0;1;0;0;0;0;0;0;0;0;0;0;0;0
s4guard;S4 Guard;Alloyin;XXXC;Creature;Robot;TRUE;;2;6;;3;9;;3;13;;0;0;0;0;0;0;0;0;0;0;0;0;0;0;0;0;1;0;1;0;0;0;0;0;0;0;0;0;0;0;0;0;0;0;0;0;0;0;0;0;0;0;0;0;0;0;0;0;0;0;0;0;0;0;0;0;0;0;0;0;0;0;0;0;0;0;0;0;0;0;0;0;0;0;0;0;0;0;0;0;0;0;0;0;0;0;0;0;0;0;0;0;0;0;0;0;0;0;0;0;0;0;0
hammerbearer;Hammerbearer;Tempys;XXXC;Creature;Warrior;TRUE;;4;1;<b>Aggressive</b>, <b>Breakthrough</b>;5;3;<b>Aggressive</b>, <b>Breakthrough</b>;6;4;<b>Aggressive</b>, <b>Breakthrough</b>;0;0;0;0;0;0;0;0;0;0;0;0;0;0;0;0;0;0;0;0;0;0;0;0;0;1;0;0;0;0;0;0;0;0;0;0;0;0;0;0;0;0;0;0;0;0;0;0;0;0;0;0;0;0;0;0;0;0;0;0;1;0;1;0;0;0;0;0;0;0;0;0;0;0;0;0;0;0;0;0;0;0;0;0;0;0;0;0;0;0;0;0;0;0;0;0;0;0;0;0;0;0;0
leapbot;Leapbot;Alloyin;XXXC;Creature;Robot;TRUE;;2;2;<b>Mobility</b> 4;4;4;<b>Mobility</b> 4;6;6;<b>Mobility</b> 4;0;0;0;0;0;0;0;0;0;0;0;0;0;0;0;0;1;0;1;0;0;0;0;0;0;0;0;0;0;0;0;0;0;0;0;0;0;0;0;0;1;0;0;0;0;0;0;0;0;0;0;0;0;0;0;0;0;0;0;0;0;0;0;0;0;0;0;0;0;0;0;0;0;0;0;0;0;0;0;0;0;0;0;0;0;0;0;0;0;0;0;0;0;0;0;0;0;0;0;0;0;0;0
lysian-hydra;Lysian Hydra;Uterra;XXXC;Creature;Beast;FALSE;;6;3;"<b>Breakthrough</b>

<b>Deploy:</b> If there are two creatures adjacent to this, this gets +2A,+2H. ";7;4;"<b>Breakthrough</b>

<b>Deploy:</b> If there are two creatures adjacent to this, this gets +6A,+6H. ";9;5;"<b>Breakthrough</b>

<b>Deploy:</b> If there are two creatures adjacent to this, this gets +10A,+10H. ";1;0;0;0;0;0;0;0;0;0;0;0;0;0;0;0;0;0;0;0;0;0;0;0;0;0;0;0;0;0;0;0;0;0;0;0;0;0;0;0;0;0;0;0;0;0;0;0;0;0;0;0;0;0;0;0;0;0;0;0;1;0;0;0;0;0;0;0;0;0;0;0;1;0;0;0;0;0;0;0;0;0;0;0;0;0;0;0;0;0;1;0;1;0;0;0;0;0;0;0;0;0;0
mimicwurm;Mimicwurm;Uterra;XXXC;Creature;Beast;FALSE;;6;6;;6;6;<b>Deploy:</b> Reanimate up to one [l1] Mimicwurm. ;6;6;<b>Deploy:</b> Reanimate up to one [l2] Mimicwurm. ;1;0;0;0;0;0;0;0;0;0;0;0;0;0;0;0;0;0;0;0;0;0;0;0;0;0;0;0;0;0;0;0;0;0;0;0;0;0;0;0;0;0;0;0;0;0;0;0;0;0;0.7;0;0;0;0;0;0;0;0;0;0;0;0;0;0;0;0;0;0;0;0;0;0;0;0;0;0;0;0;0;0;0;0;0;0;0;0;0;0;0;0.7;0;0;0;0;0;0;0;0;0;0;0;0
necrowurm;Necrowurm;Nekrium;XXXC;Creature;Beast;TRUE;;5;2;<b>Breakthrough</b>;8;3;<b>Breakthrough</b>;9;4;<b>Breakthrough</b>;1;0;0;0;0;0;0;0;0;0;0;0;0;0;0;0;0;0;0;0;0;0;0;0;0;0;0;0;0;0;0;0;0;0;0;0;0;0;0;0;0;0;0;0;0;0;0;0;0;0;0;0;0;0;0;0;0;0;0;0;1;0;0;0;0;0;0;0;0;0;0;0;0;0;0;0;0;0;0;0;0;0;0;0;0;0;0;0;0;0;0;0;0;0;0;0;0;0;0;0;0;0;0
nina-pack-mother;Nina, Pack Mother;Uterra;XXXC;Creature;Beast;FALSE;;3;3;When one of your creatures comes into play adjacent to this, this gets +2A,+2H. ;5;5;When one of your creatures comes into play adjacent to this, this gets +3A,+3H. ;8;8;When one of your creatures comes into play adjacent to this, this gets +5A,+5H. ;1;0;0;0;0;0;0;0;0;0;0;0;0;0;0;0;0;0;0;0;0;0;0;0;0;0;0;0;0;0;0;0;0;0;0;0;0;0;0;0;0;0;0;0;0;0;0;0;0;0;0;0;0;0;0;0;0;0;0;0;0;0;0;0;0;0;0;0;0;0;0;0;1;0;0;0;0;0;0;0;0;0;0;0;0;0;0;0;0;0;0;0;1;0;0;0;0;0;0;0;0;0;0
ogre;Ogre;Nekrium;XXXC;Creature;Beast;TRUE;;4;6;;4;6;;6;8;;1;0;0;0;0;0;0;0;0;0;0;0;0;0;0;0;0;0;0;0;0;0;0;0;0;0;0;0;0;0;0;0;0;0;0;0;0;0;0;0;0;0;0;0;0;0;0;0;0;0;0;0;0;0;0;0;0;0;0;0;0;0;0;0;0;0;0;0;0;0;0;0;0;0;0;0;0;0;0;0;0;0;0;0;0;0;0;0;0;0;0;0;0;0;0;0;0;0;0;0;0;0;0
pyrax-the-flamebound;Pyrax the Flamebound;Tempys;XXXC;Creature;Mage;FALSE;;3;6;When an enemy player gains H, deal that much damage to them. ;5;8;When an enemy player gains H, deal double that much damage to them. ;14;17;When an enemy player gains H, deal triple that much damage to them. ;0;0;0;0;0;0;0;0;0;0;1;0;0;0;0;0;0;0;0;0;0;0;0;0;0;0;0;0;0;0;0;0;0;0;0;0;0;0;0;0;0;0;0;0;0;0;0;0;0;0;0;0;0;1;1;0;0;0;0;0;0;0;0;0;0;0;0;0;0;0;0;0;0;0;0;0;0;0;0;0;0;0;0;0;0;0;0;0;0;0;0;0;0;0;0;0;0;0;0;0;0;0;0
queens-assassin;Queen's Assassin;Nekrium;XXXC;Creature;Warrior;FALSE;;6;6;<b>Slay:</b> Deal 2 damage to the enemy player. This gets +2H. ;7;7;<b>Slay:</b> Deal 4 damage to the enemy player. This gets +4H. ;8;8;<b>Slay:</b> Deal 5 damage to the enemy player. This gets +5H. ;0;0;0;0;0;0;0;0;0;0;0;0;0;0;0;0;0;0;0;0;0;0;0;0;0;1;0;0;0;0;0;0;0;0;0;0;0;0;0;0;0;0;0;0;0;0;0;0;0;0;0;0;0;1;1;0;0;0;0;0;0;0;0;0;0;0;0;0;0;0;0;1;0;0;0;0;0;0;0;0;0;0;0;0;0;0;0;0;1;0;0;0;0;0;0;0;0;0;0;0;0;0;0
scorchar-flamewrath-titan;Scorchar, Flamewrath Titan;Tempys;XXXC;Creature;Elemental;FALSE;;4;5;"<b>Deploy:</b> Deal 1 damage to all enemy creatures.

Ignore D while this is dealing damage.";6;7;"<b>Deploy:</b> Deal 2 damage to all enemy creatures.

Ignore D while this is dealing damage.";8;8;"<b>Deploy:</b> Deal 3 damage to all enemy creatures.

Ignore D while your creatures and spells are dealing damage. ";0;0;0;0;0;0;0;0;1;0;0;0;0;0;0;0;0;0;0;0;0;0;0;0;0;0;0;0;0;0;0;0;0;0;0;0;0;0;0;0;0;0;0;0;0;0;0;0;0;0;0;0;0;0;0;0;0;0;0;1;0;0;0;0;0;0;0;0;0;0;0;0;0;0;0;0;0;0;0;0;0;0;0;0;0;0;0;0;0;0;1;0;0;0;0;0;0;0;0;0;0;0;0
skyforge;Skyforge;Alloyin;XXXC;Creature;Robot;FALSE;;4;4;"<b>Mobility</b> 1

When this is replaced, give the creature replacing this +4A,+4H. Then, attach this to it.

Augment — <b>Mobility</b> 1.";6;6;"<b>Mobility</b> 2

When this is replaced, give the creature replacing this +6A,+6H. Then, attach this to it.

Augment — <b>Mobility</b> 2.";9;9;"<b>Mobility</b> 4

When this is replaced, give the creature replacing this +9A,+9H. Then, attach this to it.

Augment — <b>Mobility</b> 4.";0;0;0;0;0;0;0;0;0;0;0;0;0;0;0;0;1;0;1;0;0;0;0;0;0;0;0;0;0;0;0;0;0;0;0;1;0;0;0;0;1;0;0;0;0;0;0;0;0;0;0;0;0;0;0;0;0;0;0;0;0;0;0;0;0;0;0;0;0;0;0;0;1;0;0;0;0;0;0;0;0;0;0;0;0;0;0;0;0;0;0;0;0;0;1;0;0;0;0;0;0;0;0
snofir;Snofir;Tempys;XXXC;Creature;Yeti;FALSE;;0;10;"<b>Defender</b>

At the end of the turn, this <b>Blasts</b> 3. ";0;14;"<b>Defender</b>

At the end of the turn, this <b>Blasts</b> 5. ";0;32;"<b>Defender</b>

At the end of the turn, this <b>Blasts</b> 10. ";0;0;0;0;0;0;0;0;0;0;0;0;0;0;0;0;0;0;0;0;0;0;0;0;0;0;0;1;0;0;0;0;0;0;0;0;0;0;0;0;0;0;0;0;0;0;0;0;0;0;0;0;0;1;1;0;0;0;0;1;0;0;0;0;1;0;0;0;0;0;0;0;0;0;0;0;0;0;0;0;0;0;0;0;0;0;0;0;0;0;0;0;0;0;0;0;0;0;0;0;0;0;0
snowman;Snowman;Tempys;XXXC;Creature;Yeti;TRUE;;0;8;;1;11;;0;14;;0;0;0;0;0;0;0;0;0;0;0;0;0;0;0;0;0;0;0;0;0;0;0;0;0;0;0;1;0;0;0;0;0;0;0;0;0;0;0;0;0;0;0;0;0;0;0;0;0;0;0;0;0;0;0;0;0;0;0;0;0;0;0;0;0;0;0;0;0;0;0;0;0;0;0;0;0;0;0;0;0;0;0;0;0;0;0;0;0;0;0;0;0;0;0;0;0;0;0;0;0;0;0
soldier;Soldier;Alloyin;XXXC;Creature;Robot Warrior;TRUE;;5;3;;7;5;;10;6;;0;0;0;0;0;0;0;0;0;0;0;0;0;0;0;0;1;0;1;0;0;0;0;0;0;1;0;0;0;0;0;0;0;0;0;0;0;0;0;0;0;0;0;0;0;0;0;0;0;0;0;0;0;0;0;0;0;0;0;0;0;0;0;0;0;0;0;0;0;0;0;0;0;0;0;0;0;0;0;0;0;0;0;0;0;0;0;0;0;0;0;0;0;0;0;0;0;0;0;0;0;0;0
soulscourge-grimgaunt;Soulscourge Grimgaunt;Nekrium;XXXC;Creature;Spirit Warrior;FALSE;;5;5;<b>Deploy:</b> This gets +2A,+2H for each creature that was destroyed this turn. ;7;7;<b>Deploy:</b> This gets +3A,+3H for each creature that was destroyed this turn. ;10;10;<b>Deploy:</b> This gets +4A,+4H for each creature that was destroyed this turn. ;0;0;0;0;0;0;0;0;0;0;0;0;0;0;0;0;0;0;0;0;0;1;0;1;0;1;0;0;0;0;0;0;0;0;0;0;0;0;0;0;0;0;0;0;0;0;0;0;0;0;0;0;0;0;0;0;0;0;0;0;0;0;0;0;0;0;0;0;0;0;0;0;1;0;0;0;0;0;0;1;0;0;1;0;0;0;0;0;0;0;1;0;0;0;0;0;0;0;0;0;0;0;0
soulthirst-harbinger;Soulthirst Harbinger;Nekrium;XXXC;Creature;Spirit;FALSE;;3;3;"<b>Stealth</b>

When this is destroyed, another one of your creatures gets +3A,+3H. Then, if it is [l1], attach this to it.

Augment — <b>Stealth</b>";6;6;"<b>Stealth</b>

When this is destroyed, another one of your creatures gets +6A,+6H. Then, if it is [l1] or [l2], attach this to it.

Augment — <b>Stealth</b>";9;9;"<b>Stealth</b>

When this is destroyed, another one of your creatures gets +9A,+9H. Then, attach this to it.

Augment — <b>Stealth</b>";0;0;0;0;0;0;0;0;0;0;0;0;0;0;0;0;0;0;0;0;0;1;0;1;0;0;0;0;0;0;0;0;0;0;0;0;0;0;0;0;0;0;0;0;0;0;0;0;0;0;0;0;0;0;0;0;0;0;0;0;0;0;0;0;0;0;0;1;1;0;0;0;1;0;0;0;0;0;1;0;0;0;1;0;0;0;0;0;0;0;0;0;0;0;1;0;0;0;0;0;0;0;0
strider;Strider;Nekrium;XXXC;Creature;Zombie Warrior;TRUE;;4;1;<b>Stealth</b>;7;3;<b>Stealth</b>;9;5;<b>Stealth</b>;0;0;0;0;0;0;0;0;0;0;0;0;0;0;0;0;0;0;0;0;0;0;0;0;0;1;0;0;0;1;0;0;0;0;0;0;0;0;0;0;0;0;0;0;0;0;0;0;0;0;0;0;0;0;0;0;0;0;0;0;0;0;0;0;0;0;0;1;0;0;0;0;0;0;0;0;0;0;0;0;0;0;0;0;0;0;0;0;0;0;0;0;0;0;0;0;0;0;0;0;0;0;0
swiftclaw;Swiftclaw;Uterra;XXXC;Creature;Dinosaur;TRUE;;4;2;<b>Aggressive</b>;7;3;<b>Aggressive</b>;8;4;<b>Aggressive</b>;0;0;0;0;1;0;0;0;0;0;0;0;0;0;0;0;0;0;0;0;0;0;0;0;0;0;0;0;0;0;0;0;0;0;0;0;0;0;0;0;0;0;0;0;0;0;0;0;0;0;0;0;0;0;0;0;0;0;0;0;0;0;1;0;0;0;0;0;0;0;0;0;0;0;0;0;0;0;0;0;0;0;0;0;0;0;0;0;0;0;0;0;0;0;0;0;0;0;0;0;0;0;0
syrith-everwatch;Syrith Everwatch;Uterra;XXXC;Creature;Warrior;FALSE;;2;6;"<b>Defender</b>

<b>Activate:</b> Attach this to one of your creatures. It gets +2A,+6H.

Augment — <b>Defender</b>";4;8;"<b>Defender</b>

<b>Activate:</b> Attach this to one of your creatures. It gets +4A,+8H.

Augment — <b>Defender</b>";6;10;" <b>Activate:</b> Attach this to one of your creatures. It gets +6A,+10H.

Augment — <b>Defender</b>";0;0;0;0;0;0;0;0;0;0;0;0;0;0;0;0;0;0;0;0;0;0;0;0;0;1;0;0;0;0;0;0;0;0;0;0;0;0;0;0;0;0;0;0;0;0;0;1;0;0;0;0;0;0;0;0;0;0;0;0;0;0;0;0;0.9;0;0;0;0;0;0;0;1;0;0;0;0;0;0;0;0;0;0;0;0;0;0;0;0;0;0;0;0;0;1;0;0;0;0;0;0;0;0
terrapath;Terrapath;Uterra;XXXC;Creature;Mage;TRUE;;1;1;;4;4;;21;21;;0;0;0;0;0;0;0;0;0;0;1;0;0;0;0;0;0;0;0;0;0;0;0;0;0;0;0;0;0;0;0;0;0;0;0;0;0;0;0;0;0;0;0;0;0;0;0;0;0;0;0;0;0;0;0;0;0;0;0;0;0;0;0;0;0;0;0;0;0;0;0;0;0;0;0;0;0;0;0;0;0;0;0;0;0;0;0;0;0;0;0;0;0;0;0;0;0;0;0;0;0;0;0
titanium-null;Titanium Null;Alloyin;XXXC;Creature;Metamind Scientist;FALSE;;6;3;"<b>Deploy:</b> If this replaced a creature, choose one:

•  One of your creatures gets +4A.

•  An enemy creature gets -4A.";8;5;"<b>Deploy:</b> If this replaced a creature, choose one:

•  One of your creatures gets +6A.

•  An enemy creature gets -6A.";12;6;"<b>Deploy:</b> If this replaced a creature, choose one:

•  One of your creatures gets +10A.

•  An enemy creature gets -10A.";0;0;0;0;0;0;0;0;0;0;0;0;1;0;0;0;0;0;0;1;0;0;0;0;0;0;0;0;0;0;0;0;0;0;0;0;1;0;0;0;0;0;0;0;0;0;0;0;0;0;0;0;0;0;0;0;0;0;0;0;0;0;0;0;0;0;0;0;0;0;1;0;1;0;0;1;0;0;0;0;0;0;0;0;0;0;0;0;0;0;1;0;0;0;0;0;0;0;0;0;0;0;0
vector-lure;Vector Lure;Alloyin;XXXC;Creature;Metamind Scientist;FALSE;;3;4;"<b>Mobility</b> 1

When an enemy creature enters this lane, it gets -3A. ";6;7;"<b>Mobility</b> 1

When an enemy creature enters this lane, it gets -4A. ";10;12;"<b>Mobility</b> 1

When an enemy creature enters this lane, it gets -5A. ";0;0;0;0;0;0;0;0;0;0;0;0;1;0;0;0;0;0;0;1;0;0;0;0;0;0;0;0;0;0;0;0;0;0;0;0;0;0;0;0;1;0;0;0;0;0;0;0;0;0;0;0;0;0;0;0;0;0;0;0;0;0;0;0;0;0;0;0;0;0;0;0;0;0;0;1;0;0;0;0;0;0;0;0;0;0;0;0;0;0;0;0;0;0;0;0;0;0;0;0;0;0;0
veilbyte;Veilbyte;Alloyin;XXXC;Creature;Robot;FALSE;;4;3;"<b>Stealth</b>

When this is replaced, give the creature replacing this +4A,+3H. If it is [l1], attach this to it.

Augment — <b>Stealth</b>.";7;5;"<b>Stealth</b>

When this is replaced, give the creature replacing this +7A,+5H. If it is [l1] or [l2], attach this to it.

Augment — <b>Stealth</b>.";9;7;"<b>Stealth</b>

When this is replaced, give the creature replacing this +9A,+7H. Then, attach this to it.

Augment — <b>Stealth</b>.";0;0;0;0;0;0;0;0;0;0;0;0;0;0;0;0;1;0;1;0;0;0;0;0;0;0;0;0;0;0;0;0;0;0;0;1;0;0;0;0;0;0;0;0;0;0;0;0;0;0;0;0;0;0;0;0;0;0;0;0;0;0;0;0;0;0;0;1;1;0;0;0;1;0;0;0;0;0;0;0;0;0;0;0;0;0;0;0;0;0;0;0;0;0;1;0;0;0;0;0;0;0;0
velocis;Velocis;Uterra;XXXC;Creature;Dinosaur;TRUE;;5;3;;10;2;;15;1;;0;0;0;0;1;0;0;0;0;0;0;0;0;0;0;0;0;0;0;0;0;0;0;0;0;0;0;0;0;0;0;0;0;0;0;0;0;0;0;0;0;0;0;0;0;0;0;0;0;0;0;0;0;0;0;0;0;0;0;0;0;0;0;0;0;0;0;0;0;0;0;0;0;0;0;0;0;0;0;0;0;0;0;0;0;0;0;0;0;0;0;0;0;0;0;0;0;0;0;0;0;0;0
verdant-watch;Verdant Watch;Uterra;XXXC;Creature;Spirit Warrior;FALSE;;4;4;"<b>Breakthrough</b>

<b>Activate:</b> Attach this to one of your creatures. It gets +4A,+4H.

Augment — <b>Breakthrough</b>.";6;6;"<b>Breakthrough</b>

<b>Activate:</b> Attach this to one of your creatures. It gets +6A,+6H.

Augment — <b>Breakthrough</b>";8;8;"<b>Breakthrough</b>

<b>Activate:</b> Attach this to one of your creatures. It gets +8A,+8H.

Augment — <b>Breakthrough</b>.";0;0;0;0;0;0;0;0;0;0;0;0;0;0;0;0;0;0;0;0;0;1;0;1;0;1;0;0;0;0;0;0;0;0;0;0;0;0;0;0;0;0;0;0;0;0;0;1;0;0;0;0;0;0;0;0;0;0;0;0;1;1;0;0;0;0;0;0;0;0;0;0;1;0;0;0;0;0;0;0;0;0;0;0;0;0;0;0;0;0;0;0;0;0;1;0;0;0;0;0;0;0;0
waterweaver;Waterweaver;Tempys;XXXC;Creature;Mage;TRUE;;6;2;;8;4;;9;7;;0;0;0;0;0;0;0;0;0;0;1;0;0;0;0;0;0;0;0;0;0;0;0;0;0;0;0;0;0;0;0;0;0;0;0;0;0;0;0;0;0;0;0;0;0;0;0;0;0;0;0;0;0;0;0;0;0;0;0;0;0;0;0;0;0;0;0;0;0;0;0;0;0;0;0;0;0;0;0;0;0;0;0;0;0;0;0;0;0;0;0;0;0;0;0;0;0;0;0;0;0;0;0
aegis-blight;Aegis Blight;Alloyin;XXXD;Creature;Darkforge Robot Warrior;FALSE;;5;4;"<b>Stealth</b>

<b>Deploy:</b> For each player that was dealt damage this turn, this gets +3A.";8;7;"<b>Stealth</b>

<b>Deploy:</b> For each player that was dealt damage this turn, this gets +4A.";10;8;"<b>Stealth</b>

<b>Deploy:</b> For each player that was dealt damage this turn, this gets +5A.";0;0;1;0;0;0;0;0;0;0;0;0;0;0;0;0;1;0;1;0;0;0;0;0;0;1;0;0;0;0;0;0;0;0;0;0;0;0;0;0;0;0;0;0;0;0;0;0;0;0;0;0;0;0;0;0;0;0;0;0;0;0;0;0;0;0;0;1;0;0;1;0;1;0;0;0;0;0;0;0;0;0;0;0;0;0;0;0;0;0;1;0;0;0;0;0;0;0;0;0;0.25;0;0
blasphemous-tanglesprout;Blasphemous Tanglesprout;Uterra;XXXD;Creature;Darkforge Plant;FALSE;;3;5;"<b>Defender</b>

<b>Activate:</b> This deals 3 damage to you. An enemy creature gets -2H. ";5;7;"<b>Defender</b>

<b>Activate:</b> This deals 3 damage to you. An enemy creature gets -2A,-2H. ";6;10;"<b>Defender</b>

<b>Activate:</b> This deals 3 damage to you. An enemy creature gets -4A,-4H. ";0;0;1;0;0;0;0;0;0;0;0;0;0;0;1;0;0;0;0;0;0;0;0;0;0;0;0;0;0;0;0;0;0;0;0;0;0;0;0;0;0;0;0;0;0;0;0;1;0;0;0;0;0;0;0;0;0;0;0;1;0;0;0;0;1;0;0;0;0;0;0;0;0;0;0;0;0;0;0;0;0;0;0;0;0;0;0;0;0;0;0;0;0;0;0;0;1;0;0;0;0.25;0;0
blightmane-dragon;Blightmane Dragon;Tempys;XXXD;Creature;Darkforge Dragon;FALSE;;0;7;<b>Defender</b>;7;7;"<b>Mobility</b> 2

<b>Deploy:</b> If a player lost H this turn, <b>Blast</b> 5 this and an adjacent lane. ";13;13;"<b>Mobility</b> 4

<b>Deploy:</b> If a player lost H this turn, <b>Blast</b> 5 in each lane. ";0;0;1;0;0;0;1;0;0;0;0;0;0;0;0;0;0;0;0;0;0;0;0;0;0;0;0;0;0;0;0;0;0;0;0;0;0;0;0;0;0.7;0;0;0;0;0;0;0;0;0;0;0;0;0.7;0;0;0.7;0;0.7;0.7;0;0;0;0;0.5;0;0;0;0;0;0;0;0;0;0;0;0;0;0;0;0;0;0;0;0;0;0;0;0;0;0.7;0;0;0;0;0;0;0.7;0;0;0.25;0;0
darkforge-oracle;Darkforge Oracle;Alloyin;XXXD;Creature;Darkforge Mage;FALSE;;3;5; <b>Activate:</b> This deals 2 damage to you. <b>Upgrade</b> a card in your hand, then discard it.;6;10; <b>Activate:</b> This deals 2 damage to you. <b>Upgrade</b> a card in your hand, then discard it.;9;13;" <b>Activate:</b> This deals 2 damage to you. <b>Upgrade</b> a card in your hand.

When you <b>Upgrade</b> a card, you may <b>Upgrade</b> it up to two times instead.";0;0;1;0;0;0;0;0;0;0;1;0;0;0;0;0;0;0;0;0;0;0;0;0;0;0;0;0;0;0;0;0;0;0;0;0;0;0;0;0;0;0;0;0;0;0;0;1;0;0;0;1;0.3;0;0;0;0;0;0;0;0;0;0;0;0;0;0;0;0;0;0;0;0;0;0;0;0;0;0;0;0;0;0;0;0;0;0;0;0;0;0;0;0;0;0;0;1;0;0;0;0.25;0;0
darkforged-mech;Darkforged Mech;Nekrium;XXXD;Creature;Darkforge Robot Spirit;FALSE;;4;4;<b>Deploy:</b> <b>Upgrade</b> up to one [l1] card in your discard pile. If you do, this deals 2 damage to you. ;7;7;<b>Deploy:</b> Play up to one [l1] card from your discard pile for <b>Free</b>. If you do, this deals 4 damage to you. ;9;9;<b>Deploy:</b> <b>Upgrade</b> up to one card in your discard pile and play it for <b>Free</b>. If you do, this deals 6 damage to you. ;0;0;1;0;0;0;0;0;0;0;0;0;0;0;0;0;1;0;1;0;0;1;0;1;0;0;0;0;0;0;0;0;0;0;0;0;0;0;0;0;0;0;0;0;0;0;0;0;0;0.7;0;0.8;0;0;0;0;0;0;0;0;0;0;0;0;0;0;0;0;0;0;0;0;0;0;0;0;0;0;0;0;0;0;0;0;0;0;0;0;0;0;1;0;0;0;0;0;1;0;0;0;0.25;0;0
decay-dryad;Decay Dryad;Uterra;XXXD;Creature;Darkforge Dryad;FALSE;;4;5;When another one of your creatures comes into play, deal 1 damage to each player. ;7;8;When another one of your creatures comes into play, deal 2 damage to each player. ;10;14;"<b>Breakthrough</b>

<b>Deploy:</b> If you have less than 20H, this gets +10A.

When another one of your creatures comes into play, deal 3 damage to the enemy player. ";0;0;1;0;0;0;0;0;0;0;0;0;0;0;0;0;0;0;0;0;0;0;0;0;0;0;0;0;0;0;0;0;0;0;0;0;0;0;0;0;0;0;0;0;0;0;0;0;0;0;0;0;0;0.3;0.3;0;0;0;0;0;0.3;0;0;0;0;0;0;0;0;0;0.3;0;0.3;0;0;0;0;0;0;0;0;0;0;0;0;0;0;0;0;0;0.3;0;0;0;0;0;0.9;0;0;0;0.25;0;0
descendant-biologist;Descendant Biologist;Uterra;XXXD;Creature;Darkforge Scientist;FALSE;;2;2; <b>Activate:</b> This deals 2 damage to you to play a Wisp <b>Minion</b>. Then, your <b>Minions</b> get +2A,+2H. ;3;3; <b>Activate:</b> This deals 3 damage to you to play a Wisp <b>Minion</b>. Then, your <b>Minions</b> get +3A,+3H. ;5;5; <b>Activate:</b> This deals 3 damage to you to play a Wisp <b>Minion</b>. Then, your <b>Minions</b> get +3A,+3H. ;0;0;1;0;0;0;0;0;0;0;0;0;0;0;0;0;0;0;0;1;0;1;0;0;0;0;0;0;0;0;0;1;0;0;0;0;0;0;0;0;0;0;0;0;0;0;0;1;0;0;0;0;0;0;0;0;0;0;0;0;0;0;0;0;0;0;0;0;0;0;0;0;1;0;0;0;0;0;0;0;0;0;0;0;0;0;0;0;0;0;0;0;0;0;0;0;1;0;0;0;0.25;0;0
discordant-thundersaur;Discordant Thundersaur;Tempys;XXXD;Creature;Darkforge Dinosaur;FALSE;;0;12;"<b>Breakthrough</b>

When this is dealt damage, you may have this deal 3 damage to you. If you do, this gets +5A. ";0;16;"<b>Breakthrough</b>

When this is dealt damage, you may have this deal 3 damage to you. If you do, this gets +7A. ";0;22;"<b>Breakthrough</b>

When this is dealt damage, you may have this deal 3 damage to you. If you do, this gets +10A. ";0;0;1;0;1;0;0;0;0;0;0;0;0;0;0;0;0;0;0;0;0;0;0;0;0;0;0;0;0;0;0;0;0;0;0;0;0;0;0;0;0;0;0;0;0;0;0;0;0;0;0;0;0;0;0;0;0;0;0;0;1;0;0;0;0;0;0;0;0;0;1;0;1;0;0;0;0;0;0;0;0;0;1;0;0;0;0;0;0;0;0;0;0;0;0;0;1;0;0;0;0.25;0;0
eclipse-hydra;Eclipse Hydra;Nekrium;XXXD;Creature;Darkforge Beast;FALSE;;5;2;<b>Deploy:</b> If you lost H this turn, destroy a [l1] enemy creature. ;8;4;<b>Deploy:</b> If you lost H this turn, destroy a [l1] or [l2] enemy creature. ;14;8;<b>Deploy:</b> If you lost H this turn, destroy an enemy creature. ;1;0;1;0;0;0;0;0;0;0;0;0;0;0;0;0;0;0;0;0;0;0;0;0;0;0;0;0;0;0;0;0;0;0;0;0;0;0;0;0;0;0;0;0;0;0;0;0;0;0;0;0;0;0;0;0;0;0;0;1;0;0;0;0;0;0;0;0;0;0;0;0;0;0;0;0;0;0;0;0;0;0;0;0;0;0;0;0;0;0;1;0;0;0;0;0;0;1;0;0;0.25;0;0
eon-fiend;Eon Fiend;Nekrium;XXXD;Creature;Darkforge Zombie;FALSE;;4;2;When this is destroyed, this deals 3 damage to you. If you have 40H or more, Reanimate this. ;6;3;When this is destroyed, this deals 3 damage to you. If you have 30H or more, Reanimate this. ;9;5;When this is destroyed, this deals 3 damage to you. If you have 20H or more, Reanimate this. ;0;0;1;0;0;0;0;0;0;0;0;0;0;0;0;0;0;0;0;0;0;0;0;0;0;0;0;0;0;1;0;0;0;0;0;0;0;0;0;1;0;0;0;0;0;0;0;0;0;0;1;0;0;0;0;0;0;0;0;0;0;0;0;0;0;0;0;0;0;0;0;0;0;0;0;0;0;0;1;0;0;0;1;0;0;0;0;0;0;0;0;0;0;0;0;0;1;0;0;0;0.25;0;0
herald-of-madness;Herald of Madness;Tempys;XXXD;Creature;Darkforge Warrior Mage;FALSE;;6;4;<b>Deploy:</b> You may have this deal 5 damage to you. If you do, play a [l1] spell for <b>Free</b>. ;7;5;<b>Deploy:</b> You may have this deal 5 damage to you. If you do, play a [l1] or [l2] spell for <b>Free</b>. ;9;7;<b>Deploy:</b> You may have this deal 5 damage to you. If you do, play a spell for <b>Free</b>. ;0;0;1;0;0;0;0;0;0;0;1;0;0;0;0;0;0;0;0;0;0;0;0;0;0;1;0;0;0;0;0;0;0;1;0;0;0;0;0;0;0;0;0;0;0;0;0;0;0;1;0;0;0;0;0;0;0;0;0;0;0;0;0;0;0;0;0;0;0;0;0;0;0;0;0;0;0;0;0;0;0;0;0;0;0;0;0;0;0;0;1;0;0;0;0;0;1;0;0;0;0.25;0;0
insidious-rager;Insidious Rager;Uterra;XXXD;Creature;Darkforge Dinosaur;FALSE;;6;8;"<b>Breakthrough</b>

At the end of the turn, if you didn't lose H this turn, destroy this. ";9;11;"<b>Breakthrough</b>

At the end of the turn, if you didn't lose H this turn, destroy this. ";15;17;"<b>Breakthrough</b>

At the end of the turn, if you didn't lose H this turn, destroy this. ";0;0;1;0;1;0;0;0;0;0;0;0;0;0;0;0;0;0;0;0;0;0;0;0;0;0;0;0;0;0;0;0;0;0;0;0;0;0;0;0;0;0;0;0;0;0;0;0;0;0;0;0;0;0;0;0;0;0;0;0;1;0;0;0;0;0;0;0;0;0;0;0;0;0;0;0;0;0;0;0;0;1;0;0;0;0;0;0;0;0;0;0;0;0;0;0;0;1;0;0;0.25;0;0
keeper-of-the-void;Keeper of the Void;Nekrium;XXXD;Creature;Darkforge Scientist;FALSE;;5;4;"<b>Deploy:</b> This deals 3 damage to you.

<b>Activate:</b> Choose one of your creatures. It <b>Blasts</b> 4 its lane. Then, destroy it. ";8;6;"<b>Deploy:</b> This deals 3 damage to you.

<b>Activate:</b> Choose one of your creatures. It <b>Blasts</b> 6 its lane. Then, destroy it. ";12;11;"<b>Deploy:</b> This deals 3 damage to you.

<b>Activate:</b> Choose one of your creatures. It <b>Blasts</b> 8 its lane. Then, destroy it. ";0;0;1;0;0;0;0;0;0;0;0;0;0;0;0;0;0;0;0;1;0;0;0;0;0;0;0;0;0;0;0;0;0;0;0;0;0;0;0;0;0;0;0;0;0;0;0;1;0;0;0;0;0;1;0;0;1;0;0;1;0;0;0;0;0;0;0;0;0;0;0;0;0;0;0;0;0;0;0;0;0;0;0;0;0;0;0;0;0;1;1;0;0;0;0;0;1;0;0;0;0.25;0;0
metamind-omenseer;Metamind Omenseer;Alloyin;XXXD;Creature;Darkforge Metamind Scientist;FALSE;;2;5; <b>Activate:</b> This deals 2 damage to you. Play a Gizmo <b>Minion</b>.;4;8; <b>Activate:</b> This deals 2 damage to you. If you have 20H or less, play a Mega Gizmo <b>Minion</b>. Otherwise, play a Gizmo <b>Minion</b>.;5;10; <b>Activate:</b> This deals 2 damage to you. Play a Mega Gizmo <b>Minion</b>.;0;0;1;0;0;0;0;0;0;0;0;0;1;0;0;0;1;0;0;1;0;0;0;0;0;0;0;0;0;0;0;1;0;0;0;1;0;0;0;0;0;0;0;0;0;0;0;1;0;0;0;0;0;0;0;0;0;0;0;0;0;0;0;0;0;0;0;0;0;1;0;0;1;0;0;0;0;0;0;0;0;0;0;0;0;0;0;0;0;0;0;0;0;0;0;0;1;0;0.4;0;0.25;0;0
nihil-dreadmaw;Nihil Dreadmaw;Nekrium;XXXD;Creature;Darkforge Beast;FALSE;;4;3;"<b>Stealth</b>

<b>Activate:</b> This deals 3 damage to you. This gets +2A,+2H. ";6;5;"<b>Stealth</b>

<b>Activate:</b> This deals 3 damage to you. This gets +3A,+3H. ";7;6;"<b>Stealth</b>

<b>Activate:</b> This deals 3 damage to you. This gets +6A,+6H. ";1;0;1;0;0;0;0;0;0;0;0;0;0;0;0;0;0;0;0;0;0;0;0;0;0;0;0;0;0;0;0;0;0;0;0;0;0;0;0;0;0;0;0;0;0;0;0;1;0;0;0;0;0;0;0;0;0;0;0;0;0;0;0;0;0;0;0;1;0;0;0;0;1;0;0;0;0;0;0;0;0;0;0;0;0;0;0;0;0;0;0;0;0;0;0;0;1;0;0;0;0.25;0;0
oblivion-undeati;Oblivion Undeati;Tempys;XXXD;Creature;Darkforge Zombie Yeti;FALSE;;2;2;"<b>Aggressive</b>

If you have 40H or less, this is <b>Free</b>. ";8;6;"<b>Aggressive</b>

If you have 30H or less, this is <b>Free</b>. ";12;10;"<b>Aggressive</b>

If you have 20H or less, this is <b>Free</b>. ";0;0;1;0;0;0;0;0;0;0;0;0;0;0;0;0;0;0;0;0;0;0;0;0;0;0;0;1;0;1;0;0;0;0;0;0;0;0;0;0;0;0;0;0;0;0;0;0;0;1;0;0;0;0;0;0;0;0;0;0;0;0;1;0;0;0;0;0;0;0;0;0;0;0;0;0;0;0;0;0;0;0;0;0;0;0;0;0;0;0;0;0;0;0;0;0;0;0;1;0;0.25;0;0
rotting-arboris;Rotting Arboris;Uterra;XXXD;Creature;Darkforge Dragon;FALSE;;4;4;"<b>Breakthrough</b>

<b>Deploy:</b> If you have 40H or less, this gets +4A,+4H. ";7;7;"<b>Breakthrough</b>

<b>Deploy:</b> If you have 30H or less, this gets +5A,+5H. ";15;15;"<b>Breakthrough</b>

<b>Deploy:</b> If you have 10H or less, this gets +85A,+85H. ";0;0;1;0;0;0;1;0;0;0;0;0;0;0;0;0;0;0;0;0;0;0;0;0;0;0;0;0;0;0;0;0;0;0;0;0;0;0;0;0;0;0;0;0;0;0;0;0;0;0;0;0;0;0;0;0;0;0;0;0;1;0;0;0;0;0;0;0;0;0;0;0;1;0;0;0;0;0;0;0;0;0;0;0;0;0;0;0;0;0;1;0;0;0;0;0;0;0;1;0;0.25;0;0
terrordon-mauler;Terrordon Mauler;Uterra;XXXD;Creature;Darkforge Dinosaur;FALSE;;4;6;"When this damages a player, another one of your creatures gets +2A,+2H.

<b>Deploy:</b> If this replaced a creature, this deals 4 damage to you. ";6;10;"When this damages a player, another one of your creatures gets +4A,+4H.

<b>Deploy:</b> If this replaced a creature, this deals 4 damage to you. ";8;14;"When this damages a player, another one of your creatures gets +8A,+8H.

<b>Deploy:</b> If this replaced a creature, this deals 4 damage to you. ";0;0;1;0;1;0;0;0;0;0;0;0;0;0;0;0;0;0;0;0;0;0;0;0;0;0;0;0;0;0;0;0;0;0;0;0;1;0;0;0;0;0;0;0;0;0;0;0;0;0;0;0;0;0;0;0;0;1;0;0;0;0;0;0;0;0;0;0;0;0;0;0;1;0;0;0;0;0;0;0;0;0;0;0;0;0;0;0;0;0;1;0;0;0;0;0;1;0;0;0;0.25;0;0
veilvoltaic-prophet;Veilvoltaic Prophet;Alloyin;XXXD;Creature;Darkforge Mage;FALSE;;6;5; <b>Activate:</b> If you have 40H or less, this gets 3D this turn. ;10;6; <b>Activate:</b> If you have 30H or less, this gets 5D this turn. ;15;8; <b>Activate:</b> If you have 20H or less, this gets 10D this turn. ;0;0;1;0;0;0;0;0;0;0;1;0;0;0;0;0;0;0;0;0;0;0;0;0;0;0;0;0;0;0;0;0;0;0;0;0;0;0;0;0;0;0;0;0;1;0;0;1;0;0;0;0;0;0;0;0;0;0;0;0;0;0;0;0;0;0;0;0;0;0;0;0;0;0;0;0;0;0;0;0;0;0;0;0;0;0;0;0;0;0;0;0;0;0;0;0;0;0;1;0;0.25;0;0
voidplate-yeti;Voidplate Yeti;Alloyin;XXXD;Creature;Darkforge Robot;FALSE;;4;5;"1D

<b>Deploy:</b> This deals 3 damage to you. Deal damage to an enemy creature equal to the amount of damage you have been dealt this turn. ";6;7;"2D

<b>Deploy:</b> This deals 3 damage to you. Deal damage to up to two enemy creatures equal to the amount of damage you have been dealt this turn. ";7;10;"4D

<b>Deploy:</b> This deals 3 damage to you. Deal damage to all enemy creatures equal to the amount of damage you have been dealt this turn. ";0;0;1;0;0;0;0;0;0;0;0;0;0;0;0;0;1;0;1;0;0;0;0;0;0;0;0;0;0;0;0;0;0;0;0;0;0;0;0;0;0;0;0;1;0;0;0;0;0;0;0;0;0;0;0;0;0;0;0;0;0;0;0;0;0;0;0;0;0;0;0;0;0;0;0;0;0;0;0;0;0;0;0;0;0;0;0;0;0;0;1;0;0;0;0;0;1;1;0;0;0.25;0;0
voidsteel-sentinel;Voidsteel Sentinel;Alloyin;XXXD;Creature;Darkforge Robot;FALSE;;5;4;<b>Deploy:</b> This deals 4 damage to you. Your creatures get 3D this turn.;9;5;<b>Deploy:</b> This deals 4 damage to you. Your creatures get 5D this turn. ;13;8;<b>Deploy:</b> This deals 4 damage to you. Your creatures get 8D this turn. ;0;0;1;0;0;0;0;0;0;0;0;0;0;0;0;0;1;0;1;0;0;0;0;0;0;0;0;0;0;0;0;0;0;0;0;0;0;0;0;0;0;0;0;0;1;0;0;0;0;0;0;0;0;0;0;0;0;0;0;0;0;0;0;0;0;0;0;0;0;0;0;0;0;0;0;0;0;0;0;0;0;0;0;0;0;0;0;0;0;0;1;0;0;0;0;0;1;0;0;0;0.25;0;0
voidstomper;Voidstomper;Tempys;XXXD;Creature;Darkforge Dinosaur;FALSE;;4;7; <b>Activate:</b> This deals 2 damage to you. This gets +2A. ;4;10; <b>Activate:</b> This deals 2 damage to you. This gets +4A. ;4;14; <b>Activate:</b> This deals 2 damage to you. This gets +6A. ;0;0;1;0;1;0;0;0;0;0;0;0;0;0;0;0;0;0;0;0;0;0;0;0;0;0;0;0;0;0;0;0;0;0;0;0;0;0;0;0;0;0;0;0;0;0;0;1;0;0;0;0;0;0;0;0;0;0;0;0;0;0;0;0;0;0;0;0;0;0;1;0;1;0;0;0;0;0;0;0;0;0;0;0;0;0;0;0;0;0;0;0;0;0;0;0;1;0;0;0;0.25;0;0
voidstorm-shaman;Voidstorm Shaman;Tempys;XXXD;Creature;Darkforge Mage;FALSE;;3;4; <b>Activate:</b> Deal 2 damage to each player. ;5;8; <b>Activate:</b> Deal 4 damage to each player. ;8;12; <b>Activate:</b> Deal 6 damage to each player. ;0;0;1;0;0;0;0;0;0;0;1;0;0;0;0;0;0;0;0;0;0;0;0;0;0;0;0;0;0;0;0;0;0;0;0;0;0;0;0;0;0;0;0;0;0;0;0;1;0;0;0;0;0;0;0;0;0;0;0;0;0;0;0;0;0;0;0;0;0;0;0;0;0;0;0;0;0;0;0;0;0;0;0;0;0;0;0;0;0;0;0;0;0;0;0;0;1;0;0;0;0.25;0;0
voidwing-cacklebones;Voidwing Cacklebones;Nekrium;XXXD;Creature;Darkforge Zombie Dragon;FALSE;;1;9;"<b>Mobility</b> 1

At the end of the turn, if you have 40H or less, destroy a [l1] enemy creature. ";3;12;"<b>Mobility</b> 1

At the end of the turn, if you have 30H or less, destroy a [l1] or [l2] enemy creature. ";5;17;"<b>Mobility</b> 1

At the end of the turn, if you have 20H or less, destroy an enemy creature. ";0;0;1;0;0;0;1;0;0;0;0;0;0;0;0;0;0;0;0;0;0;0;0;0;0;0;0;0;0;1;0;0;0;0;0;0;0;0;0;0;1;0;0;0;0;0;0;0;0;0;0;0;0;0;0;0;0;0;0;1;0;0;0;0;0;0;0;0;0;0;0;0;0;0;0;0;0;0;0;0;0;0;0;0;0;0;0;0;0;0;0;0;0;0;0;0;0;0;1;0;0.25;0;0
blightscale-dragon;Blightscale Dragon;Alloyin;XXXL;Creature;Darkforge Robot Dragon;FALSE;;1;7;" <b>Activate:</b> For each of the following that are true:

•  You have 40H or less: This gets +2A.

•  You have 30H or less: You may move this.

•  You have 20H or less: This <b>Blasts</b> 5.";1;10;" <b>Activate:</b> For each of the following that are true:

•  You have 40H or less: This gets +4A.

•  You have 30H or less: You may move this.

•  You have 20H or less: This <b>Blasts</b> 7.";1;14;" <b>Activate:</b> For each of the following that are true:

•  You have 40H or less: This gets +6A.

•  You have 30H or less: You may move this.

•  You have 20H or less: This <b>Blasts</b> 10.";0;0;1;0;0;0;1;0;0;0;0;0;0;0;0;0;1;0;1;0;0;0;0;0;0;0;0;0;0;0;0;0;0;0;0;0;0;0;0;0;0;0;0;0;0;0;0;1;0;0;0;0;0;1;0;0;0;0;0;1;0;0;0;0;0;0;0;0;0;0;1;0;1;0;0;0;0;0;0;0;0;0;0;0;0;0;0;0;0;0;0;0;0;0;0;0;0;0;1;0;1;0;0
cataclysm-omni;Cataclysm Omni;Tempys;XXXL;Creature;Darkforge Mage;FALSE;;4;6;"<b>Ready</b> this when you play Darkforge Loyalty.

<b>Activate:</b> One of your creatures gets +2A. ";5;9;"<b>Ready</b> this when you play Darkforge Loyalty.

<b>Activate:</b> One of your creatures gets +3A. This turn, it gets <b>Aggressive</b>. ";6;13;"<b>Ready</b> this when you play Darkforge Loyalty.

<b>Activate:</b> One of your creatures gets +5A. This turn, it gets <b>Aggressive</b> and <b>Breakthrough</b>. ";0;0;1;0;0;0;0;0;0;0;1;0;0;0;0;0;0;0;0;0;0;0;0;0;0;0;0;0;0;0;0;0;0;0;0;0;0;0;0;0;0;0;0;0;0;0;0;1;0;0;0;0;0;0;0;0;0;0;0;0;0;0.3;0;0.7;0;0;0;0;0;0;1;0;1;0;0;0;0;0;0;0;0;0;0;0;0;0;0;0;0;0;0;0;0;0;0;0;0;0;0;0;1;0;0
eldritch-experiment:-0000;Eldritch Experiment: 0000;Nekrium;XXXL;Creature;Darkforge Abomination;FALSE;;8;8;<b>Deploy:</b> This deals 5 damage to you. ;10;10;"<b>Aggressive</b>

<b>Deploy:</b> This deals 5 damage to you. ";10;13;"<b>Aggressive</b>

<b>Deploy:</b> This deals 5 damage to you.

When this deals damage to a player, it gets +5A. ";0;0;1;0;0;0;0;0;0;0;0;0;0;0;0;0;0;0;0;0;0;0;0;0;0;0;0;0;0;0;0;0;0;0;0;0;0;0;0;0;0;0;0;0;0;0;0;0;0;0;0;0;0;0;0;0;0;0.3;0;0;0;0;0.7;0;0;0;0;0;0;0;0.3;0;0.3;0;0;0;0;0;0;0;0;0;0;0;0;0;0;0;0;0;1;0;0;0;0;0;1;0;0;0;1;0;0
noxantis;Noxantis;Uterra;XXXL;Creature;Darkforge Beast;FALSE;;;;"When you lose H, put an energy counter on this.

<b>Activate:</b> Remove all energy counters from this:

•  If you removed 1 or more, this gets +2A.

•  If you removed 2 or more, this gets +2H.

•  If you removed 3 or more, play a [l1] creature for <b>Free</b>.";;;"When you lose H, put an energy counter on this.

<b>Activate:</b> Remove all energy counters from this:

•  If you removed 1 or more, this gets +3A.

•  If you removed 2 or more, this gets +3H.

•  If you removed 3 or more, play a [l1] or [l2] creature for <b>Free</b>.";;;"When you lose H, put an energy counter on this.

<b>Activate:</b> Remove all energy counters from this:

•  If you removed 1 or more, this gets +5A.

•  If you removed 2 or more, this gets +5H.

•  If you removed 3 or more, play a creature for <b>Free</b>.";1;0;1;0;0;0;0;0;0;0;0;0;0;0;0;0;0;0;0;0;0;0;0;0;0;0;0;0;0;0;0;0;0;0;0;0;0;0;0;0;0;0;0;0;0;0;0;1;0;1;0;0;0;0;0;0;0;0;0;0;0;0;0;0;0;0;0;0;0;0;1;1;1;0;0;0;0;0;0;0;0;0;0;0;0;0;0;0;0;0;0;0;0;0;0;0;0;0;0;0;1;0;0
terrantis;Terrantis;Uterra;XXXL;Creature;Beast Plant;FALSE;;4;6;"When you play a spell, put an energy counter on this.

<b>Activate:</b> Remove all energy counters from this:

•  If you removed 1 or more, this gets +2A.

•  If you removed 2 or more, this gets +2H.

•  If you removed 3 or more, all of your other creatures get +2A,+2H.";6;8;"When you play a spell, put an energy counter on this.

<b>Activate:</b> Remove all energy counters from this:

•  If you removed 1 or more, this gets +3A.

•  If you removed 2 or more, this gets +3H.

•  If you removed 3 or more, all of your other creatures get +3A,+3H.";8;12;"When you play a spell, put an energy counter on this.

<b>Activate:</b> Remove all energy counters from this:

•  If you removed 1 or more, this gets +5A.

•  If you removed 2 or more, this gets +5H.

•  If you removed 3 or more, all of your other creatures get +5A,+5H.";1;0;0;0;0;0;0;0;0;0;0;0;0;0;1;0;0;0;0;0;0;0;0;0;0;0;0;0;0;0;0;0;0;1;0;0;0;0;0;0;0;0;0;0;0;0;0;1;0;0;0;0;0;0;0;0;0;0;0;0;0;0;0;0;0;0;0;0;0;0;1;1;1;0;0;0;0;0;0;0;0;0;0;0;0;0;0;0;0;0;0;0;0;0;0;0;0;0;0;0;1;0;0
aeryx-the-stormweaver;Aeryx the Stormweaver;Tempys;XXXR;Creature;Mage;FALSE;;1;4; <b>Activate:</b> If you played a spell this turn, play a [l1] spell for <b>Free</b>. ;4;7; <b>Activate:</b> If you played a spell this turn, play a [l1] or [l2] spell for <b>Free</b>. ;7;13; <b>Activate:</b> If you played a spell this turn, play a spell for <b>Free</b>. ;0;0;0;0;0;0;0;0;0;0;1;0;0;0;0;0;0;0;0;0;0;0;0;0;0;0;0;0;0;0;0;0;0;1;0;0;0;0;0;0;0;0;0;0;0;0;0;1;0;1;0;0;0;0;0;0;0;0;0;0;0;0;0;0;0;0;0;0;0;0;0;0;0;0;0;0;0;0;0;0;0;0;0;0;0;0;0;0;0;0;0;0;0;0;0;0;0;0;0;0;0;0;0
arion-kest;Arion Kest;Alloyin;XXXR;Creature;Warrior;FALSE;;3;3;"<b>Stealth</b>

When this deals damage to an enemy player, this deals that much damage to an enemy creature. ";7;6;"<b>Stealth</b>

When this deals damage to an enemy player, this deals that much damage to an enemy creature. ";12;9;"<b>Stealth</b>

When this deals damage to an enemy player, this deals that much damage to an enemy creature. ";0;0;0;0;0;0;0;0;0;0;0;0;0;0;0;0;0;0;0;0;0;0;0;0;0;1;0;0;0;0;0;0;0;0;0;0;0;0;0;0;0;0;0;0;0;0;0;0;0;0;0;0;0;0;0;0;0;1;0;0;0;0;0;0;0;0;0;1;0;0;0;0;0;0;0;0;0;0;0;0;0;0;0;0;0;0;0;0;0;0;0;0;0;0;0;0;0;0;0;0;0;0;0
belladrya;Belladrya;Uterra;XXXR;Creature;Dryad;FALSE;;5;3;"<b>Deploy:</b> Play up to one Wisp <b>Minion</b>.

<b>Activate:</b> If you have no empty lanes, this gets 5D this turn. ";8;4;"<b>Deploy:</b> Play up to one Wisp <b>Minion</b>.

<b>Activate:</b> If you have no empty lanes, this gets 10D this turn. ";12;5;"<b>Deploy:</b> Play up to one Wisp <b>Minion</b>.

<b>Activate:</b> If you have no empty lanes, this gets 15D this turn. ";0;0;0;0;0;0;0;0;0;0;0;0;0;0;0;0;0;0;0;0;0;1;0;0;0;0;0;0;0;0;0;1;0;0;0;0;0;0;0;0;0;0;0;0;1;0;0;1;0;0;0;0;0;0;0;0;0;0;0;0;0;0;0;0;0;0;0;0;0;0;0;0;0;0;0;0;0;0;0;0;0;0;0;0;0;0;0;0;0;0;1;0;0;0;0;0;0;0;0;0;0;0;0
berserker;Berserker;Tempys;XXXR;Creature;Elemental Warrior;TRUE;;4;3;<b>Slay:</b> Each creature adjacent to this gets +2A;6;4;<b>Slay:</b> Each creature adjacent to this gets +4A.;8;5;<b>Slay:</b> Each creature adjacent to this gets +6A.;0;0;0;0;0;0;0;0;1;0;0;0;0;0;0;0;0;0;0;0;0;0;0;0;0;1;0;0;0;0;0;0;0;0;0;0;0;0;0;0;0;0;0;0;0;0;0;0;0;0;0;0;0;0;0;0;0;0;0;0;0;0;0;0;0;0;0;0;0;0;0.7;0;1;0;0;0;0;0;0;0;0;0;0;0;0;0;0;0;1;0;0;0;1;0;0;0;0;0;0;0;0;0;0
bombarder;Bombarder;Tempys;XXXR;Creature;Mage;TRUE;;3;3;<b>Deploy:</b> This <b>Blasts</b> 1 for each spell in your banish pile.;4;4;<b>Deploy:</b> This <b>Blasts</b> 1 for each spell in your banish pile.;5;5;<b>Deploy:</b> This <b>Blasts</b> 1 for each spell in your banish pile.;0;0;0;0;0;0;0;0;0;0;1;0;0;0;0;0;0;0;0;0;0;0;0;0;0;0;0;0;0;0;0;0;0;1;0;0;0;0;0;0;0;0;0;0;0;0;0;0;0;0;0;0;0;1;0;0;0;0;0;1;0;0;0;0;0;0;0;0;0;0;0;0;0;0;0;0;0;0;0;0;0;0;0;0;0;0;0;0;0;0;1;0;0;0;0;0;0;0;0;0;0;0;0
cortex-vane;Cortex Vane;Alloyin;XXXR;Creature;Metamind Scientist;FALSE;;4;4;<b>Deploy:</b> One of your creatures gets +2A. An enemy creature gets -2A. ;6;6;<b>Deploy:</b> One of your creatures gets +3A. An enemy creature gets -3A. ;8;8; <b>Activate:</b> One of your creatures gets +4A. An enemy creature gets -4A. ;0;0;0;0;0;0;0;0;0;0;0;0;1;0;0;0;0;0;0;1;0;0;0;0;0;0;0;0;0;0;0;0;0;0;0;0;0;0;0;0;0;0;0;0;0;0;0;0.3;0;0;0;0;0;0;0;0;0;0;0;0;0;0;0;0;0;0;0;0;0;0;1;0;1;0;0;1;0;0;0;0;0;0;0;0;0;0;0;0;0;0;0.9;0;0;0;0;0;0;0;0;0;0;0;0
dark-lingerer;Dark Lingerer;Nekrium;XXXR;Creature;Spirit;FALSE;;3;3;"When this is destroyed, another one of your creatures gets +3A,+3H. Then, attach this to it.

Augment — <b>Slay:</b> Another one of your creatures gets +3A,+3H.";5;5;"When this is destroyed, another one of your creatures gets +5A,+5H. Then, attach this to it.

Augment — <b>Slay:</b> Another one of your creatures gets +5A,+5H.";7;7;"When this is destroyed, another one of your creatures gets +7A,+7H. Then, attach this to it.

Augment — <b>Slay:</b> Another one of your creatures gets +7A,+7H.";0;0;0;0;0;0;0;0;0;0;0;0;0;0;0;0;0;0;0;0;0;1;0;1;0;0;0;0;0;0;0;0;0;0;0;0;0;0;0;0;0;0;0;0;0;0;0;0;0;0;0;0;0;0;0;0;0;0;0;0;0;0;0;0;0;0;0;0;0;0;0;0;1;0;0;0;0;0;1;0;0;0;1;0;0;0;0;0;1;0;0;0;0;0;1;0;0;0;0;0;0;0;0
diminisher;Diminisher;Alloyin;XXXR;Creature;Metamind Mage;TRUE;;4;0;<b>Deploy:</b> An enemy creature gets -4A. ;4;0;<b>Deploy:</b> An enemy creature gets -8A. ;4;0;<b>Deploy:</b> An enemy creature gets -12A. ;0;0;0;0;0;0;0;0;0;0;1;0;1;0;0;0;0;0;0;0;0;0;0;0;0;0;0;0;0;0;0;0;0;0;0;0;0;0;0;0;0;0;0;0;0;0;0;0;0;0;0;0;0;0;0;0;0;0;0;0;0;0;0;0;0;0;0;0;0;0;0;0;0;0;0;1;0;0;0;0;0;0;0;0;0;0;0;0;0;0;1;0;0;0;0;0;0;0;0;0;0;0;0
doctor-billtabot;Doctor Billtabot;Alloyin;XXXR;Creature;Scientist;FALSE;;3;5;<b>Deploy:</b> If this replaced a creature, play up to one [l1] card with Augment from your hand for <b>Free</b>. ;5;9;<b>Deploy:</b> Play up to one [l1] or [l2] card with Augment from your hand for <b>Free</b>. ;9;12; <b>Activate:</b> Play a card with Augment from your hand for <b>Free</b>. ;0;0;0;0;0;0;0;0;0;0;0;0;0;0;0;0;0;0;0;1;0;0;0;0;0;0;0;0;0;0;0;0;0;0;0;0;0.5;0;0;0;0;0;0;0;0;0;0;0.3;0;1;0;0;0;0;0;0;0;0;0;0;0;0;0;0;0;0;0;0;0;0;0;0;0;0;0;0;0;0;0;0;0;0;0;0;0;0;0;0;0;0;0.9;0;0;0;0;1;0;0;0;0;0;0;0
dozer-the-slumbering-fury;Dozer the Slumbering Fury;Uterra;XXXR;Creature;Beast;FALSE;;6;5;<b>Breakthrough</b>;0;12;"<b>Defender</b>

At the end of the deck cycle, you may replace this with [l3] Dozer the Slumbering Fury. ";12;12;"<b>Mobility</b> 1

At the start of combat, this <b>Strikes</b> the opposing creature. ";1;0;0;0;0;0;0;0;0;0;0;0;0;0;0;0;0;0;0;0;0;0;0;0;0;0;0;0;0;0;0;0;0;0;0;0;0;0;0;0;0.3;0;0;0;0;0;0;0;0;0;0;0;0;0;0;0;0;0;0;0.3;0.5;0;0;0;0.4;0;0;0;0;0;0;0;0;0;0;0;0;0;0;0;0;0;0;0;0;0;0;0;0;0;0;0;0;0;0;0;0;0;0;0;0;0;0
elder-scorchwyrm;Elder Scorchwyrm;Uterra;XXXR;Creature;Dragon;FALSE;;5;5;"<b>Slay:</b> This gets 2H.

When one of your creatures comes into play adjacent to this, this <b>Blasts</b> 1.";7;8;"<b>Slay:</b> This gets 3H.

When one of your creatures comes into play adjacent to this, this <b>Blasts</b> 2.";10;11;"<b>Slay:</b> This gets 5H.

When one of your creatures comes into play adjacent to this, this <b>Blasts</b> 3.";0;0;0;0;0;0;1;0;0;0;0;0;0;0;0;0;0;0;0;0;0;0;0;0;0;0;0;0;0;0;0;0;0;0;0;0;0;0;0;0;0;0;0;0;0;0;0;0;0;0;0;0;0;1;1;0;0;0;0;1;0;0;0;0;0;0;0;0;0;0;0;0;0;0;0;0;0;0;0;0;0;0;0;0;0;0;0;0;1;0;0;0;1;0;0;0;0;0;0;0;0;0;0
everfrost-phoenix;Everfrost Phoenix;Tempys;XXXR;Creature;Beast;FALSE;;5;4;"<b>Mobility</b> 1

<b>Deploy:</b> <b>Blast</b> 1. ";7;5;"<b>Mobility</b> 2

<b>Deploy:</b> <b>Blast</b> 2.

When this is destroyed, Reanimate [l1] Everfrost Phoenix in this lane. ";10;8;"<b>Mobility</b> 3

<b>Deploy:</b> <b>Blast</b> 3.

When this is destroyed, Reanimate [l2] Everfrost Phoenix in this lane. ";1;0;0;0;0;0;0;0;0;0;0;0;0;0;0;0;0;0;0;0;0;0;0;0;0;0;0;0;0;0;0;0;0;0;0;0;0;0;0;0;1;0;0;0;0;0;0;0;0;0;0;0;0;1;0;0;1;0;0;1;0;0;0;0;0;0;0;0;0;0;0;0;0;0;0;0;0;0;0.7;0;0;0;0.7;0;0;0;0;0;0;0;1;0;0;0;0;0;0;0;0;0;0;0;0
felinarc;Felinarc;Uterra;XXXR;Creature;Beast Mage;TRUE;;3;3;<b>Deploy:</b> <b>Upgrade</b> a [l1] creature card in your hand, then discard it. ;5;5;<b>Deploy:</b> <b>Upgrade</b> a [l1] or [l2] creature card in your hand, then discard it. ;6;7; <b>Activate:</b> <b>Upgrade</b> a creature in your hand. ;1;0;0;0;0;0;0;0;0;0;1;0;0;0;0;0;0;0;0;0;0;0;0;0;0;0;0;0;0;0;0;0;0;0;0;0;0;0;0;0;0;0;0;0;0;0;0;0.3;0;0;0;1;0;0;0;0;0;0;0;0;0;0;0;0;0;0;0;0;0;0;0;0;0;0;0;0;0;0;0;0;0;0;0;0;0;0;0;0;0;0;0.9;0;0;0;0;0;0;0;0;0;0;0;0
forgewatch;Forgewatch;Alloyin;XXXR;Creature;Robot;TRUE;;0;3; <b>Activate:</b> You get 3D this turn. ;0;5; <b>Activate:</b> You get 5D this turn. ;0;8; <b>Activate:</b> You get 8D this turn. ;0;0;0;0;0;0;0;0;0;0;0;0;0;0;0;0;1;0;1;0;0;0;0;0;0;0;0;0;0;0;0;0;0;0;0;0;0;0;0;0;0;0;0;0;1;0;1;1;0;0;0;0;0;0;0;0;0;0;0;0;0;0;0;0;0;0;0;0;0;0;0;0;0;0;0;0;0;0;0;0;0;0;0;0;0;0;0;0;0;0;0;0;0;0;0;0;0;0;0;0;0;0;0
frostbearer;Frostbearer;Tempys;XXXR;Creature;Yeti Mage;TRUE;;2;5;"<b>Defender</b>

<b>Activate:</b> Another one of your creatures in the back row <b>Blasts</b> 2. ";3;7;"<b>Defender</b>

<b>Activate:</b> Another one of your creatures in the back row <b>Blasts</b> 3. ";4;9;"<b>Defender</b>

<b>Activate:</b> Another one of your creatures in the back row <b>Blasts</b> 5. ";0;0;0;0;0;0;0;0;0;0;1;0;0;0;0;0;0;0;0;0;0;0;0;0;0;0;0;1;0;0;0;0;0;0;0;0;0;0;0;0;0;0;0;0;0;0;0;1;0;0;0;0;0;1;0;0;1;0;0;1;0;0;0;0;1;1;0;0;0;0;0;0;0;0;0;0;0;0;0;0;0;0;0;0;0;0;0;0;0;1;0;0;0;0;0;0;0;0;0;0;0;0;0
glacior;Glacior;Tempys;XXXR;Creature;Elemental;TRUE;;1;4;"<b>Mobility</b> 1

When a creature moves lanes, deal 2 damage to the enemy player. ";1;5;"<b>Mobility</b> 2

When a creature moves lanes, deal 3 damage to the enemy player. ";1;7;"<b>Mobility</b> 3

When a creature moves lanes, deal 5 damage to the enemy player. ";0;0;0;0;0;0;0;0;1;0;0;0;0;0;0;0;0;0;0;0;0;0;0;0;0;0;0;0;0;0;0;0;0;0;0;0;0;0;0;0;1;0;1;0;0;0;0;0;0;0;0;0;0;1;1;0;0;0;0;0;0;0;0;0;0;0;0;0;0;0;0;0;0;0;0;0;0;0;0;0;0;0;0;0;0;0;0;0;0;0;0;0;0;0;0;0;0;0;0;0;0;0;0
glowdrone;Glowdrone;Uterra;XXXR;Creature;Beast;TRUE;;2;4;<b>Deploy:</b> You gain 2H for each adjacent creature. ;3;6;<b>Deploy:</b> You gain 3H for each adjacent creature. ;4;8;<b>Deploy:</b> You gain 4H for each adjacent creature. ;1;0;0;0;0;0;0;0;0;0;0;0;0;0;0;0;0;0;0;0;0;0;0;0;0;0;0;0;0;0;0;0;0;0;0;0;0;1;0;0;0;0;0;0;0;0;0;0;0;0;0;0;0;0;0;0;0;0;0;0;0;0;0;0;0;0;0;0;0;0;0;0;0;0;0;0;0;0;0;0;0;0;0;0;0;0;0;0;0;0;1;0;0;0;0;0;0;0;0;0;0;0;0
infantry;Infantry;Nekrium;XXXR;Creature;Zombie Warrior;TRUE;;1;1;<b>Deploy:</b> Play up to one Mindless Zombie <b>Minion</b>;3;3;<b>Deploy:</b> Play up to one Mindless Zombie <b>Minion</b>;3;6;<b>Deploy:</b> Play up to one Zombie Brute <b>Minion</b>.;0;0;0;0;0;0;0;0;0;0;0;0;0;0;0;0;0;0;0;0;0;0;0;0;0;1;0;0;0;1;0;1;0;0;0;0;0;0;0;0;0;0;0;0;0;0;0;0;0;0;0;0;0;0;0;0;0;0;0;0;0;0;0;0;0;0;0;0;0;0;0;0;0;0;0;0;0;0;0;0;0;0;0;0;0;0;0;0;0;0;1;0;0;0;0;0;0;0;0;0;0;0;0
infernodrake-lindworm;Infernodrake Lindworm;Tempys;XXXR;Creature;Elemental Dragon;FALSE;;5;3;"When one of your creatures <b>Blasts</b>, it deals an additional 1 damage.

<b>Deploy:</b> One of your creatures <b>Blasts</b> equal to its Level.";7;5;"When one of your creatures <b>Blasts</b>, it deals an additional 2 damage.

<b>Deploy:</b> One of your creatures <b>Blasts</b> equal to its Level.";8;7;"When one of your creatures <b>Blasts</b>, it deals an additional 3 damage.

<b>Activate:</b> One of your creatures <b>Blasts</b> equal to its Level.";0;0;0;0;0;0;1;0;1;0;0;0;0;0;0;0;0;0;0;0;0;0;0;0;0;0;0;0;0;0;0;0;0;0;0;0;0;0;0;0;0;0;0;0;0;0;0;0.3;0;0;0;0;0;1;0;0;1;0;0;1;0;0;0;0;0;0;0;0;0;0;0;0;0;0;0;0;0;0;0;0;0;0;0;0;0;0;0;0;0;1;0.9;0;0;0;0;0;0;0;0;0;0;0;0
kaece-kidreth;Kae'Ce Kidreth;Nekrium;XXXR;Creature;Warrior Mage;FALSE;;6;3;<b>Slay:</b> Play up to one Mindless Zombie <b>Minion</b>. ;9;5;<b>Slay:</b> Reanimate up to one [l1] creature. ;11;9;<b>Slay:</b> Reanimate up to one creature. ;0;0;0;0;0;0;0;0;0;0;1;0;0;0;0;0;0;0;0;0;0;0;0;0;0;1;0;0;0;0.5;0;0.5;0;0;0;0;0;0;0;0;0;0;0;0;0;0;0;0;0;0;0.7;0;0;0;0;0;0;0;0;0;0;0;0;0;0;0;0;0;0;0;0;0;0;0;0;0;0;0;0;0;0;0;0;0;0;0;0;0;1;0;0;0;0;0;0;0;0;0;0;0;0;0;0
kalthor-silvercoat;Kalthor Silvercoat;Uterra;XXXR;Creature;Beast Warrior;FALSE;;3;5;<b>Deploy:</b> Each of your other Beasts get +2A,+2H. ;4;6;<b>Deploy:</b> Each of your other Beasts get +4A,+4H. ;5;10; <b>Activate:</b> Each of your other Beasts get +4A,+4H.;1;1;0;0;0;0;0;0;0;0;0;0;0;0;0;0;0;0;0;0;0;0;0;0;0;1;0;0;0;0;0;0;0;0;0;0;0;0;0;0;0;0;0;0;0;0;0;0.3;0;0;0;0;0;0;0;0;0;0;0;0;0;0;0;0;0;0;0;0;0;0;0;0;1;0;0;0;0;0;0;0;0;0;0;0;0;0;0;0;0;0;0.9;0;0;0;0;0;0;0;0;0;0;0;0
kas-arcweaver;Kas, Arcweaver;Tempys;XXXR;Creature;Warrior Mage;FALSE;;2;7;"<b>Aggressive</b>

When you attach an Augment to this, this gets +3A. ";3;10;"<b>Aggressive</b>

When you attach an Augment to this, this and adjacent creatures get +5A. ";5;14;"<b>Aggressive</b>

When you attach an Augment to this, your creatures get +7A. ";0;0;0;0;0;0;0;0;0;0;1;0;0;0;0;0;0;0;0;0;0;0;0;0;0;1;0;0;0;0;0;0;0;0;0;0;0;0;0;0;0;0;0;0;0;0;0;0;0;0;0;0;0;0;0;0;0;0;0;0;0;0;1;0;0;0;0;0;0;0;1;0;1;0;0;0;0;0;0;0;0;0;0;0;0;0;0;0;0;0;0;0;0;0;0;1;0;0;0;0;0;0;0
koar-kidreth;Koar Kidreth;Uterra;XXXR;Creature;Warrior Mage;FALSE;;3;6; <b>Activate:</b> If a spell was played this turn, play a Wisp <b>Minion</b>. ;5;9; <b>Activate:</b> If a spell was played this turn, play a [l1] creature for <b>Free</b>. ;9;11; <b>Activate:</b> If a spell was played this turn, play a creature for <b>Free</b>. ;0;0;0;0;0;0;0;0;0;0;1;0;0;0;0;0;0;0;0;0;0;0.5;0;0;0;1;0;0;0;0;0;0.5;0;1;0;0;0;0;0;0;0;0;0;0;0;0;0;1;0;0.7;0;0;0;0;0;0;0;0;0;0;0;0;0;0;0;0;0;0;0;0;0;0;0;0;0;0;0;0;0;0;0;0;0;0;0;0;0;0;0;0;0;0;0;0;0;0;0;0;0;0;0;0;0
kragor;Kragor;Tempys;XXXR;Creature;Yeti Mage;FALSE;;0;6;"<b>Defender</b>

<b>Activate:</b> Your Yetis deal damage with their H instead of their A this turn. ";0;9;"<b>Defender</b>

<b>Activate:</b> Your other Yetis get +2H. Your Yetis deal damage with their H instead of their A this turn. ";0;14;"<b>Defender</b>

<b>Activate:</b> Your other Yetis get +4H. Your Yetis deal damage with their H instead of their A this turn. ";0;0;0;0;0;0;0;0;0;0;1;0;0;0;0;0;0;0;0;0;0;0;0;0;0;0;0;1;1;0;0;0;0;0;0;0;0;0;0;0;0;0;0;0;0;0;0;1;0;0;0;0;0;0;0;0;0;0;0;0;0;0;0;0;1;0;0;0;0;0;0;0.7;0;0;0;0;0;0;0;0;0;0;0;0;0;0;0;0;0;0;0;0;0;0;0;0;0;0;0;0;0;0;0
lycanthrope;Lycanthrope;Uterra;XXXR;Creature;Beast Warrior;TRUE;;3;2;"<b>Aggressive</b>

<b>Deploy:</b> Adjacent creatures get <b>Aggressive</b> this turn. ";4;3;"<b>Aggressive</b>, <b>Breakthrough</b>

<b>Deploy:</b> Adjacent creatures get <b>Aggressive</b> and <b>Breakthrough</b> this turn. ";4;3;"<b>Aggressive</b>, <b>Breakthrough</b>

<b>Activate:</b> Adjacent creatures get <b>Aggressive</b> and <b>Breakthrough</b> this turn. ";1;0;0;0;0;0;0;0;0;0;0;0;0;0;0;0;0;0;0;0;0;0;0;0;0;1;0;0;0;0;0;0;0;0;0;0;0;0;0;0;0;0;0;0;0;0;0;0.3;0;0;0;0;0;0;0;0;0;0;0;0;0.7;0.7;1;1;0;0;0;0;0;0;0;0;0;0;0;0;0;0;0;0;0;0;0;0;0;0;0;0;0;0;0.9;0;1;0;0;0;0;0;0;0;0;0;0
magnetist;Magnetist;Alloyin;XXXR;Creature;Scientist;TRUE;;2;3;"<b>Stealth</b>

<b>Deploy:</b> You may move the opposing creature to an adjacent lane. ";4;5;"<b>Stealth</b>

<b>Deploy:</b> You may move the opposing creature to an adjacent lane. ";5;6;"<b>Stealth</b>

<b>Deploy:</b> You may move the opposing creature to an adjacent lane. ";0;0;0;0;0;0;0;0;0;0;0;0;0;0;0;0;0;0;0;1;0;0;0;0;0;0;0;0;0;0;0;0;0;0;0;0;0;0;0;0;0;0;0;0;0;0;0;0;0;0;0;0;0;0;0;0;0;0;0;0;0;0;0;0;0;0;0;1;0;0;0;0;0;0;0;0;0;0;0;0;0;0;0;0;0;0;0;0;0;0;1;0;0;0;0;0;0;0;0;0;0;0;0
mindbreaker;Mindbreaker;Alloyin;XXXR;Creature;Metamind Warrior;TRUE;;3;1; <b>Activate:</b> An enemy creature gets -2A for each Metamind you have in play. ;5;1; <b>Activate:</b> An enemy creature gets -3A for each Metamind you have in play. ;5;1; <b>Activate:</b> An enemy creature gets -4A for each Metamind you have in play. If it has 0A, destroy it. ;0;0;0;0;0;0;0;0;0;0;0;0;1;1;0;0;0;0;0;0;0;0;0;0;0;1;0;0;0;0;0;0;0;0;0;0;0;0;0;0;0;0;0;0;0;0;0;1;0;0;0;0;0;0;0;0;0;0;0;0;0;0;0;0;0;0;0;0;0;0;0;0;0;0;0;1;0;0;0;0;0;0;0;0;0;0;0;0;0;0;0;0;0;0;0;0;0;0;0;0;0;0;0
mutant;Mutant;Nekrium;XXXR;Creature;Beast Warrior;TRUE;;4;2;<b>Slay:</b> <b>Upgrade</b> a [l1] card in your discard pile. ;4;2;<b>Slay:</b> <b>Upgrade</b> a card in your discard pile. ;5;2;<b>Slay:</b> <b>Upgrade</b> a card in your discard pile, then play it for <b>Free</b>. ;1;0;0;0;0;0;0;0;0;0;0;0;0;0;0;0;0;0;0;0;0;0;0;0;0;1;0;0;0;0;0;0;0;0;0;0;0;0;0;0;0;0;0;0;0;0;0;0;0;0.3;0;1;0;0;0;0;0;0;0;0;0;0;0;0;0;0;0;0;0;0;0;0;0;0;0;0;0;0;0;0;0;0;0;0;0;0;0;0;1;0;0;0;0;0;0;0;0;0;0;0;0;0;0
phantasm;Phantasm;Nekrium;XXXR;Creature;Vampire Spirit;TRUE;;3;3;<b>Deploy:</b> Another one of your [l1] creatures gets <b>Stealth</b> this turn. ;5;5;<b>Deploy:</b> Another one of your [l1] or [l2] creatures gets <b>Stealth</b> this turn. ;6;6;<b>Deploy:</b> Another one of your creatures gets <b>Stealth</b> this turn. ;0;0;0;0;0;0;0;0;0;0;0;0;0;0;0;0;0;0;0;0;0;1;0;1;0;0;0;0;0;0;0;0;0;0;0;0;0;0;0;0;0;0;0;0;0;0;0;0;0;0;0;0;0;0;0;0;0;0;0;0;0;0;0;0;0;0;0;0;1;0;0;0;0;0;0;0;0;0;0;0;0;0;0;0;0;0;0;0;0;0;1;0;0;0;0;0;0;0;0;0;0;0;0
pipwick-the-pilferer;Pipwick the Pilferer;Nekrium;XXXR;Creature;Beast;FALSE;;5;4;<b>Deploy:</b> Look at an enemy player's hand and choose a [l1] card. Discard it. ;8;7;<b>Deploy:</b> Look at an enemy player's hand and choose a [l1] or [l2] card. Discard it. ;11;8;<b>Deploy:</b> Look at an enemy player's hand and choose a card. You play it for <b>Free</b>. ;1;0;0;0;0;0;0;0;0;0;0;0;0;0;0;0;0;0;0;0;0;0;0;0;0;0;0;0;0;0;0;0;0;0;0;0;0;0;0;0;0;0;0;0;0;0;0;0;0;0.3;0;0;0;0;0;0;0;0;0;0;0;0;0;0;0;0;0;0;0;0;0;0;0;0;0;0;0;0;0;0;0;0;0;0;0;0;0;0;0;0;1;0;0;1;0;0;0;0;0;0;0;0;0
plaguebearer;Plaguebearer;Nekrium;XXXR;Creature;Zombie Mage;TRUE;;1;4; <b>Activate:</b> <b>Blast</b> 3, then destroy this.;1;6; <b>Activate:</b> <b>Blast</b> 5, then destroy this.;1;8; <b>Activate:</b> <b>Blast</b> 7, then destroy this.;0;0;0;0;0;0;0;0;0;0;1;0;0;0;0;0;0;0;0;0;0;0;0;0;0;0;0;0;0;1;0;0;0;0;0;0;0;0;0;0;0;0;0;0;0;0;0;1;0;0;0;0;0;1;0;0;1;0;0;1;0;0;0;0;0;0;0;0;0;0;0;0;0;0;0;0;0;0;0;0;0;1;0;0;0;0;0;0;0;0;0;0;0;0;0;0;0;0;0;0;0;0;0
professor-sewmorg;Professor Sewmorg;Nekrium;XXXR;Creature;Scientist;FALSE;;3;6; <b>Activate:</b> Attach a [l1] Augment from your banish pile to one of your creatures. ;6;9; <b>Activate:</b> Attach a [l1] or [l2] Augment from your banish pile to one of your creatures. ;10;14; <b>Activate:</b> Attach an Augment from your banish pile to one of your creatures. ;0;0;0;0;0;0;0;0;0;0;0;0;0;0;0;0;0;0;0;1;0;0;0;0;0;0;0;0;0;0;0;0;0;0;0;0;0;0;0;0;0;0;0;0;0;0;0;1;0;0;0;0;0;0;0;0;0;0;0;0;0;0;0;0;0;0;0;0;0;0;0;0;0;0;0;0;0;0;0;0;0;0;0;0;0;0;0;0;0;0;0;0;0;0;0;1;0;0;0;0;0;0;0
pummel-pack;Pummel Pack;Alloyin;XXXR;Creature;Robot;FALSE;;3;3;"When this is replaced, give the creature replacing this +3A,+3H.

Then, attach this to it.

Augment —  <b>Activate:</b> Deal 3 damage to an enemy creature.";3;6;"When this is replaced, give the creature replacing this +3A,+6H.

Then, attach this to it.

Augment —  <b>Activate:</b> Deal 5 damage to an enemy creature.";3;9;"When this is replaced, give the creature replacing this +3A,+9H.

Then, attach this to it.

Augment —  <b>Activate:</b> Deal 7 damage to an enemy creature.";0;0;0;0;0;0;0;0;0;0;0;0;0;0;0;0;1;0;1;0;0;0;0;0;0;0;0;0;0;0;0;0;0;0;0;1;0;0;0;0;0;0;0;0;0;0;0;1;0;0;0;0;0;0;0;0;0;0;0;1;0;0;0;0;0;0;0;0;0;0;0;0;1;0;0;0;0;0;0;0;0;0;0;0;0;0;0;0;0;0;0;0;0;0;1;0;0;0;0;0;0;0;0
riven-varos;Riven Varos;Alloyin;XXXR;Creature;Mage;FALSE;;2;8;"<b>Mobility</b> 1, <b>Defender</b>

The enemy player can't play [l1] cards from their banish pile or discard pile. ";4;12;"<b>Mobility</b> 1, <b>Defender</b>

The enemy player can't play [l1] or [l2] cards from their banish pile or discard pile. ";7;18;"<b>Mobility</b> 1, <b>Defender</b>

The enemy player can't play cards from their banish pile or discard pile. ";0;0;0;0;0;0;0;0;0;0;1;0;0;0;0;0;0;0;0;0;0;0;0;0;0;0;0;0;0;0;0;0;0;0;0;0;0;0;0;0;1;0;0;0;0;0;0;0;0;0;0;0;0;0;0;0;0;0;0;0;0;0;0;0;1;0;0;0;0;0;0;0;0;0;0;0;0;0;0;0;0;0;0;0;0;0;0;0;0;0;0;0;0;0;0;0;0;0;0;0;0;0;0
spitter;Spitter;Uterra;XXXR;Creature;Dinosaur;TRUE;;3;4;When this deals damage to an Exhausted creature, destroy it. ;4;7;When this deals damage to an Exhausted creature, destroy it. ;6;9;When this deals damage to an Exhausted creature, destroy it. ;0;0;0;0;1;0;0;0;0;0;0;0;0;0;0;0;0;0;0;0;0;0;0;0;0;0;0;0;0;0;0;0;0;0;0;0;0;0;0;0;0;0;0;0;0;0;0;0;0;0;0;0;0;0;0;0;0;0;0;0;0;0;0;0;0;0;0;0;0;0;0;0;0;0;0;0;0;0;0;0;0;0;0;0;0;0;0;0;0;0;0;0;0;0;0;0;0;0;0;0;0;0;0
steelhorn-vanguard;Steelhorn Vanguard;Alloyin;XXXR;Creature;Robot Dinosaur;FALSE;;0;1;"4D, <b>Breakthrough</b>

<b>Activate:</b> This gets +A equal to its D. ";0;3;"6D, <b>Breakthrough</b>

<b>Activate:</b> This gets +A equal to its D. ";0;5;"8D, <b>Breakthrough</b>

<b>Activate:</b> This gets +A equal to its D. ";0;0;0;0;1;0;0;0;0;0;0;0;0;0;0;0;1;0;1;0;0;0;0;0;0;0;0;0;0;0;0;0;0;0;0;0;0;0;0;0;0;0;0;1;0;1;0;1;0;0;0;0;0;0;0;0;0;0;0;0;1;0;0;0;0;0;0;0;0;0;1;0;1;0;0;0;0;0;0;0;0;0;0;0;0;0;0;0;0;0;0;0;0;0;0;0;0;0;0;0;0;0;0
strategist;Strategist;Alloyin;XXXR;Creature;Warrior;TRUE;;2;2;<b>Deploy:</b> Each creature adjacent to this gets +4A. ;2;4;<b>Deploy:</b> Each creature adjacent to this gets +6A. ;2;4;<b>Deploy:</b> Each creature adjacent to this gets +10A. ;0;0;0;0;0;0;0;0;0;0;0;0;0;0;0;0;0;0;0;0;0;0;0;0;0;1;0;0;0;0;0;0;0;0;0;0;0;0;0;0;0;0;0;0;0;0;0;0;0;0;0;0;0;0;0;0;0;0;0;0;0;0;0;0;0;0;0;0;0;0;1;0;1;0;0;0;0;0;0;0;0;0;0;0;0;0;0;0;0;0;1;0;1;0;0;0;0;0;0;0;0;0;0
syphoner;Syphoner;Nekrium;XXXR;Creature;Vampire Warrior;TRUE;;4;5;<b>Slay:</b> Give an enemy creature -1A,-1H.;4;5;<b>Slay:</b> Give an enemy creature -2A,-2H.;4;5;<b>Slay:</b> Give an enemy creature -3A,-3H.;0;0;0;0;0;0;0;0;0;0;0;0;0;0;0;0;0;0;0;0;0;0;0;0;0;1;0;0;0;0;0;0;0;0;0;0;0;0;0;0;0;0;0;0;0;0;0;0;0;0;0;0;0;0;0;0;0;0;0;1;0;0;0;0;0;0;0;0;0;0;0;0;0;0;1;0;0;0;0;0;0;0;0;0;0;0;0;0;1;0;0;0;0;0;0;0;0;0;0;0;0;0;0
tracker;Tracker;Uterra;XXXR;Creature;Beast Warrior;TRUE;;2;2;;2;2;<b>Deploy:</b> Play up to one [l1] creature for <b>Free</b>. ;2;2;<b>Deploy:</b> Play up to one [l1] or [l2] creature for <b>Free</b>. ;1;0;0;0;0;0;0;0;0;0;0;0;0;0;0;0;0;0;0;0;0;0;0;0;0;1;0;0;0;0;0;0;0;0;0;0;0;0;0;0;0;0;0;0;0;0;0;0;0;0.7;0;0;0;0;0;0;0;0;0;0;0;0;0;0;0;0;0;0;0;0;0;0;0;0;0;0;0;0;0;0;0;0;0;0;0;0;0;0;0;0;0.7;0;0;0;0;0;0;0;0;0;0;0;0
utoman;Utoman;Uterra;XXXR;Creature;Elemental;FALSE;;6;5;While this is Augmented, it has can't be damaged by <b>Minions</b>. ;9;7;While this is Augmented, it has can't be damaged by [l1] creatures. ;13;12;While this is Augmented, it has can't be damaged by [l1] or [l2] creatures. ;0;0;0;0;0;0;0;0;1;0;0;0;0;0;0;0;0;0;0;0;0;0;0;0;0;0;0;0;0;0;0;0;0;0;0;0;0;0;0;0;0;0;0;0;0;0;0;0;0;0;0;0;0;0;0;0;0;0;0;0;0;0;0;0;0;0;0;0;0;0;0;0;0;0;0;0;0;0;0;0;0;0;0;0;0;0;0;0;0;0;0;0;0;0;0;1;0;0;0;0;0;0;0
verdantis;Verdantis;Uterra;XXXL;Creature;Beast Spirit;FALSE;;6;4;"When one of your creatures comes into play adjacent to this, put an energy counter on this.

<b>Activate:</b> Remove all energy counters from this:

•  If you removed 1 or more, this gets +2A.

•  If you removed 2 or more, this gets +2H.

•  If you removed 3 or more, this Battles up to one enemy creature.";8;6;"When one of your creatures comes into play adjacent to this, put an energy counter on this.

<b>Activate:</b> Remove all energy counters from this:

•  If you removed 1 or more, this gets +3A.

•  If you removed 2 or more, this gets +3H.

•  If you removed 3 or more, this <b>Strikes</b> up to one enemy creature.";12;8;"When one of your creatures comes into play adjacent to this, put an energy counter on this.

<b>Activate:</b> Remove all energy counters from this:

•  If you removed 1 or more, this gets +5A.

•  If you removed 2 or more, this gets +5H.

•  If you removed 3 or more, this <b>Strikes</b> up to two enemy creatures.";1;0;0;0;0;0;0;0;0;0;0;0;0;0;0;0;0;0;0;0;0;1;0;1;0;0;0;0;0;0;0;0;0;0;0;0;0;0;0;0;0;0;0;0;0;0;0;1;0;0;0;0;0;0;0;0;0;0;0;0.7;0;0;0;0;0;0;0;0;0;0;1;1;1;0;0;0;0;0;0;0;0;0;0;0;0;0;0;0;0;0;0;0;1;0;0;0;0;0;0;0;1;0;0
verlana-bloodshade;Verlana Bloodshade;Nekrium;XXXR;Creature;Vampire Warrior;FALSE;;4;5; <b>Activate:</b> One of your opposed Warriors gets +2H and its opposing creature gets -2H. ;6;8; <b>Activate:</b> One of your opposed Warriors gets +3H and its opposing creature gets -3H. ;10;12; <b>Activate:</b> One of your opposed Warriors gets +5H and its opposing creature gets -5H. ;0;0;0;0;0;0;0;0;0;0;0;0;0;0;0;0;0;0;0;0;0;0;0;0;0;1;1;0;0;0;0;0;0;0;0;0;0;0;0;0;0;0;0;0;0;0;0;1;0;0;0;0;0;0;0;0;0;0;0;1;0;0;0;0;0;0;0;0;0;0;0;1;0;0;0;0;0;0;0;0;0;0;0;0;0;0;0;0;0;0;0;0;0;0;0;0;0;0;0;0;0;0;0
vitasprout;Vitasprout;Uterra;XXXR;Creature;Plant;FALSE;;2;5;"<b>Defender</b>

<b>Activate:</b> Gain 1H for each other creature you have in play. ";4;8;"<b>Defender</b>

<b>Activate:</b> Gain 2H for each other creature you have in play. ";5;10;"<b>Defender</b>

<b>Activate:</b> Gain 3H for each other creature you have in play. ";0;0;0;0;0;0;0;0;0;0;0;0;0;0;1;0;0;0;0;0;0;0;0;0;0;0;0;0;0;0;0;0;0;0;0;0;0;0;0;0;0;0;0;0;0;0;0;1;0;0;0;0;0;0;0;0;0;0;0;0;0;0;0;0;1;0;0;0;0;0;0;0;0;0;0;0;0;0;0;0;0;0;0;0;0;0;0;0;0;0;0;0;0;0;0;0;0;0;0;0;0;0;0
voltaris-tempestcaller;Voltaris, Tempestcaller;Tempys;XXXR;Creature;Elemental;FALSE;;2;5;"<b>Defender</b>

When you play a spell, play up to one Spell Sprite <b>Minion</b>. It gets +2A. ";4;8;"<b>Defender</b>

When you play a spell, play up to one Spell Sprite <b>Minion</b>. It gets +2A. ";7;9;"<b>Defender</b>

When you play a spell, play up to one Spell Swarm <b>Minion</b>. It gets +3A. ";0;0;0;0;0;0;0;0;1;0;0;0;0;0;0;0;0;0;0;0;0;0;0;0;0;0;0;0;0;0;0;1;0;1;0;0;0;0;0;0;0;0;0;0;0;0;0;0;0;0;0;0;0;0;0;0;0;0;0;0;0;0;0;0;1;0;0;0;0;0;1;0;1;0;0;0;0;0;0;0;0;0;0;0;0;0;0;0;0;0;0;0;0;0;0;0;0;0;0;0;0;0;0
windspeaker;Windspeaker;Tempys;XXXR;Creature;Yeti;TRUE;;3;5;"<b>Defender</b>

<b>Activate:</b> Move an enemy creature to this lane. ";5;7;"<b>Defender</b>

<b>Activate:</b> Move an enemy creature to this lane. ";7;9;"<b>Defender</b>

<b>Activate:</b> Move an enemy creature to this lane. ";0;0;0;0;0;0;0;0;0;0;0;0;0;0;0;0;0;0;0;0;0;0;0;0;0;0;0;1;0;0;0;0;0;0;0;0;0;0;0;0;0;0;0;0;0;0;0;1;0;0;0;0;0;0;0;0;0;0;0;0;0;0;0;0;1;0;0;0;0;0;0;0;0;0;0;0;0;0;0;0;0;0;0;0;0;0;0;0;0;0;0;0;0;0;0;0;0;0;0;0;0;0;0
xelthrax;Xelthrax;Nekrium;XXXR;Creature;Beast;FALSE;;2;6;"<b>Defender</b>

When an enemy creature deals damage to you, it gets -2A,-2H. ";3;7;"<b>Defender</b>

When an enemy creature deals damage to you, it gets -4A,-4H. ";5;10;"<b>Defender</b>

When an enemy creature deals damage to you, destroy it. ";1;0;0;0;0;0;0;0;0;0;0;0;0;0;0;0;0;0;0;0;0;0;0;0;0;0;0;0;0;0;0;0;0;0;0;0;0;0;0;0;0;0;0;0;0;0;0;0;0;0;0;0;0;0;0;0;0;0;0;0.9;0;0;0;0;1;0;0;0;0;0;0;0;0;0;0;0;0;0;0;0;0;0;0;0;0;0;0;0;0;0;0;0;0;0;0;0;0;0;0;0;0;0;0
bulking;Bulking;Nekrium/Tempys;XXXC;Modifier;;TRUE;;0;1;;5;5;;6;6;;0;0;0;0;0;0;0;0;0;0;0;0;0;0;0;0;0;0;0;0;0;0;0;0;0;0;0;0;0;0;0;0;0;0;0;0;0;0;0;0;0;0;0;0;0;0;0;0;0;0;0;0;0;0;0;0;0;0;0;0;0;0;0;0;0;0;0;0;0;0;0;0;0;0;0;0;0;0;0;0;0;0;0;0;0;0;0;0;0;0;0;0;0;0;0;0;0;0;0;0;0;0;0
marching;Marching;Alloyin/Tempys/Uterra;XXXC;Modifier;;TRUE;;4;2;;4;2;;4;1;;0;0;0;0;0;0;0;0;0;0;0;0;0;0;0;0;0;0;0;0;0;0;0;0;0;0;0;0;0;0;0;0;0;0;0;0;0;0;0;0;0;0;0;0;0;0;0;0;0;0;0;0;0;0;0;0;0;0;0;0;0;0;0;0;0;0;0;0;0;0;0;0;0;0;0;0;0;0;0;0;0;0;0;0;0;0;0;0;0;0;0;0;0;0;0;0;0;0;0;0;0;0;0
reliable;Reliable;Alloyin/Nekrium/Tempys/Uterra;XXXC;Modifier;;TRUE;;2;2;;3;3;;6;5;;0;0;0;0;0;0;0;0;0;0;0;0;0;0;0;0;0;0;0;0;0;0;0;0;0;0;0;0;0;0;0;0;0;0;0;0;0;0;0;0;0;0;0;0;0;0;0;0;0;0;0;0;0;0;0;0;0;0;0;0;0;0;0;0;0;0;0;0;0;0;0;0;0;0;0;0;0;0;0;0;0;0;0;0;0;0;0;0;0;0;0;0;0;0;0;0;0;0;0;0;0;0;0
stoic;Stoic;Alloyin/Nekrium/Tempys/Uterra;XXXC;Modifier;;TRUE;;1;3;;2;4;;4;7;;0;0;0;0;0;0;0;0;0;0;0;0;0;0;0;0;0;0;0;0;0;0;0;0;0;0;0;0;0;0;0;0;0;0;0;0;0;0;0;0;0;0;0;0;0;0;0;0;0;0;0;0;0;0;0;0;0;0;0;0;0;0;0;0;0;0;0;0;0;0;0;0;0;0;0;0;0;0;0;0;0;0;0;0;0;0;0;0;0;0;0;0;0;0;0;0;0;0;0;0;0;0;0
surge;Surge;Alloyin;XXXC;Modifier;;TRUE;;0;1;;4;6;;4;8;;0;0;0;0;0;0;0;0;0;0;0;0;0;0;0;0;0;0;0;0;0;0;0;0;0;0;0;0;0;0;0;0;0;0;0;0;0;0;0;0;0;0;0;0;0;0;0;0;0;0;0;0;0;0;0;0;0;0;0;0;0;0;0;0;0;0;0;0;0;0;0;0;0;0;0;0;0;0;0;0;0;0;0;0;0;0;0;0;0;0;0;0;0;0;0;0;0;0;0;0;0;0;0
tempermental;Tempermental;Alloyin/Nekrium/Tempys/Uterra;XXXC;Modifier;;TRUE;;3;1;;4;2;;8;3;;0;0;0;0;0;0;0;0;0;0;0;0;0;0;0;0;0;0;0;0;0;0;0;0;0;0;0;0;0;0;0;0;0;0;0;0;0;0;0;0;0;0;0;0;0;0;0;0;0;0;0;0;0;0;0;0;0;0;0;0;0;0;0;0;0;0;0;0;0;0;0;0;0;0;0;0;0;0;0;0;0;0;0;0;0;0;0;0;0;0;0;0;0;0;0;0;0;0;0;0;0;0;0
vicious;Vicious;Nekrium/Uterra;XXXC;Modifier;;TRUE;;1;-1;;1;0;;17;16;;0;0;0;0;0;0;0;0;0;0;0;0;0;0;0;0;0;0;0;0;0;0;0;0;0;0;0;0;0;0;0;0;0;0;0;0;0;0;0;0;0;0;0;0;0;0;0;0;0;0;0;0;0;0;0;0;0;0;0;0;0;0;0;0;0;0;0;0;0;0;0;0;0;0;0;0;0;0;0;0;0;0;0;0;0;0;0;0;0;0;0;0;0;0;0;0;0;0;0;0;0;0;0
warped;Warped;Alloyin/Nekrium/Tempys/Uterra;XXXD;Modifier;Darkforge;TRUE;;3;3;At the start of the turn, you may have this deal 3 damage to you. Otherwise, destroy this.;4;5;At the start of the turn, you may have this deal 3 damage to you. Otherwise, destroy this.;7;8;At the start of the turn, you may have this deal 3 damage to you. Otherwise, destroy this.;0;0;1;0;0;0;0;0;0;0;0;0;0;0;0;0;0;0;0;0;0;0;0;0;0;0;0;0;0;0;0;0;0;0;0;0;0;0;0;0;0;0;0;0;0;0;0;0;0;0;0;0;0;0;0;0;0;0;0;0;0;0;0;0;0;0;0;0;0;0;0;0;0;0;0;0;0;0;0;0;0;1;0;0;0;0;0;0;0;0;0;0;0;0;0;0;1;0;0;0;0.25;0;0
abominable;Abominable;Tempys;XXXR;Modifier;;TRUE;;1;4;<b>Deploy:</b> One of your creatures gets <b>Defender</b> this turn.;2;6;<b>Deploy:</b> One of your creatures gets <b>Defender</b> this turn.;3;10;<b>Deploy:</b> One of your creatures gets <b>Defender</b> this turn.;0;0;0;0;0;0;0;0;0;0;0;0;0;0;0;0;0;0;0;0;0;0;0;0;0;0;0;0;0;0;0;0;0;0;0;0;0;0;0;0;0;0;0;0;0;0;0;0;0;0;0;0;0;0;0;0;0;0;0;0;0;0;0;0;0;0;1;0;0;0;0;0;0;0;0;0;0;0;0;0;0;0;0;0;0;0;0;0;0;0;1;0;0;0;0;0;0;0;0;0;0;0;0
assault;Assault;Alloyin;XXXR;Modifier;;TRUE;;1;1;<b>Deploy:</b> Each adjacent creature gets 3D this turn.;2;1;<b>Deploy:</b> Each adjacent creature gets 4D this turn.;4;3;<b>Deploy:</b> Each adjacent creature gets 5D this turn.;0;0;0;0;0;0;0;0;0;0;0;0;0;0;0;0;0;0;0;0;0;0;0;0;0;0;0;0;0;0;0;0;0;0;0;0;0;0;0;0;0;0;0;0;1;0;0;0;0;0;0;0;0;0;0;0;0;0;0;0;0;0;0;0;0;0;0;0;0;0;0;0;0;0;0;0;0;0;0;0;0;0;0;0;0;0;0;0;0;0;1;0;0;0;0;0;0;0;0;0;0;0;0
auxillary;Auxillary;Alloyin;XXXR;Modifier;;TRUE;;0;2;When a creature replaces this, your creatures get +2A. ;0;3;When a creature replaces this, your creatures get +3A. ;1;5;When a creature replaces this, your creatures get +5A. ;0;0;0;0;0;0;0;0;0;0;0;0;0;0;0;0;0;0;0;0;0;0;0;0;0;0;0;0;0;0;0;0;0;0;0;1;0;0;0;0;0;0;0;0;0;0;0;0;0;0;0;0;0;0;0;0;0;0;0;0;0;0;0;0;0;0;0;0;0;0;1;0;1;0;0;0;0;0;0;0;0;0;0;0;0;0;0;0;0;0;0;0;0;0;0;0;0;0;0;0;0;0;0
blastin;Blastin;Tempys;XXXR;Modifier;;TRUE;;1;1;<b>Deploy:</b> This <b>Blasts</b> 1.;1;1;<b>Deploy:</b> This <b>Blasts</b> 2.;3;2;<b>Deploy:</b> This <b>Blasts</b> 3.;0;0;0;0;0;0;0;0;0;0;0;0;0;0;0;0;0;0;0;0;0;0;0;0;0;0;0;0;0;0;0;0;0;0;0;0;0;0;0;0;0;0;0;0;0;0;0;0;0;0;0;0;0;1;0;0;0;0;0;1;0;0;0;0;0;0;0;0;0;0;0;0;0;0;0;0;0;0;0;0;0;0;0;0;0;0;0;0;0;0;1;0;0;0;0;0;0;0;0;0;0;0;0
boosting;Boosting;Uterra;XXXR;Modifier;;TRUE;;0;2;<b>Deploy:</b> This gets +1A,+1H for each adjacent creature.;0;2;<b>Deploy:</b> This gets +2A,+2H for each adjacent creature.;1;4;<b>Deploy:</b> This gets +3A,+3H for each adjacent creature.;0;0;0;0;0;0;0;0;0;0;0;0;0;0;0;0;0;0;0;0;0;0;0;0;0;0;0;0;0;0;0;0;0;0;0;0;0;0;0;0;0;0;0;0;0;0;0;0;0;0;0;0;0;0;0;0;0;0;0;0;0;0;0;0;0;0;0;0;0;0;0;0;1;0;0;0;0;0;0;0;0;0;0;0;0;0;0;0;0;0;1;0;0;0;0;0;0;0;0;0;0;0;0
chasing;Chasing;Tempys;XXXR;Modifier;;TRUE;;1;0;<b>Mobility</b> 1, <b>Aggressive</b>;2;1;<b>Mobility</b> 1, <b>Aggressive</b>;4;1;<b>Mobility</b> 1, <b>Aggressive</b>;0;0;0;0;0;0;0;0;0;0;0;0;0;0;0;0;0;0;0;0;0;0;0;0;0;0;0;0;0;0;0;0;0;0;0;0;0;0;0;0;1;0;0;0;0;0;0;0;0;0;0;0;0;0;0;0;0;0;0;0;0;0;1;0;0;0;0;0;0;0;0;0;0;0;0;0;0;0;0;0;0;0;0;0;0;0;0;0;0;0;0;0;0;0;0;0;0;0;0;0;0;0;0
clerical;Clerical;Uterra;XXXR;Modifier;;TRUE;;1;1;<b>Deploy:</b> You gain 3H.;1;2;<b>Deploy:</b> You gain 3H.;2;4;<b>Deploy:</b> You gain 3H.;0;0;0;0;0;0;0;0;0;0;0;0;0;0;0;0;0;0;0;0;0;0;0;0;0;0;0;0;0;0;0;0;0;0;0;0;0;1;0;0;0;0;0;0;0;0;0;0;0;0;0;0;0;0;0;0;0;0;0;0;0;0;0;0;0;0;0;0;0;0;0;0;0;0;0;0;0;0;0;0;0;0;0;0;0;0;0;0;0;0;1;0;0;0;0;0;0;0;0;0;0;0;0
corrosive;Corrosive;Nekrium;XXXR;Modifier;;TRUE;;1;1;<b>Deploy:</b> If a creature was destroyed this turn, an enemy creature gets -2A,-2H. ;1;2;<b>Deploy:</b> If a creature was destroyed this turn, an enemy creature gets -3A,-3H. ;3;3;<b>Deploy:</b> If a creature was destroyed this turn, an enemy creature gets -5A,-5H. ;0;0;0;0;0;0;0;0;0;0;0;0;0;0;0;0;0;0;0;0;0;0;0;0;0;0;0;0;0;0;0;0;0;0;0;0;0;0;0;0;0;0;0;0;0;0;0;0;0;0;0;0;0;0;0;0;0;0;0;1;0;0;0;0;0;0;0;0;0;0;0;0;0;0;0;0;0;0;0;1;0;0;1;0;0;0;0;0;0;0;1;0;0;0;0;0;0;0;0;0;0;0;0
developing;Developing;Alloyin;XXXR;Modifier;;TRUE;;1;1;<b>Deploy:</b> <b>Upgrade</b> a card in your hand, then discard it.;2;2;<b>Deploy:</b> <b>Upgrade</b> a card in your hand, then discard it.;3;4;<b>Deploy:</b> <b>Upgrade</b> a card in your hand.;0;0;0;0;0;0;0;0;0;0;0;0;0;0;0;0;0;0;0;0;0;0;0;0;0;0;0;0;0;0;0;0;0;0;0;0;0;0;0;0;0;0;0;0;0;0;0;0;0;0;0;1;0;0;0;0;0;0;0;0;0;0;0;0;0;0;0;0;0;0;0;0;0;0;0;0;0;0;0;0;0;0;0;0;0;0;0;0;0;0;1;0;0;0;0;0;0;0;0;0;0;0;0
dissipating;Dissipating;Nekrium;XXXR;Modifier;;TRUE;;-1;3;"<b>Mobility</b> 1, <b>Stealth</b>

When this moves, it gets -2H.";-1;3;<b>Mobility</b> 1, <b>Stealth</b>;4;5;"<b>Mobility</b> 1, <b>Stealth</b>

When this moves, it gets +2H.";0;0;0;0;0;0;0;0;0;0;0;0;0;0;0;0;0;0;0;0;0;0;0;0;0;0;0;0;0;0;0;0;0;0;0;0;0;0;0;0;1;0;0.8;0;0;0;0;0;0;0;0;0;0;0;0;0;0;0;0;0.5;0;0;0;0;0;0;0;1;0;0;0;0.3;0;0;0;0;0;0;0;0;0;0;0;0;0;0;0;0;0;0;0;0;0;0;0;0;0;0;0;0;0;0;0
duplicitious;Duplicitious;Nekrium;XXXR;Modifier;;TRUE;;1;0;"<b>Stealth</b>

<b>Deploy:</b> Destroy up to one of your other creatures. If you do, this gets +3A,+3H.";1;0;"<b>Stealth</b>

<b>Deploy:</b> Destroy up to one of your other creatures. If you do, this gets +5A,+5H.";1;1;"<b>Stealth</b>

<b>Deploy:</b> Destroy up to one of your other creatures. If you do, this gets +9A,+9H.";0;0;0;0;0;0;0;0;0;0;0;0;0;0;0;0;0;0;0;0;0;0;0;0;0;0;0;0;0;0;0;0;0;0;0;0;0;0;0;0;0;0;0;0;0;0;0;0;0;0;0;0;0;0;0;0;0;0;0;0;0;0;0;0;0;0;0;1;0;0;0;0;1;0;0;0;0;0;0;0;0;0;0;0;0;0;0;0;0;0;1;0;0;0;0;0;0;0;0;0;0;0;0
s4emboldened;S4 Emboldened;Uterra;XXXR;Modifier;;TRUE;;1;2;1D, <b>Breakthrough</b>;2;0;2D, <b>Breakthrough</b>;4;0;3D, <b>Breakthrough</b>;0;0;0;0;0;0;0;0;0;0;0;0;0;0;0;0;0;0;0;0;0;0;0;0;0;0;0;0;0;0;0;0;0;0;0;0;0;0;0;0;0;0;0;1;0;0;0;0;0;0;0;0;0;0;0;0;0;0;0;0;1;0;0;0;0;0;0;0;0;0;0;0;0;0;0;0;0;0;0;0;0;0;0;0;0;0;0;0;0;0;0;0;0;0;0;0;0;0;0;0;0;0;0
flesheater;Flesheater;Nekrium;XXXR;Modifier;;TRUE;;0;2;<b>Slay:</b> This gets +4A.;0;3;<b>Slay:</b> This gets +6A.;1;5;<b>Slay:</b> This gets +10A.;0;0;0;0;0;0;0;0;0;0;0;0;0;0;0;0;0;0;0;0;0;0;0;0;0;0;0;0;0;0;0;0;0;0;0;0;0;0;0;0;0;0;0;0;0;0;0;0;0;0;0;0;0;0;0;0;0;0;0;0;0;0;0;0;0;0;0;0;0;0;1;0;1;0;0;0;0;0;0;0;0;0;0;0;0;0;0;0;1;0;0;0;0;0;0;0;0;0;0;0;0;0;0
healing;Healing;Uterra;XXXR;Modifier;;TRUE;;1;1;<b>Deploy:</b> Another one of your creatures gets +2H.;1;1;<b>Deploy:</b> Another one of your creatures gets +4H.;2;3;<b>Deploy:</b> Another one of your creatures gets +6H.;0;0;0;0;0;0;0;0;0;0;0;0;0;0;0;0;0;0;0;0;0;0;0;0;0;0;0;0;0;0;0;0;0;0;0;0;0;0;0;0;0;0;0;0;0;0;0;0;0;0;0;0;0;0;0;0;0;0;0;0;0;0;0;0;0;0;0;0;0;0;0;1;0;0;0;0;0;0;0;0;0;0;0;0;0;0;0;0;0;0;1;0;0;0;0;0;0;0;0;0;0;0;0
inventive;Inventive;Alloyin;XXXR;Modifier;;TRUE;;0;2;At the end of the turn, if you took no damage, play up to one Gizmo <b>Minion</b>.;0;4;At the end of the turn, if you took no damage, play up to one Gizmo <b>Minion</b>.;0;6;At the end of the turn, if you took no damage, play up to one Mega Gizmo <b>Minion</b>.;0;0;0;0;0;0;0;0;0;0;0;0;0;0;0;0;1;0;0;0;0;0;0;0;0;0;0;0;0;0;0;1;0;0;0;1;0;0;0;0;0;0;0;0;0;0;0;0;0;0;0;0;0;0;0;0;0;0;0;0;0;0;0;0;0;0;0;0;0;1;0;0;1;0;0;0;0;0;0;0;0;0;0;0;0;0;0;0;0;0;0;0;0;0;0;0;0;0;0;0;0;0;0
leeching;Leeching;Nekrium;XXXR;Modifier;;TRUE;;1;0;<b>Deploy:</b> The opposing creature gets -2A and this gets +2A.;2;0;<b>Deploy:</b> The opposing creature gets -3A and this gets +3A.;4;2;<b>Deploy:</b> The opposing creature gets -4A and this gets +4A.;0;0;0;0;0;0;0;0;0;0;0;0;0;0;0;0;0;0;0;0;0;0;0;0;0;0;0;0;0;0;0;0;0;0;0;0;0;0;0;0;0;0;0;0;0;0;0;0;0;0;0;0;0;0;0;0;0;0;0;0;0;0;0;0;0;0;0;0;0;0;1;0;1;0;0;1;0;0;0;0;0;0;0;0;0;0;0;0;0;0;1;0;0;0;0;0;0;0;0;0;0;0;0
shock;Shock;Alloyin;XXXR;Modifier;;TRUE;;1;1;<b>Deploy:</b> Each enemy creature gets -1A.;2;1;<b>Deploy:</b> Each enemy creature gets -2A.;5;1;<b>Deploy:</b> Each enemy creature gets -3A.;0;0;0;0;0;0;0;0;0;0;0;0;0;0;0;0;0;0;0;0;0;0;0;0;0;0;0;0;0;0;0;0;0;0;0;0;0;0;0;0;0;0;0;0;0;0;0;0;0;0;0;0;0;0;0;0;0;0;0;0;0;0;0;0;0;0;0;0;0;0;0;0;0;0;0;1;0;0;0;0;0;0;0;0;0;0;0;0;0;0;1;0;0;0;0;0;0;0;0;0;0;0;0
sigiled;Sigiled;Tempys;XXXR;Modifier;;TRUE;;2;0;1D;2;0;3D;4;0;5D;0;0;0;0;0;0;0;0;0;0;0;0;0;0;0;0;0;0;0;0;0;0;0;0;0;0;0;0;0;0;0;0;0;0;0;0;0;0;0;0;0;0;0;1;0;0;0;0;0;0;0;0;0;0;0;0;0;0;0;0;0;0;0;0;0;0;0;0;0;0;0;0;0;0;0;0;0;0;0;0;0;0;0;0;0;0;0;0;0;0;0;0;0;0;0;0;0;0;0;0;0;0;0
tangle;Tangle;Uterra;XXXR;Modifier;;TRUE;;1;1;<b>Deploy:</b> Exhaust a [l1] enemy creature and it gets <b>Defender</b> this turn.;2;1;<b>Deploy:</b> Exhaust a [l1] or [l2] enemy creature and it gets <b>Defender</b> this turn.;4;3;<b>Deploy:</b> Exhaust an enemy creature and it gets <b>Defender</b> this turn.;0;0;0;0;0;0;0;0;0;0;0;0;0;0;0;0;0;0;0;0;0;0;0;0;0;0;0;0;0;0;0;0;0;0;0;0;0;0;0;0;0;0;0;0;0;0;0;0;0;0;0;0;0;0;0;0;0;0;0;0;0;0;0;0;0;0;1;0;0;0;0;0;0;0;0;0;0;0;0;0;0;0;0;0;0;0;0;0;0;0;1;0;0;0;0;0;0;0;0;0;0;0;0
vitalized;Vitalized;Tempys;XXXR;Modifier;;TRUE;;0;2;<b>Deploy:</b> If you have the Forge, play up to one [l1] spell for <b>Free</b>.;2;3;<b>Deploy:</b> If you have the Forge, play up to one [l1] or [l2] spell for <b>Free</b>.;4;8;<b>Deploy:</b> If you have the Forge, play up to one spell for <b>Free</b>.;0;0;0;0;0;0;0;0;0;0;0;0;0;0;0;0;0;0;0;0;0;0;0;0;0;0;0;0;0;0;0;0;0;1;0;0;0;0;0;0;0;0;0;0;0;0;0;0;0;1;0;0;0;0;0;0;0;0;0;0;0;0;0;0;0;0;0;0;0;0;0;0;0;0;0;0;0;0;0;0;0;0;0;0;0;0;0;0;0;0;1;0;0;0;0;0;0;0;0;0;0;0;0
acidic-pit;Acidic Pit;Uterra;XXXC;Spell;;FALSE;;;;"Exhaust an enemy creature.

Enemy Exhausted creatures get -4H.";;;"Exhaust up to two enemy creatures.

Enemy Exhausted creatures get -5H.";;;"Exhaust all enemy creatures.

Enemy Exhausted creatures get -6H.";0;0;0;0;0;0;0;0;0;0;0;0;0;0;0;0;0;0;0;0;0;0;0;0;0;0;0;0;0;0;0;0;0;0;1;0;0;0;0;0;0;0;0;0;0;0;0;0;0;0;0;0;0;0;0;0;0;0;0;1;0;0;0;0;0;0;0;0;0;0;0;0;0;0;0;0;0;0;0;0;0;0;0;0;0;0;0;0;0;0;0;0;0;0;0;0;0;0;0;0;0;0;0
adaptive-approach;Adaptive Approach;Alloyin;XXXC;Spell;;FALSE;;;;One of your creatures gets +5A. If it is Augmented, it gets 5D this turn.;;;One of your creature gets +10A. If it is Augmented, it gets 10D this turn.;;;One of your creatures gets +15A. If it is Augmented, it gets 15D this turn.;0;0;0;0;0;0;0;0;0;0;0;0;0;0;0;0;0;0;0;0;0;0;0;0;0;0;0;0;0;0;0;0;0;0;1;0;0;0;0;0;0;0;0;0;1;0;0;0;0;0;0;0;0;0;0;0;0;0;0;0;0;0;0;0;0;0;0;0;0;0;1;0;1;0;0;0;0;0;0;0;0;0;0;0;0;0;0;0;0;0;0;0;0;0;0;1;0;0;0;0;0;0;0
burning-lance;Burning Lance;Tempys;XXXC;Spell;;FALSE;;;;"One of your creatures gets +5A.

Then, attach this to one of your [l1] creatures.

Augment — <b>Breakthrough</b>";;;"One of your creatures gets +7A.

Then, attach this to one of your [l1] or [l2] creatures.

Augment — <b>Breakthrough</b>";;;"One of your creatures gets +10A.

Then, attach this to one of your creatures.

Augment — <b>Breakthrough</b>";0;0;0;0;0;0;0;0;0;0;0;0;0;0;0;0;0;0;0;0;0;0;0;0;0;0;0;0;0;0;0;0;0;0;1;0;0;0;0;0;0;0;0;0;0;0;0;0;0;0;0;0;0;0;0;0;0;0;0;0;0;1;0;0;0;0;0;0;0;0;1;0;1;0;0;0;0;0;0;0;0;0;0;0;0;0;0;0;0;0;0;0;0;0;1;0;0;0;0;0;0;0;0
call-of-the-forest;Call of the Forest;Uterra;XXXC;Spell;;FALSE;;;;"Play a Wisp <b>Minion</b>.

Then, attach this to one of your creatures.

Augment — At the end of the turn, play a Wisp <b>Minion</b>.";;;"Play an Oakfather <b>Minion</b>.

Then, attach this to one of your creatures.

Augment — At the end of the turn, play a Wisp <b>Minion</b>.";;;"Play an Oakfather <b>Minion</b>.

Then, attach this to one of your creatures.

Augment — At the end of the turn, play an Oakfather <b>Minion</b>.";0;0;0;0;0;0;0;0;0;0;0;0;0;0;0.7;0;0;0;0;0;0;1;0;0;0;0;0;0;0;0;0;1;0;0;1;0;0;0;0;0;0;0;0;0;0;0;0;0;0;0;0;0;0;0;0;0;0;0;0;0;0.7;0;0;0;0;0;0;0;0;0;0;0;0;0;0;0;0;0;0;0;0;0;0;0;0;0;0;0;0;0;0;0;0;0;1;0;0;0;0;0;0;0;0
cryptic-discovery;Cryptic Discovery;Nekrium;XXXC;Spell;;FALSE;;;;"Choose two:

•  Play a Mindless Zombie <b>Minion</b>.

•  An enemy creature gets -2A,-2H.

•  <b>Upgrade</b> a [l1] card in your discard pile.";;;"Choose two:

•  Play a Zombie Brute <b>Minion</b>.

•  An enemy creature gets -4A,-4H.

•  <b>Upgrade</b> a card in your discard pile.";;;"Choose two:

•  Play a Zombie Brute <b>Minion</b>.

•  An enemy creature gets -6A,-6H.

•  <b>Upgrade</b> a card in your discard pile. Then, play it for <b>Free</b>.";0;0;0;0;0;0;0;0;0;0;0;0;0;0;0;0;0;0;0;0;0;0;0;0;0;0;0;0;0;1;0;1;0;0;1;0;0;0;0;0;0;0;0;0;0;0;0;0;0;0.3;0;1;0;0;0;0;0;0;0;1;0;0;0;0;0;0;0;0;0;0;0;0;0;0;0;0;0;0;0;0;0;0;0;0;0;0;0;0;0;0;0;0;0;0;0;0;0;0;0;0;0;0;0
elemental-discovery;Elemental Discovery;Tempys;XXXC;Spell;;FALSE;;;;"Choose two:

•  Play a Spell Sprite <b>Minion</b>.

•  One of your creatures gets +4A.

•  Deal 5 damage to the enemy player.";;;"Choose two:

•  Play a Spell Swarm <b>Minion</b>.

•  One of your creatures gets +8A.

•  Deal 7 damage to the enemy player.";;;"Choose two:

•  Play a Spell Swarm <b>Minion</b>.

•  One of your creatures gets +12A.

•  Deal 9 damage to the enemy player.";0;0;0;0;0;0;0;0;1;0;0;0;0;0;0;0;0;0;0;0;0;0;0;0;0;0;0;0;0;0;0;1;0;1;1;0;0;0;0;0;0;0;0;0;0;0;0;0;0;0;0;0;0;1;0;0;0;0;0;0;0;0;0;0;0;0;0;0;0;0;1;0;1;0;0;0;0;0;0;0;0;0;0;0;0;0;0;0;0;0;0;0;0;0;0;0;0;0;0;0;0;0;0
endless-hunt;Endless Hunt;Nekrium;XXXC;Spell;;FALSE;;;;One of your creatures gets +5A. The next time it is destroyed this turn, Reanimate up to one Warrior.;;;One of your creatures gets +10A. The next time it is destroyed this turn, Reanimate up to one Warrior.;;;One of your creatures gets +15A. The next time it is destroyed this turn, Reanimate up to one Warrior.;0;0;0;0;0;0;0;0;0;0;0;0;0;0;0;0;0;0;0;0;0;0;0;0;0;0;1;0;0;0;0;0;0;0;1;0;0;0;0;0;0;0;0;0;0;0;0;0;0;0;1;0;0;0;0;0;0;0;0;0;0;0;0;0;0;0;0;0;0;0;1;0;1;0;0;0;0;0;1;0;0;0;1;0;0;0;0;0;0;0;0;0;0;0;0;0;0;0;0;0;0;0;0
enraged;Enraged;Uterra;XXXC;Spell;;FALSE;;;;One of your creatures gets +2A,+2H. It <b>Battles</b> up to one enemy creature.;;;One of your creatures gets +4A,+4H. It <b>Battles</b> up to one enemy creature.;;;One of your creatures gets +6A,+6H. It <b>Battles</b> up to one enemy creature.;0;0;0;0;0;0;0;0;0;0;0;0;0;0;0;0;0;0;0;0;0;0;0;0;0;0;0;0;0;0;0;0;0;0;1;0;0;0;0;0;0;0;0;0;0;0;0;0;0;0;0;0;0;0;0;0;0;0;0;1;0;0;0;0;0;0;0;0;0;0;0;0;1;0;0;0;0;0;0;0;0;0;0;0;0;0;0;0;0;1;0;0;0;0;0;0;0;0;0;0;0;0;0
entrapment;Entrapment;Alloyin;XXXC;Spell;;FALSE;;;;Set a [l1] enemy creature's A to 0. You may move that creature to another lane.;;;Set a [l1] or [l2] enemy creature's A to 0. You may move that creature to another lane.;;;Set an enemy creature's A to 0. You may move that creature to another lane.;0;0;0;0;0;0;0;0;0;0;0;0;0;0;0;0;0;0;0;0;0;0;0;0;0;0;0;0;0;0;0;0;0;0;1;0;0;0;0;0;1;0;0;0;0;0;0;0;0;0;0;0;0;0;0;0;0;0;0;0;0;0;0;0;0;0;0;0;0;0;0;0;0;0;0;1;0;0;0;0;0;0;0;0;0;0;0;0;0;0;0;0;0;0;0;0;0;0;0;0;0;0;0
favor-of-the-swarm;Favor of the Swarm;Uterra;XXXC;Spell;;FALSE;;;;"One of your creatures gets +3A,+3H. Then, attach this to it.

Augment — When you play a creature adjacent to this, this gets +1A,+1H.";;;"One of your creatures gets +5A,+5H. Then, attach this to it.

Augment — When you play a creature adjacent to this, this gets +2A,+2H.";;;"One of your creatures gets +7A,+7H. Then, attach this to it.

Augment — When you play a creature adjacent to this, this gets +3A,+3H.";0;0;0;0;0;0;0;0;0;0;0;0;0;0;0;0;0;0;0;0;0;0;0;0;0;0;0;0;0;0;0;0;0;0;1;0;0;0;0;0;0;0;0;0;0;0;0;0;0;0;0;0;0;0;0;0;0;0;0;0;0;0;0;0;0;0;0;0;0;0;0;0;1;0;0;0;0;0;0;0;0;0;0;0;0;0;0;0;0;0;0;0;1;0;1;0;0;0;0;0;0;0;0
firesquad;Firesquad;Alloyin;XXXC;Spell;;FALSE;;;;Your creatures <b>Blast</b> 2.;;;Your creatures <b>Blast</b> 4.;;;Your creatures <b>Blast</b> 6.;0;0;0;0;0;0;0;0;0;0;0;0;0;0;0;0;0;0;0;0;0;0;0;0;0;0;0;0;0;0;0;0;0;0;1;0;0;0;0;0;0;0;0;0;0;0;0;0;0;0;0;0;0;1;0;0;1;0;0;1;0;0;0;0;0;0;0;0;0;0;0;0;0;0;0;0;0;0;0;0;0;0;0;0;0;0;0;0;0;0;0;0;0;0;0;0;0;0;0;0;0;0;0
forbidden-rite;Forbidden Rite;Nekrium;XXXC;Spell;;FALSE;;;;<b>Upgrade</b> a [l1] card in your discard pile. If it is a creature, play a Mindless Zombie <b>Minion</b>. Otherwise, one of your creatures gets +3A,+3H.;;;"This deals 5 damage to you.

Give one of your creatures +13A,+13H.";;;<b>Upgrade</b> a card in your discard pile. If it is a creature, play it for <b>Free</b>. Otherwise, one of your creatures gets +9A,+9H.;0;0;0;0;0;0;0;0;0;0;0;0;0;0;0;0;0;0;0;0;0;0;0;0;0;0;0;0;0;0.5;0;0.5;0;0;1;0;0;0;0;0;0;0;0;0;0;0;0;0;0;0.3;0;0.8;0;0;0;0;0;0;0;0;0;0;0;0;0;0;0;0;0;0.4;0;0;1;0;0;0;0;0;0;0;0;0;0;0;0;0;0;0;0;0;0;0;0;0;0;0;0.4;0;0;0;0;0;0
hammerflame;Hammerflame;Tempys;XXXC;Spell;;FALSE;;;;"Attach this to one of your creatures. It <b>Blasts</b> 4.

Augment — <b>Slay:</b> This gets +4A.";;;"Attach this to one of your creatures. It <b>Blasts</b> 6.

Augment — <b>Slay:</b> This gets +6A.";;;"Attach this to one of your creatures. It <b>Blasts</b> 8.

Augment — <b>Slay:</b> This gets +8A.";0;0;0;0;0;0;0;0;0;0;0;0;0;0;0;0;0;0;0;0;0;0;0;0;0;0;0;0;0;0;0;0;0;0;1;0;0;0;0;0;0;0;0;0;0;0;0;0;0;0;0;0;0;1;0;0;1;0;0;1;0;0;0;0;0;0;0;0;0;0;1;0;1;0;0;0;0;0;0;0;0;0;0;0;0;0;0;0;1;1;0;0;0;0;1;0;0;0;0;0;0;0;0
hunting-hour;Hunting Hour;Uterra;XXXC;Spell;;FALSE;;;;"<b>Ready</b> your Exhausted creatures.

You gain 2H for each of your creatures in play.";;;"<b>Ready</b> your Exhausted creatures.

You gain 3H for each of your creatures in play.";;;"<b>Ready</b> your Exhausted creatures.

You gain 4H for each of your creatures in play.";0;0;0;0;0;0;0;0;0;0;0;0;0;0;0;0;0;0;0;0;0;0;0;0;0;0;0;0;0;0;0;0;0;0;1;0;0;1;0;0;0;0;0;0;0;0;0;0;0;0;0;0;0;0;0;0;0;0;0;0;0;0;0;0;0;0;0;0;0;0;0;0;0;0;0;0;0;0;0;0;0;0;0;0;0;0;0;0;0;0;0;0;0;0;0;0;0;0;0;0;0;0;0
ice-torrent;Ice Torrent;Tempys;XXXC;Spell;;FALSE;;;;Deal 4 damage to an enemy creature. If it has <b>Defender</b>, destroy it.;;;Deal 6 damage to an enemy creature. If it has <b>Defender</b>, destroy it.;;;Deal 8 damage to an enemy creature. If it has <b>Defender</b>, destroy it.;0;0;0;0;0;0;0;0;0;0;0;0;0;0;0;0;0;0;0;0;0;0;0;0;0;0;0;0;0;0;0;0;0;0;1;0;0;0;0;0;0;0;0;0;0;0;0;0;0;0;0;0;0;0;0;0;0;0;0;1;0;0;0;0;0;0;0;0;0;0;0;0;0;0;0;0;0;0;0;0;0;0;0;0;0;0;0;0;0;0;0;0;0;0;0;0;0;0;0;0;0;0;0
master-and-machine;Master and Machine;Alloyin;XXXC;Spell;;FALSE;;;;"Play a Gizmo <b>Minion</b>.

Give the next creature you play this turn +2A,+2H.";;;"Play a Gizmo <b>Minion</b>.

Give the next creature you play this turn +4A,+4H.";;;"Play a Mega Gizmo <b>Minion</b>.

Give the next creature you play this turn +6A,+6H.";0;0;0;0;0;0;0;0;0;0;0;0;0;0;0;0;1;0;0;0;0;0;0;0;0;0;0;0;0;0;0;1;0;0;1;1;0;0;0;0;0;0;0;0;0;0;0;0;0;0;0;0;0;0;0;0;0;0;0;0;0;0;0;0;0;0;0;0;0;1;0;0;1;0;0;0;0;0;0;0;0;0;0;0;0;0;0;0;0;0;0;0;0;0;0;0;0;0;0;0;0;0;0
metamind-experimentation;Metamind Experimentation;Alloyin;XXXC;Spell;;FALSE;;;;An enemy creature gets -4A. If you have a Metamind in play, each adjacent creature gets -4A.;;;An enemy creature gets -8A. If you have a Metamind in play, each adjacent creature gets -8A.;;;An enemy creature gets -12A. If you have a Metamind in play, each adjacent creature gets -12A.;0;0;0;0;0;0;0;0;0;0;0;0;0;1;0;0;0;0;0;0;0;0;0;0;0;0;0;0;0;0;0;0;0;0;1;0;0;0;0;0;0;0;0;0;0;0;0;0;0;0;0;0;0;0;0;0;0;0;0;0;0;0;0;0;0;0;0;0;0;0;0;0;0;0;0;1;0;0;0;0;0;0;0;0;0;0;0;0;0;0;0;0;0;0;0;0;0;0;0;0;0;0;0
myceliel-discovery;Myceliel Discovery;Uterra;XXXC;Spell;;FALSE;;;;"Choose two:

•  Play a Wisp <b>Minion</b>.

•  <b>Upgrade</b> up to two creatures in your hand, then discard them.

•  One of your creatures gets 5D this turn.";;;"Choose two:

•  Play an Oakfather <b>Minion</b>.

•  <b>Upgrade</b> up to two creatures in your hand, then discard one of them.

•  One of your creatures gets 10D this turn.";;;"Choose two:

•  Play an Oakfather <b>Minion</b>.

•  <b>Upgrade</b> up to two creatures in your hand.

•  One of your creatures gets 15D this turn.";0;0;0;0;0;0;0;0;0;0;0;0;0;0;0.7;0;0;0;0;0;0;1;0;0;0;0;0;0;0;0;0;1;0;0;1;0;0;0;0;0;0;0;0;0;1;0;0;0;0;0;0;1;0;0;0;0;0;0;0;0;0.7;0;0;0;0;0;0;0;0;0;0;0;0;0;0;0;0;0;0;0;0;0;0;0;0;0;0;0;0;0;0;0;0;0;0;0;0;0;0;0;0;0;0
natures-abundance;Nature's Abundance;Uterra;XXXC;Spell;;FALSE;;;;"One of your creatures gets +4H. Then, attach this to it.

Augment — At the end of the turn, you gain 2H.";;;"One of your creatures gets +8H. Then, attach this to it.

Augment — At the end of the turn, you gain 4H.";;;"One of your creatures gets +12H. Then, attach this to it.

Augment — At the end of the turn, you gain 6H.";0;0;0;0;0;0;0;0;0;0;0;0;0;0;0;0;0;0;0;0;0;0;0;0;0;0;0;0;0;0;0;0;0;0;1;0;0;1;0;0;0;0;0;0;0;0;0;0;0;0;0;0;0;0;0;0;0;0;0;0;0;0;0;0;0;0;0;0;0;0;0;1;0;0;0;0;0;0;0;0;0;0;0;0;0;0;0;0;0;0;0;0;0;0;1;0;0;0;0;0;0;0;0
noxious-cloud;Noxious Cloud;Uterra;XXXC;Spell;;FALSE;;;;"You gain 3H.

An enemy creature gets -3H.";;;"You gain 6H.

An enemy creature gets -6H.";;;"You gain 10H.

An enemy creature gets -10H.";0;0;0;0;0;0;0;0;0;0;0;0;0;0;0;0;0;0;0;0;0;0;0;0;0;0;0;0;0;0;0;0;0;0;1;0;0;1;0;0;0;0;0;0;0;0;0;0;0;0;0;0;0;0;0;0;0;0;0;1;0;0;0;0;0;0;0;0;0;0;0;0;0;0;0;0;0;0;0;0;0;0;0;0;0;0;0;0;0;0;0;0;0;0;0;0;0;0;0;0;0;0;0
portal-spell;Portal Spell;Alloyin;XXXC;Spell;;FALSE;;;;Up to two of your creatures get +3A. You may swap them.;;;Up to two of your creatures get +7A. You may swap them.;;;Up to two of your creatures get +15A. You may swap them.;0;0;0;0;0;0;0;0;0;0;0;0;0;0;0;0;0;0;0;0;0;0;0;0;0;0;0;0;0;0;0;0;0;0;1;0;0;0;0;0;0;1;0;0;0;0;0;0;0;0;0;0;0;0;0;0;0;0;0;0;0;0;0;0;0;0;0;0;0;0;1;0;1;0;0;0;0;0;0;0;0;0;0;0;0;0;0;0;0;0;0;0;0;0;0;0;0;0;0;0;0;0;0
pyro-puncture;Pyro Puncture;Tempys;XXXC;Spell;;FALSE;;;;Deal 5 damage to an enemy creature. If it is Augmented, deal 10 damage to it instead.;;;Deal 8 damage to an enemy creature. If it is Augmented, deal 16 damage to it instead.;;;Deal 12 damage to an enemy creature. If it is Augmented, deal 24 damage to it instead.;0;0;0;0;0;0;0;0;0;0;0;0;0;0;0;0;0;0;0;0;0;0;0;0;0;0;0;0;0;0;0;0;0;0;1;0;0;0;0;0;0;0;0;0;0;0;0;0;0;0;0;0;0;0;0;0;0;0;0;1;0;0;0;0;0;0;0;0;0;0;0;0;0;0;0;0;0;0;0;0;0;0;0;0;0;0;0;0;0;0;0;0;0;0;0;0;0;0;0;0;0;0;0
quantum-discovery;Quantum Discovery;Alloyin;XXXC;Spell;;FALSE;;;;"Choose two:

•  Play a Gizmo <b>Minion</b>.

•  An enemy creature gets -4A.

•  You get 10D this turn.";;;"Choose two:

•  Play a Mega Gizmo <b>Minion</b>.

•  An enemy creature gets -8A.

•  You get 15D this turn.";;;"Choose two:

•  Play a Mega Gizmo <b>Minion</b>.

•  An enemy creature gets -12A.

•  You get 25D this turn.";0;0;0;0;0;0;0;0;0;0;0;0;0;0;0;0;1;0;0;0;0;0;0;0;0;0;0;0;0;0;0;1;0;0;1;1;0;0;0;0;0;0;0;0;1;0;1;0;0;0;0;0;0;0;0;0;0;0;0;0;0;0;0;0;0;0;0;0;0;1;0;0;1;0;0;1;0;0;0;0;0;0;0;0;0;0;0;0;0;0;0;0;0;0;0;0;0;0;0;0;0;0;0
rise-and-shine;Rise and Shine;Nekrium;XXXC;Spell;;FALSE;;;;The enemy player destroys one of their [l1] creatures.;;;"The enemy player destroys one of their [l2] creatures.

Play up to one Mindless Zombie <b>Minion</b>.";;;"The enemy player destroys one of their [l3] creatures.

Play up to one Zombie Brute <b>Minion</b>.";0;0;0;0;0;0;0;0;0;0;0;0;0;0;0;0;0;0;0;0;0;0;0;0;0;0;0;0;0;0.7;0;0.7;0;0;1;0;0;0;0;0;0;0;0;0;0;0;0;0;0;0;0;0;0;0;0;0;0;0;0;1;0;0;0;0;0;0;0;0;0;0;0;0;0;0;0;0;0;0;0;0;0;0;0;0;0;0;0;0;0;0;0;0;0;0;0;0;0;0;0;0;0;0;0
rite-of-the-fallen;Rite of the Fallen;Nekrium;XXXC;Spell;;FALSE;;;;Play a Mindless Zombie <b>Minion</b>.;;;"Play a Mindless Zombie <b>Minion</b>.

Reanimate up to one [l1] or [l2] creature.";;;"Play a Zombie Brute <b>Minion</b>.

Reanimate up to one creature.";0;0;0;0;0;0;0;0;0;0;0;0;0;0;0;0;0;0;0;0;0;0;0;0;0;0;0;0;0;1;0;1;0;0;1;0;0;0;0;0;0;0;0;0;0;0;0;0;0;0;0.7;0;0;0;0;0;0;0;0;0;0;0;0;0;0;0;0;0;0;0;0;0;0;0;0;0;0;0;0;0;0;0;0;0;0;0;0;0;0;0;0;0;0;0;0;0;0;0;0;0;0;0;0
sacrificial-strength;Sacrifical Strength;Nekrium;XXXC;Spell;;FALSE;;;;Destroy one of your creatures to give another one of your creatures +6A,+6H.;;;Destroy one of your creatures to give another one of your creatures +8A,+8H.;;;Destroy one of your creatures to give another one of your creatures +12A,+12H.;0;0;0;0;0;0;0;0;0;0;0;0;0;0;0;0;0;0;0;0;0;0;0;0;0;0;0;0;0;0;0;0;0;0;1;0;0;0;0;0;0;0;0;0;0;0;0;0;0;0;0;0;0;0;0;0;0;0;0;0;0;0;0;0;0;0;0;0;0;1;0;0;1;0;0;0;0;0;0;0;1;0;0;0;0;0;0;0;0;0;0;0;0;0;0;0;0;0;0;0;0;0;0
solshield;SolShield;Alloyin;XXXC;Spell;;FALSE;;;;You and your creatures get 4D this turn.;;;You and your creatures get 6D this turn.;;;You and your creatures get 10D this turn.;0;0;0;0;0;0;0;0;0;0;0;0;0;0;0;0;0;0;0;0;0;0;0;0;0;0;0;0;0;0;0;0;0;0;1;0;0;0;0;0;0;0;0;0;1;0;1;0;0;0;0;0;0;0;0;0;0;0;0;0;0;0;0;0;0;0;0;0;0;0;0;0;0;0;0;0;0;0;0;0;0;0;0;0;0;0;0;0;0;0;0;0;0;0;0;0;0;0;0;0;0;0;0
stoneheart-plate;Stoneheart Plate;Tempys;XXXC;Spell;;FALSE;;;;"One of your creatures gets +4H. Then, attach this to it.

Augment — <b>Defender</b>.

Augment —  <b>Activate:</b> This loses <b>Defender</b> and gets <b>Aggressive</b> this turn.";;;"One of your creatures gets +8H. Then, attach this to it.

Augment — <b>Defender</b>.

Augment —  <b>Activate:</b> This loses <b>Defender</b> and gets <b>Aggressive</b> this turn.";;;"One of your creatures gets +12H. Then, attach this to it.

Augment — <b>Defender</b>.

Augment —  <b>Activate:</b> This loses <b>Defender</b> and gets <b>Aggressive</b> this turn.";0;0;0;0;0;0;0;0;0;0;0;0;0;0;0;0;0;0;0;0;0;0;0;0;0;0;0;0;0;0;0;0;0;0;1;0;0;0;0;0;0;0;0;0;0;0;0;1;0;0;0;0;0;0;0;0;0;0;0;0;0;0;0;1;0;0;0;0;0;0;0;1;0;0;0;0;0;0;0;0;0;0;0;0;0;0;0;0;0;0;0;0;0;0;1;0;0;0;0;0;0;0;0
stormstrike;Stormstrike;Tempys;XXXC;Spell;;FALSE;;;;"Play a Spell Sprite <b>Minion</b>.

Each of your <b>Minions</b> <b>Blasts</b> 2.";;;"Play up to two Spell Sprite <b>Minions</b>.

Each of your <b>Minions</b> <b>Blasts</b> 3.";;;"Play up to three Spell Sprite <b>Minions</b>.

Each of your <b>Minions</b> <b>Blasts</b> 5.";0;0;0;0;0;0;0;0;1;0;0;0;0;0;0;0;0;0;0;0;0;0;0;0;0;0;0;0;0;0;0;1;0;1;1;0;0;0;0;0;0;0;0;0;0;0;0;0;0;0;0;0;0;1;0;0;1;0;0;1;0;0;0;0;0;0;0;0;0;0;0;0;1;0;0;0;0;0;0;0;0;0;0;0;0;0;0;0;0;1;0;0;0;0;0;0;0;0;0;0;0;0;0
summoning-horde;Summoning Horde;Nekrium;XXXC;Spell;;FALSE;;;;Play up to two Mindless Zombie <b>Minions</b>.;;;Play a Zombie Brute <b>Minion</b> and a Mindless Zombie <b>Minion</b>.;;;Play up to two Zombie Brute <b>Minions</b>.;0;0;0;0;0;0;0;0;0;0;0;0;0;0;0;0;0;0;0;0;0;0;0;0;0;0;0;0;0;1;0;1;0;0;1;0;0;0;0;0;0;0;0;0;0;0;0;0;0;0;0;0;0;0;0;0;0;0;0;0;0;0;0;0;0;0;0;0;0;0;0;0;0;0;0;0;0;0;0;0;0;0;0;0;0;0;0;0;0;0;0;0;0;0;0;0;0;0;0;0;0;0;0
summoning-swarm;Summoning Swarm;Tempys;XXXC;Spell;;FALSE;;;;Play up to two Spell Sprite <b>Minions</b>.;;;Play a Spell Swarm <b>Minion</b> and a Spell Sprite <b>Minion</b>.;;;Play up to two Spell Swarm <b>Minions</b>.;0;0;0;0;0;0;0;0;1;0;0;0;0;0;0;0;0;0;0;0;0;0;0;0;0;0;0;0;0;0;0;1;0;1;1;0;0;0;0;0;0;0;0;0;0;0;0;0;0;0;0;0;0;0;0;0;0;0;0;0;0;0;0;0;0;0;0;0;0;0;0;0;1;0;0;0;0;0;0;0;0;0;0;0;0;0;0;0;0;0;0;0;0;0;0;0;0;0;0;0;0;0;0
system-upgrade;System Upgrade;Alloyin;XXXC;Spell;;FALSE;;;;<b>Upgrade</b> up to two cards in your hand, then discard them.;;;"This is <b>Free</b>.

<b>Upgrade</b> up to two cards in your hand, then discard them.";;;"This is <b>Free</b>.

<b>Upgrade</b> each card in your hand.";0;0;0;0;0;0;0;0;0;0;0;0;0;0;0;0;0;0;0;0;0;0;0;0;0;0;0;0;0;0;0;0;0;0;1;0;0;0;0;0;0;0;0;0;0;0;0;0;0;0.7;0;1;0;0;0;0;0;0;0;0;0;0;0;0;0;0;0;0;0;0;0;0;0;0;0;0;0;0;0;0;0;0;0;0;0;0;0;0;0;0;0;0;0;0;0;0;0;0;0;0;0;0;0
vampiric-hunger;Vampiric Hunger;Nekrium;XXXC;Spell;;FALSE;;;;"Deal 3 damage to a creature to gain 3H. Then, attach this to one of your creatures.

Augment — <b>Slay:</b> Deal 3 damage to the enemy player to gain 3H.";;;"Deal 5 damage to a creature to gain 5H. Then, attach this to one of your creatures.

Augment — <b>Slay:</b> Deal 5 damage to the enemy player to gain 5H";;;"Deal 7 damage to a creature to gain 7H. Then, attach this to one of your creatures.

Augment — <b>Slay:</b> Deal 7 damage to the enemy player to gain 7H";0;0;0;0;0;0;0;0;0;0;0;0;0;0;0;0;0;0;0;0;0;0;0;0;0;0;0;0;0;0;0;0;0;0;1;0;0;1;0;0;0;0;0;0;0;0;0;0;0;0;0;0;0;1;0;0;1;0;0;1;0;0;0;0;0;0;0;0;0;0;0;0;0;0;0;0;0;0;0;0;0;0;0;0;0;0;0;0;1;0;0;0;0;0;1;0;0;0;0;0;0;0;0
darkforge-loyalty;Darkforge Loyalty;Nekrium;XXXD;Spell;;FALSE;;;;"If you have 40H or less, this is <b>Free</b>.

Deal 3 damage to an enemy creature.";;;"If you have 30H or less, this is <b>Free</b>.

Deal 6 damage to an enemy creature.";;;"If you have 20H or less, this is <b>Free</b>.

Deal 10 damage to an enemy creature.";0;0;0;0;0;0;0;0;0;0;0;0;0;0;0;0;0;0;0;0;0;0;0;0;0;0;0;0;0;0;0;0;0;0;1;0;0;0;0;0;0;0;0;0;0;0;0;0;0;1;0;0;0;0;0;0;0;0;0;1;0;0;0;0;0;0;0;0;0;0;0;0;0;0;0;0;0;0;0;0;0;0;0;0;0;0;0;0;0;0;0;0;0;0;0;0;0;0;1;0;0.25;0;0
alloyin-loyalty;Alloyin Loyalty;Alloyin;XXXR;Spell;;FALSE;;;;"If you have two Alloyin creatures in play, this is <b>Free</b>.

One of your creatures gets 4D this turn.";;;"If you have two Alloyin creatures in play, this is <b>Free</b>.

One of your creatures gets 8D this turn.";;;"If you have two Alloyin creatures in play, this is <b>Free</b>.

One of your creatures gets 12D this turn.";0;0;0;0;0;0;0;0;0;0;0;0;0;0;0;0;0;0;0;0;0;0;0;0;0;0;0;0;0;0;0;0;0;0;1;0;0;0;0;0;0;0;0;0;1;0;0;0;0;1;0;0;0;0;0;0;0;0;0;0;0;0;0;0;0;0;0;0;0;0;0;0;0;0;0;0;0;0;0;0;0;0;0;0;0;0;0;0;0;0;0;0;0;0;0;0;0;0;0;0;0;0;0
bioharvest;Bioharvest;Alloyin;XXXR;Spell;;FALSE;;;;"<b>Upgrade</b> up to one card in your hand, then discard it.

Destroy an enemy creature with A less than the number of [l2] or [l3] cards in your discard pile.";;;"<b>Upgrade</b> up to one card in your hand, then discard it.

Destroy up to two enemy creatures with A less than the number of [l2] or [l3] cards in your discard pile.";;;"<b>Upgrade</b> up to one card in your hand.

Destroy all enemy creatures with 12A or less.";0;0;0;0;0;0;0;0;0;0;0;0;0;0;0;0;0;0;0;0;0;0;0;0;0;0;0;0;0;0;0;0;0;0;1;0;0;0;0;0;0;0;0;0;0;0;0;0;0;0;0;1;0;0;0;0;0;0;0;1;0;0;0;0;0;0;0;0;0;0;0;0;0;0;0;0;0.3;0;0;0;0;0;0;0;0;0;0;0;0;0;0;0;0;0;0;0;0;0;0;0;0;0;0
channeling-axe;Channeling Axe;Uterra;XXXR;Spell;;FALSE;;;;"Attach this to one of your creatures. Then, choose a creature type. Give your creatures of that type +2A,+2H.

Augment — This has all creature types.";;;"Attach this to one of your creatures. Then, choose a creature type. Give your creatures of that type +3A,+3H.

Augment — This has all creature types.";;;"Attach this to one of your creatures. Then, choose a creature type. Give your creatures of that type +5A,+5H.

Augment — This has all creature types.";0;0;0;0;0;0;0;0;0;0;0;0;0;0;0;0;0;0;0;0;0;0;0;0;0;0;0;0;0;0;0;0;0;0;1;0;0;0;0;0;0;0;0;0;0;0;0;0;0;0;0;0;0;0;0;0;0;0;0;0;0;0;0;0;0;0;0;0;0;1;0;0;1;0;0;0;0;0;0;0;0;0;0;0;0;0;0;0;0;0;0;0;0;0;1;0;0;0;0;0;0;0;0
charged-burst;Charged Burst;Tempys;XXXR;Spell;;FALSE;;;;If this is lower level than your Forgeborn, deal 5 damage to each of up to two different creatures and/or players.;;;If this is lower level than your Forgeborn, deal 8 damage to each of up to two different creatures and/or players.;;;If this is lower level than your Forgeborn, deal 10 damage to each of up to two different creatures and/or players.;0;0;0;0;0;0;0;0;0;0;0;0;0;0;0;0;0;0;0;0;0;0;0;0;0;0;0;0;0;0;0;0;0;0;1;0;0;0;0;0;0;0;0;0;0;0;0;0;0;0;0;0;0;1;0;0;0;0;0;1;0;0;0;0;0;0;0;0;0;0;0;0;0;0;0;0;0;0;0;0;0;0;0;1;0;0;0;0;0;0;0;0;0;0;0;0;0;0;0;0;0;0;0
draconic-echoes;Draconic Echoes;Tempys;XXXR;Spell;;FALSE;;;;"Play a Spell Sprite <b>Minion</b>.

Then, attach this to one of your creatures.

Augment — At the start of combat, this <b>Blasts</b> 3.";;;"Play a Spell Sprite <b>Minion</b>.

Then, attach this to one of your creatures.

Augment — At the start of combat, this <b>Blasts</b> 5.";;;"Play a Spell Swarm <b>Minion</b>.

Then, attach this to one of your creatures.

Augment — At the start of combat, this <b>Blasts</b> 10.";0;0;0;0;0;0;0;0;1;0;0;0;0;0;0;0;0;0;0;0;0;0;0;0;0;0;0;0;0;0;0;1;0;1;1;0;0;0;0;0;0;0;0;0;0;0;0;0;0;0;0;0;0;1;0;0;0;0;0;1;0;0;0;0;0;0;0;0;0;0;0;0;1;0;0;0;0;0;0;0;0;0;0;0;0;0;0;0;0;1;0;0;0;0;1;0;0;0;0;0;0;0;0
essence-unleashed;Essence Unleashed;Uterra;XXXR;Spell;;FALSE;;;;"Choose a [l1] enemy creature. The enemy player replaces it with a Wisp <b>Minion</b>.

<b>Upgrade</b> a creature card in your hand, then discard it.";;;"Choose a [l1] or [l2] enemy creature. The enemy player replaces it with a Wisp <b>Minion</b>.

<b>Upgrade</b> a creature card in your hand, then discard it.";;;"Choose an enemy creature. The enemy player replaces it with a Wisp <b>Minion</b>.

<b>Upgrade</b> a creature card in your hand.";0;0;0;0;0;0;0;0;0;0;0;0;0;0;0;0;0;0;0;0;0;0;0;0;0;0;0;0;0;0;0;0;0;0;1;0;0;0;0;0;0;0;0;0;0;0;0;0;0;0;0;1;0;0;0;0;0;0;0;1;0;0;0;0;0;0;0;0;0;0;0;0;0;0;0;0;0;0;0;0;0;0;0;0;0;0;0;0;0;0;0;0;0;0;0;0;0;0;0;0;0;0;0
feeding-frenzy;Feeding Frenzy;Nekrium;XXXR;Spell;;FALSE;;;;Play a Mindless Zombie <b>Minion</b>. Deal 2 damage and gain 2H for each <b>Minion</b> you have in play.;;;Play a Mindless Zombie <b>Minion</b>. Deal 3 damage to the enemy player and gain 3H for each <b>Minion</b> you have in play.;;;Play a Mindless Zombie <b>Minion</b>. Deal 4 damage to the enemy player and gain 4H for each <b>Minion</b> you have in play.;0;0;0;0;0;0;0;0;0;0;0;0;0;0;0;0;0;0;0;0;0;0;0;0;0;0;0;0;0;1;0;1;1;0;1;0;0;1;0;0;0;0;0;0;0;0;0;0;0;0;0;0;0;0.7;0;0;0;0;0;0;0;0;0;0;0;0;0;0;0;0;0;0;0;0;0;0;0;0;0;0;0;0;0;0;0;0;0;0;0;0;0;0;0;0;0;0;0;0;0;0;0;0;0
flash-wave;Flash Wave;Alloyin;XXXR;Spell;;FALSE;;;;Each enemy creature gets -2A.;;;Each enemy creature gets -5A.;;;Set each enemy creature's A to 0.;0;0;0;0;0;0;0;0;0;0;0;0;0;0;0;0;0;0;0;0;0;0;0;0;0;0;0;0;0;0;0;0;0;0;1;0;0;0;0;0;0;0;0;0;0;0;0;0;0;0;0;0;0;0;0;0;0;0;0;0;0;0;0;0;0;0;0;0;0;0;0;0;0;0;0;1;0;0;0;0;0;0;0;0;0;0;0;0;0;0;0;0;0;0;0;0;0;0;0;0;0;0;0
fungal-curse;Fungal Curse;Uterra;XXXR;Spell;;FALSE;;;;"Detach an enemy Augment.

An enemy creature loses all printed abilities and gets <b>Defender</b> this turn.";;;"Detach all Augments on an enemy creature.

An enemy creature loses all printed abilities and gets <b>Defender</b> this turn.";;;"Detach all enemy Augments.

An enemy creature loses all printed abilities and gets <b>Defender</b> this turn.";0;0;0;0;0;0;0;0;0;0;0;0;0;0;0;0;0;0;0;0;0;0;0;0;0;0;0;0;0;0;0;0;0;0;1;0;0;0;0;0;0;0;0;0;0;0;0;0;0;0;0;0;0;0;0;0;0;0;0;0;0;0;0;0;0;0;1;0;0;0;0;0;0;0;0;0;0;0;0;0;0;0;0;0;1;0;0;0;0;0;0;0;0;0;0;0;0;0;0;0;0;0;0
horrid-convergence;Horrid Convergence;Nekrium;XXXR;Spell;;FALSE;;;;One of your creatures gets +3A,+3H. Attach a [l1] Augment card from your banish pile to it.;;;One of your creatures gets +5A,+5H. Attach an Augment card from your banish pile to it.;;;One of your creatures gets +7A,+7H. Attach two Augment cards from your banish pile to it.;0;0;0;0;0;0;0;0;0;0;0;0;0;0;0;0;0;0;0;0;0;0;0;0;0;0;0;0;0;0;0;0;0;0;1;0;0;0;0;0;0;0;0;0;0;0;0;0;0;0;0;0;0;0;0;0;0;0;0;0;0;0;0;0;0;0;0;0;0;0;0;0;1;0;0;0;0;0;0;0;0;0;0;0;0;0;0;0;0;0;0;0;0;0;0;0.3;0;0;0;0;0;0;0
hovercraft;Hovercraft;Alloyin;XXXR;Spell;;FALSE;;;;"One of your creatures gets +4A. Then, attach this to it.

Augment — Activate : This swaps lanes with another one of your creatures.";;;"One of your creatures gets +8A. Then, attach this to it.

Augment — Activate : This swaps lanes with another one of your creatures.";;;"One of your creatures gets +12A. Then, attach this to it.

Augment — Activate : This swaps lanes with another one of your creatures.";0;0;0;0;0;0;0;0;0;0;0;0;0;0;0;0;0;0;0;0;0;0;0;0;0;0;0;0;0;0;0;0;0;0;1;0;0;0;0;0;1;0;0;0;0;0;0;0;0;0;0;0;0;0;0;0;0;0;0;0;0;0;0;0;0;0;0;0;0;0;1;0;1;0;0;0;0;0;0;0;0;0;0;0;0;0;0;0;0;0;0;0;0;0;1;0;0;0;0;0;0;0;0
ionic-impact;Ionic Impact;Alloyin;XXXR;Spell;;FALSE;;;;"Play up to one Gizmo <b>Minion</b>.

Destroy an enemy <b>Minion</b>.";;;"Play up to two Gizmo <b>Minions</b>.

Destroy up to two enemy <b>Minions</b>.";;;"Play a Mega Gizmo <b>Minion</b>.

Destroy all enemy <b>Minions</b>.";0;0;0;0;0;0;0;0;0;0;0;0;0;0;0;0;1;0;0;0;0;0;0;0;0;0;0;0;0;0;0;1;0;0;1;1;0;0;0;0;0;0;0;0;0;0;0;0;0;0;0;0;0;0;0;0;0;0;0;1;0;0;0;0;0;0;0;0;0;1;0;0;1;0;0;0;0;0;0;0;0;0;0;0;0;0;0;0;0;0;0;0;0;0;0;0;0;0;0;0;0;0;0
necrofang;Necrofang;Nekrium;XXXR;Spell;;FALSE;;;;"One of your creatures gets +4A. Then, attach this to it.

Augment — <b>Slay:</b> Play up to one Mindless Zombie <b>Minion</b>";;;"One of your creatures gets +6A. Then, attach this to it.

Augment — <b>Slay:</b> Play up to one Zombie Brute <b>Minion</b>";;;"One of your creatures gets +8A. Then, attach this to it.

Augment — <b>Slay:</b> You may play that creature from its owner's banish pile.";0;0;0;0;0;0;0;0;0;0;0;0;0;0;0;0;0;0;0;0;0;0;0;0;0;0;0;0;0;0.9;0;0.9;0;0;1;0;0;0;0;0;0;0;0;0;0;0;0;0;0;0;0;0;0;0;0;0;0;0;0;0;0;0;0;0;0;0;0;0;0;0;1;0;1;0;0;0;0;0;0;0;0;0;0;0;0;0;0;0;1;0;0;0;0;0;1;0;0;0;0;0;0;0;0
nekrium-loyalty;Nekrium Loyalty;Nekrium;XXXR;Spell;;FALSE;;;;"If you have two Nekrium creatures in play, this is <b>Free</b>.

An enemy creature gets -2A,-2H.";;;"If you have two Nekrium creatures in play, this is <b>Free</b>.

An enemy creature gets -4A,-4H.";;;"If you have two Nekrium creatures in play, this is <b>Free</b>.

An enemy creature gets -6A,-6H.";0;0;0;0;0;0;0;0;0;0;0;0;0;0;0;0;0;0;0;0;0;0;0;0;0;0;0;0;0;0;0;0;0;0;1;0;0;0;0;0;0;0;0;0;0;0;0;0;0;1;0;0;0;0;0;0;0;0;0;1;0;0;0;0;0;0;0;0;0;0;0;0;0;0;0;0;0;0;0;0;0;0;0;0;0;0;0;0;0;0;0;0;0;0;0;0;0;0;0;0;0;0;0
pack-mentality;Pack Mentality;Uterra;XXXR;Spell;;FALSE;;;;One of your creatures gets +5A. If it is a Beast, it and each creature adjacent to it gets <b>Breakthrough</b> this turn.;;;One of your creatures gets +10A. If it is a Beast, it and each creature adjacent to it gets <b>Breakthrough</b> this turn.;;;One of your creatures gets +15A. If it is a Beast, it and each creature adjacent to it gets <b>Breakthrough</b> this turn.;0;1;0;0;0;0;0;0;0;0;0;0;0;0;0;0;0;0;0;0;0;0;0;0;0;0;0;0;0;0;0;0;0;0;1;0;0;0;0;0;0;0;0;0;0;0;0;0;0;0;0;0;0;0;0;0;0;0;0;0;0;1;0;0;0;0;0;0;0;0;1;0;1;0;0;0;0;0;0;0;0;0;0;0;0;0;0;0;0;0;0;0;0;0;0;0;0;0;0;0;0;0;0
pestilence;Pestilence;Nekrium;XXXR;Spell;;FALSE;;;;If this is lower Level than your Forgeborn, all enemy creatures get -3A,-3H.;;;If this is lower Level than your Forgeborn, all enemy creatures get -6A,-6H.;;;If this is lower Level than your Forgeborn, all enemy creatures get -10A,-10H.;0;0;0;0;0;0;0;0;0;0;0;0;0;0;0;0;0;0;0;0;0;0;0;0;0;0;0;0;0;0;0;0;0;0;1;0;0;0;0;0;0;0;0;0;0;0;0;0;0;0;0;0;0;0;0;0;0;0;0;1;0;0;0;0;0;0;0;0;0;0;0;0;0;0;0;0;0;0;0;0;0;0;0;0;0;0;0;0;0;0;0;0;0;0;0;0;0;0;0;0;0;0;0
phoenixs-blessing;Phoenix's Blessing;Tempys;XXXR;Spell;;FALSE;;;;"One of your creatures gets +4H. Then, attach this to it.

Augment — When this is dealt damage, this gets that much A.";;;"One of your creatures gets +6H. Then, attach this to it.

Augment — When this is dealt damage, this gets that much A.";;;"One of your creatures gets +8H. Then, attach this to it.

Augment — When this is dealt damage, this gets that much A.";0;0;0;0;0;0;0;0;0;0;0;0;0;0;0;0;0;0;0;0;0;0;0;0;0;0;0;0;0;0;0;0;0;0;1;0;0;0;0;0;0;0;0;0;0;0;0;0;0;0;0;0;0;0;0;0;0;0;0;0;0;0;0;0;0;0;0;0;0;0;0;1;0;0;0;0;0;0;0;0;0;0;1;0;0;0;0;0;0;0;0;0;0;0;1;0;0;0;0;0;0;0;0
radiant-metamorphosis;Radiant Metamorphosis;Uterra;XXXR;Spell;;FALSE;;;;<b>Upgrade</b> a creature card in your hand, then discard it. You get D equal to its H this turn.;;;<b>Upgrade</b> a creature card in your hand, then discard it. You get D equal to its H this turn.;;;<b>Upgrade</b> a creature card in your hand, then play it for <b>Free</b>. You get D equal to its H this turn.;0;0;0;0;0;0;0;0;0;0;0;0;0;0;0;0;0;0;0;0;0;0;0;0;0;0;0;0;0;0;0;0;0;0;1;0;0;0;0;0;0;0;0;0;0;0;0;0;0;0.3;0;1;0;0;0;0;0;0;0;0;0;0;0;0;0;0;0;0;0;0;0;0;0;0;0;0;0;0;0;0;0;0;0;0;0;0;0;0;0;0;0;0;0;0;0;0;0;0;0;0;0;0;0
rage-of-the-elements;Rage of the Elements;Tempys;XXXR;Spell;;FALSE;;;;"One of your [l1] creatures gets +4A. This turn, it gets <b>Aggressive</b>.

Play up to one [l1] spell for <b>Free</b>.";;;"One of your [l1] or [l2] creatures gets +6A. This turn, it gets <b>Aggressive</b>.

Play up to one [l1] or [l2] spell for <b>Free</b>.";;;"One of your creatures gets +8A. This turn, it gets <b>Aggressive</b>.

Play up to one spell for <b>Free</b>.";0;0;0;0;0;0;0;0;0;0;0;0;0;0;0;0;0;0;0;0;0;0;0;0;0;0;0;0;0;0;0;0;0;1;1;0;0;0;0;0;0;0;0;0;0;0;0;0;0;1;0;0;0;0;0;0;0;0;0;0;0;0;0;1;0;0;0;0;0;0;1;0;1;0;0;0;0;0;0;0;0;0;0;0;0;0;0;0;0;0;0;0;0;0;0;0;0;0;0;0;0;0;0
roots-of-rebirth;Roots of Rebirth;Uterra;XXXR;Spell;;FALSE;;;;If this is lower Level than your Forgeborn, play an Oakfather <b>Minion</b>.;;;If this is lower Level than your Forgeborn, play up to two Oakfather <b>Minions</b>.;;;If this is lower Level than your Forgeborn, play an Oakfather <b>Minion</b> in each of your empty lanes.;0;0;0;0;0;0;0;0;0;0;0;0;0;0;1;0;0;0;0;0;0;1;0;0;0;0;0;0;0;0;0;1;0;0;1;0;0;0;0;0;0;0;0;0;0;0;0;0;0;0;0;0;0;0;0;0;0;0;0;0;1;0;0;0;0;0;0;0;0;0;0;0;0;0;0;0;0;0;0;0;0;0;0;0;0;0;0;0;0;0;0;0;0;0;0;0;0;0;0;0;0;0;0
savage-beatdown;Savage Beatdown;Tempys;XXXR;Spell;;FALSE;;;;Give a [l1] creature +5A. This turn, it gets <b>Breakthrough</b>.;;;Give up to two of your creatures +7A. This turn, they get <b>Breakthrough</b>.;;;Give all of your creatures +9A. This turn, they get <b>Breakthrough</b>.;0;0;0;0;0;0;0;0;0;0;0;0;0;0;0;0;0;0;0;0;0;0;0;0;0;0;0;0;0;0;0;0;0;0;1;0;0;0;0;0;0;0;0;0;0;0;0;0;0;0;0;0;0;0;0;0;0;0;0;0;0;1;0;0;0;0;0;0;0;0;1;0;1;0;0;0;0;0;0;0;0;0;0;0;0;0;0;0;0;0;0;0;0;0;0;0;0;0;0;0;0;0;0
scythe-of-chiron;Scythe of Chiron;Nekrium;XXXR;Spell;;FALSE;;;;Destroy one of your [l1] creatures to destroy up to two enemy [l1] creatures.;;;Destroy one of your [l2] creatures to destroy up to two enemy [l2] creatures.;;;Destroy one of your [l3] creatures to destroy up to two enemy [l3] creatures.;0;0;0;0;0;0;0;0;0;0;0;0;0;0;0;0;0;0;0;0;0;0;0;0;0;0;0;0;0;0;0;0;0;0;1;0;0;0;0;0;0;0;0;0;0;0;0;0;0;0;0;0;0;0;0;0;0;0;0;1;0;0;0;0;0;0;0;0;0;0;0;0;0;0;0;0;0;0;0;0;1;0;0;0;0;0;0;0;0;0;0;0;0;0;0;0;0;0;0;0;0;0;0
shrapnel-armor;Shrapnel Armor;Alloyin;XXXR;Spell;;FALSE;;;;One of your creatures gets 4D this turn. It <b>Blasts</b> 4.;;;One of your creatures gets 6D this turn. It <b>Blasts</b> 6.;;;One of your creatures gets 9D this turn. It <b>Blasts</b> equal to its D.;0;0;0;0;0;0;0;0;0;0;0;0;0;0;0;0;0;0;0;0;0;0;0;0;0;0;0;0;0;0;0;0;0;0;1;0;0;0;0;0;0;0;0;0;1;0.3;0;0;0;0;0;0;0;1;0;0;1;0;0;1;0;0;0;0;0;0;0;0;0;0;0;0;0;0;0;0;0;0;0;0;0;0;0;0;0;0;0;0;0;1;0;0;0;0;0;0;0;0;0;0;0;0;0
soul-harvest;Soul Harvest;Nekrium;XXXR;Spell;;FALSE;;;;"You may destroy one of your creatures to play this for <b>Free</b>.

Look at an enemy player's hand and choose a [l1] card. Discard it.";;;"You may destroy one of your creatures to play this for <b>Free</b>.

Look at an enemy player's hand and choose a [l1] or [l2] card. Discard it.";;;"This is <b>Free</b>.

Look at an enemy player's hand and choose a card. Discard it.";0;0;0;0;0;0;0;0;0;0;0;0;0;0;0;0;0;0;0;0;0;0;0;0;0;0;0;0;0;0;0;0;0;0;1;0;0;0;0;0;0;0;0;0;0;0;0;0;0;1;0;0;0;0;0;0;0;0;0;0;0;0;0;0;0;0;0;0;0;0;0;0;0;0;0;0;0;0;0;0;0.9;0;0;0;0;0;0;0;0;0;0;0;0;1;0;0;0;0;0;0;0;0;0
stroke-of-genius;Stroke of Genius;Alloyin;XXXR;Spell;;FALSE;;;;If this is lower Level than your Forgeborn, <b>Upgrade</b> a [l1] card in your hand, then play it for <b>Free</b>.;;;If this is lower Level than your Forgeborn, <b>Upgrade</b> a card in your hand, then play it for <b>Free</b>.;;;"If this is lower Level than your Forgeborn, <b>Upgrade</b> a card in your hand, then play it for <b>Free</b>.

<b>Upgrade</b> a card in your hand, then play it for <b>Free</b>.";0;0;0;0;0;0;0;0;0;0;0;0;0;0;0;0;0;0;0;0;0;0;0;0;0;0;0;0;0;0;0;0;0;0;1;0;0;0;0;0;0;0;0;0;0;0;0;0;0;1;0;1;0;0;0;0;0;0;0;0;0;0;0;0;0;0;0;0;0;0;0;0;0;0;0;0;0;0;0;0;0;0;0;0;0;0;0;0;0;0;0;0;0;0;0;0;0;0;0;0;0;0;0
tempys-loyalty;Tempys Loyalty;Tempys;XXXR;Spell;;FALSE;;;;"If you have two Tempys creatures in play, this is <b>Free</b>.

One of your creatures gets +4A.";;;"If you have two Tempys creatures in play, this is <b>Free</b>.

One of your creatures gets +8A.";;;"If you have two Tempys creatures in play, this is <b>Free</b>.

One of your creatures gets +12A.";0;0;0;0;0;0;0;0;0;0;0;0;0;0;0;0;0;0;0;0;0;0;0;0;0;0;0;0;0;0;0;0;0;0;1;0;0;0;0;0;0;0;0;0;0;0;0;0;0;1;0;0;0;0;0;0;0;0;0;0;0;0;0;0;0;0;0;0;0;0;1;0;1;0;0;0;0;0;0;0;0;0;0;0;0;0;0;0;0;0;0;0;0;0;0;0;0;0;0;0;0;0;0
the-fittest;The Fittest;Uterra;XXXR;Spell;;FALSE;;;;Choose one of your [l1] creatures. Destroy an enemy creature with A less than it.;;;Choose one of your [l1] or [l2] creatures. Destroy an enemy creature with A less than it.;;;Choose one of your creatures. Destroy an enemy creature with A less than it.;0;0;0;0;0;0;0;0;0;0;0;0;0;0;0;0;0;0;0;0;0;0;0;0;0;0;0;0;0;0;0;0;0;0;1;0;0;0;0;0;0;0;0;0;0;0;0;0;0;0;0;0;0;0;0;0;0;0;0;1;0;0;0;0;0;0;0;0;0;0;0;0;0;0;0;0;0;0;0;0;0;0;0;0;0;0;0;0;0;0;0;0;0;0;0;0;0;0;0;0;0;0;0
trial-by-lightning;Trial by Lightning;Tempys;XXXR;Spell;;FALSE;;;;"Deal 2 damage to each creature.

Each creature gets +2A.";;;"Deal 4 damage to each creature.

Each creature gets +4A.";;;"Deal 6 damage to each creature.

Each creature gets +6A.";0;0;0;0;0;0;0;0;0;0;0;0;0;0;0;0;0;0;0;0;0;0;0;0;0;0;0;0;0;0;0;0;0;0;1;0;0;0;0;0;0;0;0;0;0;0;0;0;0;0;0;0;0;0;0;0;0;0;0;1;0;0;0;0;0;0;0;0;0;0;1;0;1;0;0;0;0;0;0;0;0;0;0;0;0;0;0;0;0;0;0;0;0;0;0;0;0;0;0;0;0;0;0
uterran-loyalty;Uterran Loyalty;Uterra;XXXR;Spell;;FALSE;;;;"If you have two Uterra creatures in play, this is <b>Free</b>.

One of your creatures gets +2A,+2H.";;;"If you have two Uterra creatures in play, this is <b>Free</b>.

One of your creatures gets +4A,+4H.";;;"If you have two Uterra creatures in play, this is <b>Free</b>.

One of your creatures gets +6A,+6H.";0;0;0;0;0;0;0;0;0;0;0;0;0;0;0;0;0;0;0;0;0;0;0;0;0;0;0;0;0;0;0;0;0;0;1;0;0;0;0;0;0;0;0;0;0;0;0;0;0;1;0;0;0;0;0;0;0;0;0;0;0;0;0;0;0;0;0;0;0;0;0;0;1;0;0;0;0;0;0;0;0;0;0;0;0;0;0;0;0;0;0;0;0;0;0;0;0;0;0;0;0;0;0
violent-rampage;Violent Rampage;Tempys;XXXR;Spell;;FALSE;;;;One of your creatures gets +4A. If it is a [l1] Yeti, it <b>Blasts</b> equal to its A.;;;One of your creatures gets +6A. If it is a [l1] or [l2] Yeti, it <b>Blasts</b> equal to its A.;;;One of your creatures gets +8A. If it is a Yeti, it <b>Blasts</b> equal to its A.;0;0;0;0;0;0;0;0;0;0;0;0;0;0;0;0;0;0;0;0;0;0;0;0;0;0;0;0;1;0;0;0;0;0;1;0;0;0;0;0;0;0;0;0;0;0;0;0;0;0;0;0;0;1;0;0;1;0;0;1;0;0;0;0;0;0;0;0;0;0;1;0;1;0;0;0;0;0;0;0;0;0;0;0;0;0;0;0;0;1;0;0;0;0;0;0;0;0;0;0;0;0;0
whitefang-pass;Whitefang Pass;Tempys;XXXR;Spell;Exalt;FALSE;;;;At the end of the deck cycle, set your creature in this lane's A and H to its next Level's version's. ;;;At the end of the deck cycle, set your creature in this lane's A and H to its next Level's version's. ;;;At the end of the deck cycle, if you have a creature in your [l1], [l2], and [l3] Whitefang Pass, you win the game. Otherwise, destroy this. ;0;0;0;0;0;0;0;0;0;0;0;0;0;0;0;0;0;0;0;0;0;0;0;0;0;0;0;0;0;0;0;0;0;0;1;0;0;0;0;0;0;0;0;0;0;0;0;0;0;0;0;0;0;0;0;0;0;0;0;0;0;0;0;0;0;0;0;0;0;0;0;0;0;0;0;0;0;0;0;0;0;0;0;0;0;1;0;0;0;0;0;0;0;0;0;0;0;0;0;0;0;0;0
wither;Wither;Nekrium;XXXR;Spell;;FALSE;;;;An enemy creature gets -2A,-2H for each Spell played this turn, including this one.;;;An enemy creature gets -4A,-4H for each Spell played this turn, including this one.;;;"This is <b>Free</b>.

An enemy creature gets -6A,-6H for each Spell played this turn, including this one.";0;0;0;0;0;0;0;0;0;0;0;0;0;0;0;0;0;0;0;0;0;0;0;0;0;0;0;0;0;0;0;0;0;1;1;0;0;0;0;0;0;0;0;0;0;0;0;0;0;0.3;0;0;0;0;0;0;0;0;0;1;0;0;0;0;0;0;0;0;0;0;0;0;0;0;0;0;0;0;0;0;0;0;0;0;0;0;0;0;0;0;0;0;0;0;0;0;0;0;0;0;0;0;0
c2-armada;C2 - Armada;Alloyin;;forgeborn-ability;;FALSE;;;;"Play a Gizmo <b>Minion</b>.

When one of your creatures replaces a creature this turn, it <b>Blasts</b> 2.";;;;;;;0;0;0;0;0;0;0;0;0;0;0;0;0;0;0;0;1;0;0;0;0;0;0;0;0;0;0;0;0;0;0;1;0;0;0;1;1;0;0;0;0;0;0;0;0;0;0;0;0;0;0;0;0;1;0;0;1;0;0;1;0;0;0;0;0;0;0;0;0;1;0;0;1;0;0;0;0;0;0;0;0;0;0;0;0;0;0;0;0;1;0;0;0;0;0;0;0;0;0;0;0;0;0
c2-attack-mode;C2 - Attack Mode;Alloyin;;forgeborn-ability;;FALSE;;;;"Play a Gizmo <b>Minion</b>.

Give the next creature you play this turn <b>Aggressive</b> this turn.";;;;;;;0;0;0;0;0;0;0;0;0;0;0;0;0;0;0;0;1;0;0;0;0;0;0;0;0;0;0;0;0;0;0;1;0;0;0;1;0;0;0;0;0;0;0;0;0;0;0;0;0;0;0;0;0;0;0;0;0;0;0;0;0;0;0;1;0;0;0;0;0;1;0;0;1;0;0;0;0;0;0;0;0;0;0;0;0;0;0;0;0;0;0;0;0;0;0;0;0;0;0;0;0;0;0
c2-blight-touch;C2 - Blight Touch;Alloyin/Nekrium/Tempys/Uterra;;forgeborn-ability;;FALSE;;;;"This deals 5 damage to you.

An enemy creature gets -8H.";;;;;;;0;0;0;0;0;0;0;0;0;0;0;0;0;0;0;0;0;0;0;0;0;0;0;0;0;0;0;0;0;0;0;0;0;0;0;0;0;0;0;0;0;0;0;0;0;0;0;0;0;0;0;0;0;0;0;0;0;0;0;1;0;0;0;0;0;0;0;0;0;0;0;0;0;0;0;0;0;0;0;0;0;0;0;0;0;0;0;0;0;0;0;0;0;0;0;0;1;0;0;0;0;0;0
c2-bloodlust;C2 - Bloodlust;Nekrium;;forgeborn-ability;;FALSE;;;;Choose an enemy creature. When it is destroyed this turn, deal damage to the enemy player equal to its printed A.;;;;;;;0;0;0;0;0;0;0;0;0;0;0;0;0;0;0;0;0;0;0;0;0;0;0;0;0;0;0;0;0;0;0;0;0;0;0;0;0;0;0;0;0;0;0;0;0;0;0;0;0;0;0;0;0;0;0;0;0;0;0;0;0;0;0;0;0;0;0;0;0;0;0;0;0;0;0;1;0;0;1;0;0;0;1;0;0;0;0;0;0;0;0;0;0;0;0;0;0;0;0;0;0;0;0
c2-builder's-burst;C2 - Builder's Burst;Alloyin;;forgeborn-ability;;FALSE;;;;"<b>Upgrade</b> a card in your hand, then discard it.

Deal 1 damage to an enemy creature for each [l2] and [l3] card in your discard pile.";;;;;;;0;0;0;0;0;0;0;0;0;0;0;0;0;0;0;0;0;0;0;0;0;0;0;0;0;0;0;0;0;0;0;0;0;0;0;0;0;0;0;0;0;0;0;0;0;0;0;0;0;0;0;1;0;0;0;0;0;0;0;1;0;0;0;0;0;0;0;0;0;0;0;0;0;0;0;0;0;0;0;0;0;0;0;0;0;0;0;0;0;0;0;0;0;0;0;0;0;0;0;0;0;0;0
c2-chloropoeia;C2 - Chloropoeia;Uterra;;forgeborn-ability;;FALSE;;;;Choose a creature. Its controller replaces it with an Oakfather <b>Minion</b>;;;;;;;0;0;0;0;0;0;0;0;0;0;0;0;0;0;1;0;0;0;0;0;0;1;0;0;0;0;0;0;0;0;0;1;0;0;0;0;0;0;0;0;0;0;0;0;0;0;0;0;0;0;0;0;0;0;0;0;0;0;0;0;1;0;0;0;0;0;0;0;0;0;0;0;0;0;0;0;0;0;0;0;0;0;0;0;0;0;0;0;0;0;0;0;0;0;0;0;0;0;0;0;0;0;0
c2-collective-conjuration;C2 - Collective Conjuration;Tempys;;forgeborn-ability;;FALSE;;;;Deal 2 damage to an enemy creature or player for each creature in the back row.;;;;;;;0;0;0;0;0;0;0;0;0;0;0;0;0;0;0;0;0;0;0;0;0;0;0;0;0;0;0;0;0;0;0;0;0;0;0;0;0;0;0;0;0;0;0;0;0;0;0;0;0;0;0;0;0;1;0;0;0;0;0;1;0;0;0;0;0;1;0;0;0;0;0;0;0;0;0;0;0;0;0;0;0;0;0;0;0;0;0;0;0;0;0;0;0;0;0;0;0;0;0;0;0;0;0
c2-congregation-of-wisps;C2 - Congregation of Wisps;Uterra;;forgeborn-ability;;FALSE;;;;"Play up to one Wisp <b>Minion</b>.

Your <b>Minions</b> get +2A,+2H.";;;;;;;0;0;0;0;0;0;0;0;0;0;0;0;0;0;0;0;0;0;0;0;0;1;0;0;0;0;0;0;0;0;0;1;0;0;0;0;0;0;0;0;0;0;0;0;0;0;0;0;0;0;0;0;0;0;0;0;0;0;0;0;0;0;0;0;0;0;0;0;0;0;0;0;1;0;0;0;0;0;0;0;0;0;0;0;0;0;0;0;0;0;0;0;0;0;0;0;0;0;0;0;0;0;0
c2-crushing-strength;C2 - Crushing Strength;Uterra;;forgeborn-ability;;FALSE;;;;When you play a creature this turn, it gets +3H.;;;;;;;0;0;0;0;0;0;0;0;0;0;0;0;0;0;0;0;0;0;0;0;0;0;0;0;0;0;0;0;0;0;0;0;0;0;0;0;0;0;0;0;0;0;0;0;0;0;0;0;0;0;0;0;0;0;0;0;0;0;0;0;0;0;0;0;0;0;0;0;0;0;0;1;0;0;0;0;0;0;0;0;0;0;0;0;0;0;0;0;0;0;0;0;0;0;0;0;0;0;0;0;0;0;0
c2-darkflame;C2 - Darkflame;Alloyin/Nekrium/Tempys/Uterra;;forgeborn-ability;;FALSE;;;;"This deals 5 damage to you.

Deal 2 damage to an enemy creature or player for each spell in your banish pile.";;;;;;;0;0;0;0;0;0;0;0;0;0;0;0;0;0;0;0;0;0;0;0;0;0;0;0;0;0;0;0;0;0;0;0;0;1;0;0;0;0;0;0;0;0;0;0;0;0;0;0;0;0;0;0;0;1;0;0;0;0;0;1;0;0;0;0;0;0;0;0;0;0;0;0;0;0;0;0;0;0;0;0;0;0;0;0;0;0;0;0;0;0;0;0;0;0;0;0;1;0;0;0;0;0;0
c2-darkforge-mastery;C2 - Darkforge Mastery;Alloyin/Nekrium/Tempys/Uterra;;forgeborn-ability;;FALSE;;;;"This deals 5 damage to you.

Give one of your creatures +5A,+5H.";;;;;;;0;0;0;0;0;0;0;0;0;0;0;0;0;0;0;0;0;0;0;0;0;0;0;0;0;0;0;0;0;0;0;0;0;0;0;0;0;0;0;0;0;0;0;0;0;0;0;0;0;0;0;0;0;0;0;0;0;0;0;0;0;0;0;0;0;0;0;0;0;1;0;0;1;0;0;0;0;0;0;0;0;0;0;0;0;0;0;0;0;0;0;0;0;0;0;0;1;0;0;0;0;0;0
c2-darkforge-reanimation;C2 - Darkforge Reanimation;Alloyin/Nekrium/Tempys/Uterra;;forgeborn-ability;;FALSE;;;;"Each player destroys one of their creatures.

If you have 40H or less, Reanimate up to one Darkforge creature.";;;;;;;0;0;0;1;0;0;0;0;0;0;0;0;0;0;0;0;0;0;0;0;0;0;0;0;0;0;0;0;0;0;0;0;0;0;0;0;0;0;0;0;0;0;0;0;0;0;0;0;0;0;1;0;0;0;0;0;0;0;0;1;0;0;0;0;0;0;0;0;0;0;0;0;0;0;0;0;0;0;0;0;1;0;0;0;0;0;0;0;0;0;0;0;0;0;0;0;0;0;1;0;0;0;0
c2-darkforge-summon;C2 - Darkforge Summon;Alloyin/Nekrium/Tempys/Uterra;;forgeborn-ability;;FALSE;;;;"If you have 40H or less, play up to one Darkforge creature for <b>Free</b>.

Give your creatures ""When you play a spell, this gets +2A"" this turn.";;;;;;;0;0;0;1;0;0;0;0;0;0;0;0;0;0;0;0;0;0;0;0;0;0;0;0;0;0;0;0;0;0;0;0;0;1;0;0;0;0;0;0;0;0;0;0;0;0;0;0;0;1;0;0;0;0;0;0;0;0;0;0;0;0;0;0;0;0;0;0;0;0;1;0;1;0;0;0;0;0;0;0;0;0;0;0;0;0;0;0;0;0;0;0;0;0;0;0;0;0;1;0;0;0;0
c2-darkportal;C2 - Darkportal;Alloyin/Nekrium/Tempys/Uterra;;forgeborn-ability;;FALSE;;;;If a player lost H this turn, play a [l1] card for <b>Free</b>.;;;;;;;0;0;0;0;0;0;0;0;0;0;0;0;0;0;0;0;0;0;0;0;0;0;0;0;0;0;0;0;0;0;0;0;0;0;0;0;0;0;0;0;0;0;0;0;0;0;0;0;0;1;0;0;0;0;0;0;0;0;1;0;0;0;0;0;0;0;0;0;0;0;0;0;0;0;0;0;0;0;0;0;0;0;0;0;0;0;0;0;0;0;0;0;0;0;0;0;0;1;0;0;0;0;0
c2-depersonify;C2 - Depersonify;Alloyin;;forgeborn-ability;;FALSE;;;;Enemy creatures get -2A.;;;;;;;0;0;0;0;0;0;0;0;0;0;0;0;0;0;0;0;0;0;0;0;0;0;0;0;0;0;0;0;0;0;0;0;0;0;0;0;0;0;0;0;0;0;0;0;0;0;0;0;0;0;0;0;0;0;0;0;0;0;0;0;0;0;0;0;0;0;0;0;0;0;0;0;0;0;0;1;0;0;0;0;0;0;0;0;0;0;0;0;0;0;0;0;0;0;0;0;0;0;0;0;0;0;0
c2-directed-evolution;C2 - Directed Evolution;Alloyin;;forgeborn-ability;;FALSE;;;;When you replace a creature this turn, the creature replacing it gets +4A,+4H.;;;;;;;0;0;0;0;0;0;0;0;0;0;0;0;0;0;0;0;0;0;0;0;0;0;0;0;0;0;0;0;0;0;0;0;0;0;0;0;1;0;0;0;0;0;0;0;0;0;0;0;0;0;0;0;0;0;0;0;0;0;0;0;0;0;0;0;0;0;0;0;0;0;0;0;1;0;0;0;0;0;0;0;0;0;0;0;0;0;0;0;0;0;0;0;0;0;0;0;0;0;0;0;0;0;0
c2-disconnect;C2 - Disconnect;Alloyin;;forgeborn-ability;;FALSE;;;;Deal 8 damage to an enemy creature if it has no creatures adjacent to it.;;;;;;;0;0;0;0;0;0;0;0;0;0;0;0;0;0;0;0;0;0;0;0;0;0;0;0;0;0;0;0;0;0;0;0;0;0;0;0;0;0;0;0;0;0;0;0;0;0;0;0;0;0;0;0;0;0;0;0;0;0;0;1;0;0;0;0;0;0;0;0;0;0;0;0;0;0;0;0;0;0;0;0;0;0;0;0;0;0;0;0;0;0;0;0;0;0;0;0;0;0;0;0;0;0;0
c2-enlightened-strength;C2 - Enlightened Strength;Uterra;;forgeborn-ability;;FALSE;;;;When you play a spell this turn, one of your creatures gets +3A,+3H.;;;;;;;0;0;0;0;0;0;0;0;0;0;0;0;0;0;0;0;0;0;0;0;0;0;0;0;0;0;0;0;0;0;0;0;0;1;0;0;0;0;0;0;0;0;0;0;0;0;0;0;0;0;0;0;0;0;0;0;0;0;0;0;0;0;0;0;0;0;0;0;0;0;0;0;1;0;0;0;0;0;0;0;0;0;0;0;0;0;0;0;0;0;0;0;0;0;0;0;0;0;0;0;0;0;0
c2-fervor-for-battle;C2 - Fervor for Battle;Tempys;;forgeborn-ability;;FALSE;;;;"One of your creatures gets +4A. This turn, it has ""<b>Slay:</b> Give one of your creatures +4A.""";;;;;;;0;0;0;0;0;0;0;0;0;0;0;0;0;0;0;0;0;0;0;0;0;0;0;0;0;0;0;0;0;0;0;0;0;0;0;0;0;0;0;0;0;0;0;0;0;0;0;0;0;0;0;0;0;0;0;0;0;0;0;0;0;0;0;0;0;0;0;0;0;0;1;0;1;0;0;0;0;0;0;0;0;0;0;0;0;0;0;0;1;0;0;0;0;0;0;0;0;0;0;0;0;0;0
c2-fierce-fortitude;C2 - Fierce Fortitude;Uterra;;forgeborn-ability;;FALSE;;;;At the end of the turn, each of your creatures gets +3A,+3H.;;;;;;;0;0;0;0;0;0;0;0;0;0;0;0;0;0;0;0;0;0;0;0;0;0;0;0;0;0;0;0;0;0;0;0;0;0;0;0;0;0;0;0;0;0;0;0;0;0;0;0;0;0;0;0;0;0;0;0;0;0;0;0;0;0;0;0;0;0;0;0;0;0;0;0;1;0;0;0;0;0;0;0;0;0;0;0;0;0;0;0;0;0;0;0;0;0;0;0;0;0;0;0;0;0;0
c2-give-into-temptation;C2 - Give Into Temptation;Alloyin/Nekrium/Tempys/Uterra;;forgeborn-ability;;FALSE;;;;For each creature in play, destroy that creature unless its controller takes 3 damage.;;;;;;;0;0;0;0;0;0;0;0;0;0;0;0;0;0;0;0;0;0;0;0;0;0;0;0;0;0;0;0;0;0;0;0;0;0;0;0;0;0;0;0;0;0;0;0;0;0;0;0;0;0;0;0;0;1;0;0;0;0;0;1;0;0;0;0;0;0;0;0;0;0;0;0;0;0;0;0;0;0;0;0;1;0;0;0;0;0;0;0;0;0;0;0;0;0;0;0;1;0;0;0;0;0;0
c2-guarded-deployment;C2 - Guarded Deployment;Alloyin;;forgeborn-ability;;FALSE;;;;When one of your creatures comes into play this turn, it gets 5D this turn.;;;;;;;0;0;0;0;0;0;0;0;0;0;0;0;0;0;0;0;0;0;0;0;0;0;0;0;0;0;0;0;0;0;0;0;0;0;0;0;0;0;0;0;0;0;0;0;1;0;0;0;0;0;0;0;0;0;0;0;0;0;0;0;0;0;0;0;0;0;0;0;0;0;0;0;0;0;0;0;0;0;0;0;0;0;0;0;0;0;0;0;0;0;0;0;0;0;0;0;0;0;0;0;0;0;0
c2-insurrection;C2 - Insurrection;Nekrium;;forgeborn-ability;;FALSE;;;;Choose one of your creatures. When it is destroyed this turn, deal damage equal to its printed A to the enemy player.;;;;;;;0;0;0;0;0;0;0;0;0;0;0;0;0;0;0;0;0;0;0;0;0;0;0;0;0;0;0;0;0;0;0;0;0;0;0;0;0;0;0;0;0;0;0;0;0;0;0;0;0;0;0;0;0;0;0;0;0;0;0;0;0;0;0;0;0;0;0;0;0;0;0;0;0;0;0;1;0;0;1;0;0;0;1;0;0;0;0;0;0;0;0;0;0;0;0;0;0;0;0;0;0;0;0
c2-ironbeard's-orders;C2 - Ironbeard's Orders;Alloyin;;forgeborn-ability;;FALSE;;;;Give one of your creatures +4A. Give it +4A for each creature adjacent to it.;;;;;;;0;0;0;0;0;0;0;0;0;0;0;0;0;0;0;0;0;0;0;0;0;0;0;0;0;0;0;0;0;0;0;0;0;0;0;0;0;0;0;0;0;0;0;0;0;0;0;0;0;0;0;0;0;0;0;0;0;0;0;0;0;0;0;0;0;0;0;0;0;0;1;0;1;0;0;0;0;0;0;0;0;0;0;0;0;0;0;0;0;0;0;0;0;0;0;0;0;0;0;0;0;0;0
c2-korok's-swarm;C2 - Korok's Swarm;Tempys;;forgeborn-ability;;FALSE;;;;Play up to two Spell Sprite <b>Minions</b>. Switch each of their A and H.;;;;;;;0;0;0;0;0;0;0;0;1;0;0;0;0;0;0;0;0;0;0;0;0;0;0;0;0;0;0;0;0;0;0;1;0;1;0;0;0;0;0;0;0;0;0;0;0;0;0;0;0;0;0;0;0;0;0;0;0;0;0;0;0;0;0;0;0;0;0;0;0;0;0;0;1;0;0;0;0;0;0;0;0;0;0;0;0;0;0;0;0;0;0;0;0;0;0;0;0;0;0;0;0;0;0
c2-meteor-smash;C2 - Meteor Smash;Tempys;;forgeborn-ability;;FALSE;;;;"One of your creatures gets +3A.

Deal 3 damage to an enemy creature.";;;;;;;0;0;0;0;0;0;0;0;0;0;0;0;0;0;0;0;0;0;0;0;0;0;0;0;0;0;0;0;0;0;0;0;0;0;0;0;0;0;0;0;0;0;0;0;0;0;0;0;0;0;0;0;0;0;0;0;0;0;0;1;0;0;0;0;0;0;0;0;0;0;1;0;1;0;0;0;0;0;0;0;0;0;0;0;0;0;0;0;0;0;0;0;0;0;0;0;0;0;0;0;0;0;0
c2-might-of-the-forge;C2 - Might of the Forge;Alloyin;;forgeborn-ability;;FALSE;;;;Give one of your creatures +4A. If you have the Forge, that creature can't lose H this turn.;;;;;;;0;0;0;0;0;0;0;0;0;0;0;0;0;0;0;0;0;0;0;0;0;0;0;0;0;0;0;0;0;0;0;0;0;0;0;0;0;0;0;0;0;0;0;0;0;0;0;0;0;0;0;0;0;0;0;0;0;0;0;0;0;0;0;0;0;0;0;0;0;0;1;0;1;0;0;0;0;0;0;0;0;0;0;0;0;0;0;0;0;0;0;0;0;0;0;0;0;0;0;0;0;0;0
c2-necrokinesis;C2 - Necrokinesis;Nekrium;;forgeborn-ability;;FALSE;;;;Reanimate a [l1] Nekrium creature.;;;;;;;0;0;0;0;0;0;0;0;0;0;0;0;0;0;0;0;0;0;0;0;0;0;0;0;0;0;0;0;0;0;0;0;0;0;0;0;0;0;0;0;0;0;0;0;0;0;0;0;0;0;1;0;0;0;0;0;0;0;0;0;0;0;0;0;0;0;0;0;0;0;0;0;0;0;0;0;0;0;0;0;0;0;0;0;0;0;0;0;0;0;0;0;0;0;0;0;0;0;0;0;0;0;0
c2-nova's-wisdom;C2 - Nova's Wisdom;Uterra;;forgeborn-ability;;FALSE;;;;Give one of your creatures +2A,+2H. Give it +2A,+2H for each creature adjacent to it.;;;;;;;0;0;0;0;0;0;0;0;0;0;0;0;0;0;0;0;0;0;0;0;0;0;0;0;0;0;0;0;0;0;0;0;0;0;0;0;0;0;0;0;0;0;0;0;0;0;0;0;0;0;0;0;0;0;0;0;0;0;0;0;0;0;0;0;0;0;0;0;0;1;0;0;1;0;0;0;0;0;0;0;0;0;0;0;0;0;0;0;0;0;0;0;0;0;0;0;0;0;0;0;0;0;0
c2-predatory-instinct;C2 - Predatory Instinct;Uterra;;forgeborn-ability;;FALSE;;;;One of your creatures gets +2A,+2H. if it is opposed, it gets +2A,+2H.;;;;;;;0;0;0;0;0;0;0;0;0;0;0;0;0;0;0;0;0;0;0;0;0;0;0;0;0;0;0;0;0;0;0;0;0;0;0;0;0;0;0;0;0;0;0;0;0;0;0;0;0;0;0;0;0;0;0;0;0;0;0;0;0;0;0;0;0;0;0;0;0;0;0;0;1;0;0;0;0;0;0;0;0;0;0;0;0;0;0;0;0;0;0;0;0;0;0;0;0;0;0;0;0;0;0
c2-protection-of-the-forge;C2 - Protection of the Forge;Uterra;;forgeborn-ability;;FALSE;;;;"Give one of your creatures +4A.

If you have the Forge, you can't lose H this turn.";;;;;;;0;0;0;0;0;0;0;0;0;0;0;0;0;0;0;0;0;0;0;0;0;0;0;0;0;0;0;0;0;0;0;0;0;0;0;0;0;0;0;0;0;0;0;0;0;0;0;0;0;0;0;0;0;0;0;0;0;0;0;0;0;0;0;0;0;0;0;0;0;0;1;0;1;0;0;0;0;0;0;0;0;0;0;0;0;0;0;0;0;0;0;0;0;0;0;0;0;0;0;0;0;0;0
c2-psychic-burst;C2 - Psychic Burst;Alloyin;;forgeborn-ability;;FALSE;;;;Destroy each enemy creature with 3A or less.;;;;;;;0;0;0;0;0;0;0;0;0;0;0;0;0;0;0;0;0;0;0;0;0;0;0;0;0;0;0;0;0;0;0;0;0;0;0;0;0;0;0;0;0;0;0;0;0;0;0;0;0;0;0;0;0;0;0;0;0;0;0;1;0;0;0;0;0;0;0;0;0;0;0;0;0;0;0;0;1;0;0;0;0;0;0;0;0;0;0;0;0;0;0;0;0;0;0;0;0;0;0;0;0;0;0
c2-ravenous-swarm;C2 - Ravenous Swarm;Nekrium;;forgeborn-ability;;FALSE;;;;Play a Mindless Zombie <b>Minion</b>. It <b>Strikes</b> an enemy creature.;;;;;;;0;0;0;0;0;0;0;0;0;0;0;0;0;0;0;0;0;0;0;0;0;0;0;0;0;0;0;0;0;1;0;1;0;0;0;0;0;0;0;0;0;0;0;0;0;0;0;0;0;0;0;0;0;0;0;0;0;0;0;1;0;0;0;0;0;0;0;0;0;0;0;0;0;0;0;0;0;0;0;0;0;0;0;0;0;0;0;0;0;0;0;0;0;0;0;0;0;0;0;0;0;0;0
c2-reinforcements;C2 - Reinforcements;Tempys;;forgeborn-ability;;FALSE;;;;When you play a creature this turn, it gets +4A.;;;;;;;0;0;0;0;0;0;0;0;0;0;0;0;0;0;0;0;0;0;0;0;0;0;0;0;0;0;0;0;0;0;0;0;0;0;0;0;0;0;0;0;0;0;0;0;0;0;0;0;0;0;0;0;0;0;0;0;0;0;0;0;0;0;0;0;0;0;0;0;0;0;1;0;1;0;0;0;0;0;0;0;0;0;0;0;0;0;0;0;0;0;0;0;0;0;0;0;0;0;0;0;0;0;0
c2-righteous-blow;C2 - Righteous Blow;Uterra;;forgeborn-ability;;FALSE;;;;One of your creatures <b>Strikes</b> an enemy creature.;;;;;;;0;0;0;0;0;0;0;0;0;0;0;0;0;0;0;0;0;0;0;0;0;0;0;0;0;0;0;0;0;0;0;0;0;0;0;0;0;0;0;0;0;0;0;0;0;0;0;0;0;0;0;0;0;0;0;0;0;0;0;1;0;0;0;0;0;0;0;0;0;0;0;0;0;0;0;0;0;0;0;0;0;0;0;0;0;0;0;0;0;1;0;0;0;0;0;0;0;0;0;0;0;0;0
c2-soul-fuse;C2 - Soul Fuse;Alloyin;;forgeborn-ability;;FALSE;;;;Set a creature's A to be equal to another creature's A.;;;;;;;0;0;0;0;0;0;0;0;0;0;0;0;0;0;0;0;0;0;0;0;0;0;0;0;0;0;0;0;0;0;0;0;0;0;0;0;0;0;0;0;0;0;0;0;0;0;0;0;0;0;0;0;0;0;0;0;0;0;0;0;0;0;0;0;0;0;0;0;0;0;0;0;0;0;0;0;0;0;0;0;0;0;0;0;0;0;0;0;0;0;0;0;0;0;0;0;0;0;0;0;0;0;0
c2-stealthy-strike;C2 - Stealthy Strike;Nekrium;;forgeborn-ability;;FALSE;;;;"Give one of your creatures <b>Stealth</b> and ""When this deals damage to a player, you gain that much H"" this turn.";;;;;;;0;0;0;0;0;0;0;0;0;0;0;0;0;0;0;0;0;0;0;0;0;0;0;0;0;0;0;0;0;0;0;0;0;0;0;0;0;0;0;0;0;0;0;0;0;0;0;0;0;0;0;0;0;0;0;0;0;1;0;0;0;0;0;0;0;0;0;1;0;0;0;0;0;0;0;0;0;0;0;0;0;0;0;0;0;0;0;0;0;0;0;0;0;0;0;0;0;0;0;0;0;0;0
c2-territorial-king;C2 - Territorial King;Uterra;;forgeborn-ability;;FALSE;;;;Give one of your creatures +2A,+2H. You may have it Battle an enemy creature.;;;;;;;0;0;0;0;0;0;0;0;0;0;0;0;0;0;0;0;0;0;0;0;0;0;0;0;0;0;0;0;0;0;0;0;0;0;0;0;0;0;0;0;0;0;0;0;0;0;0;0;0;0;0;0;0;0;0;0;0;0;0;0;0;0;0;0;0;0;0;0;0;1;0;0;1;0;0;0;0;0;0;0;0;0;0;0;0;0;0;0;0;0;0;0;0;0;0;0;0;0;0;0;0;0;0
c2-the-queen's-knife;C2 - The Queen's Knife;Nekrium;;forgeborn-ability;;FALSE;;;;"Give one of your creatures +3A. This turn, it has ""<b>Slay:</b> You may destroy a [l1] creature. This ability can only trigger once per turn.""";;;;;;;0;0;0;0;0;0;0;0;0;0;0;0;0;0;0;0;0;0;0;0;0;0;0;0;0;0;0;0;0;0;0;0;0;0;0;0;0;0;0;0;0;0;0;0;0;0;0;0;0;0;0;0;0;0;0;0;0;0;0;1;0;0;0;0;0;0;0;0;0;0;1;0;1;0;0;0;0;0;0;0;0;0;0;0;0;0;0;0;1;0;0;0;0;0;0;0;0;0;0;0;0;0;0
c2-thunderbolt;C2 - Thunderbolt;Tempys;;forgeborn-ability;;FALSE;;;;One of your creatures <b>Blasts</b> 5.;;;;;;;0;0;0;0;0;0;0;0;0;0;0;0;0;0;0;0;0;0;0;0;0;0;0;0;0;0;0;0;0;0;0;0;0;0;0;0;0;0;0;0;0;0;0;0;0;0;0;0;0;0;0;0;0;1;0;0;1;0;0;1;0;0;0;0;0;0;0;0;0;0;0;0;0;0;0;0;0;0;0;0;0;0;0;0;0;0;0;0;0;1;0;0;0;0;0;0;0;0;0;0;0;0;0
c2-toxikinesis;C2 - Toxikinesis;Uterra;;forgeborn-ability;;FALSE;;;;"Each of your creatures gets +2H.

Each enemy creature gets -2H.";;;;;;;0;0;0;0;0;0;0;0;0;0;0;0;0;0;0;0;0;0;0;0;0;0;0;0;0;0;0;0;0;0;0;0;0;0;0;0;0;0;0;0;0;0;0;0;0;0;0;0;0;0;0;0;0;0;0;0;0;0;0;1;0;0;0;0;0;0;0;0;0;0;0;1;0;0;0;0;0;0;0;0;0;0;0;0;0;0;0;0;0;0;0;0;0;0;0;0;0;0;0;0;0;0;0
c2-uranti-magic;C2 - Uranti Magic;Tempys;;forgeborn-ability;;FALSE;;;;"One of your creatures gets +4A. This turn, it has ""<b>Slay:</b> Play a [l1] spell for <b>Free</b>.""";;;;;;;0;0;0;0;0;0;0;0;0;0;0;0;0;0;0;0;0;0;0;0;0;0;0;0;0;0;0;0;0;0;0;0;0;1;0;0;0;0;0;0;0;0;0;0;0;0;0;0;0;1;0;0;0;0;0;0;0;0;0;0;0;0;0;0;0;0;0;0;0;0;1;0;1;0;0;0;0;0;0;0;0;0;0;0;0;0;0;0;1;0;0;0;0;0;0;0;0;0;0;0;0;0;0
c2-vampiric-feast;C2 - Vampiric Feast;Nekrium;;forgeborn-ability;;FALSE;;;;Deal 5 damage to the enemy player to gain 5H.;;;;;;;0;0;0;0;0;0;0;0;0;0;0;0;0;0;0;0;0;0;0;0;0;0;0;0;0;0;0;0;0;0;0;0;0;0;0;0;0;1;0;0;0;0;0;0;0;0;0;0;0;0;0;0;0;1;0;0;0;0;0;0;0;0;0;0;0;0;0;0;0;0;0;0;0;0;0;0;0;0;0;0;0;0;0;0;0;0;0;0;0;0;0;0;0;0;0;0;0;0;0;0;0;0;0
c2-wall-of-iron;C2 - Wall of Iron;Alloyin;;forgeborn-ability;;FALSE;;;;"Choose one:

• You get 10D this turn

• One of your creatures gets 10D this turn.";;;;;;;0;0;0;0;0;0;0;0;0;0;0;0;0;0;0;0;0;0;0;0;0;0;0;0;0;0;0;0;0;0;0;0;0;0;0;0;0;0;0;0;0;0;0;0;1;0;1;0;0;0;0;0;0;0;0;0;0;0;0;0;0;0;0;0;0;0;0;0;0;0;0;0;0;0;0;0;0;0;0;0;0;0;0;0;0;0;0;0;0;0;0;0;0;0;0;0;0;0;0;0;0;0;0
c2-wardrums;C2 - Wardrums;Tempys;;forgeborn-ability;;FALSE;;;;Your creatures in the back row get +3A. This turn, they lose <b>Defender</b> and get <b>Aggressive</b>.;;;;;;;0;0;0;0;0;0;0;0;0;0;0;0;0;0;0;0;0;0;0;0;0;0;0;0;0;0;0;0;0;0;0;0;0;0;0;0;0;0;0;0;0;0;0;0;0;0;0;0;0;0;0;0;0;0;0;0;0;0;0;0;0;0;0;1;0;1;0;0;0;0;1;0;1;0;0;0;0;0;0;0;0;0;0;0;0;0;0;0;0;0;0;0;0;0;0;0;0;0;0;0;0;0;0
c2-warrior's-lesson;C2 - Warrior's Lesson;Uterra;;forgeborn-ability;;FALSE;;;;Choose one of your creatures. Another one of your creatures gets +A equal to the chosen's A.;;;;;;;0;0;0;0;0;0;0;0;0;0;0;0;0;0;0;0;0;0;0;0;0;0;0;0;0;0;0;0;0;0;0;0;0;0;0;0;0;0;0;0;0;0;0;0;0;0;0;0;0;0;0;0;0;0;0;0;0;0;0;0;0;0;0;0;0;0;0;0;0;0;1;0;1;0;0;0;0;0;0;0;0;0;0;0;0;0;0;0;0;0;0;0;0;0;0;0;0;0;0;0;0;0;0
c2-zombify;C2 - Zombify;Nekrium;;forgeborn-ability;;FALSE;;;;Destroy a creature. Its controller plays a Zombie Brute <b>Minion</b> in that lane.;;;;;;;0;0;0;0;0;0;0;0;0;0;0;0;0;0;0;0;0;0;0;0;0;0;0;0;0;0;0;0;0;1;0;1;0;0;0;0;0;0;0;0;0;0;0;0;0;0;0;0;0;0;0;0;0;0;0;0;0;0;0;1;0;0;0;0;0;0;0;0;0;0;0;0;0;0;0;0;0;0;0;0;0;0;0;0;0;0;0;0;0;0;0;0;0;0;0;0;0;0;0;0;0;0;0
c3-armada;C3 - Armada;Alloyin;;forgeborn-ability;;FALSE;;;;;;;"Play a Gizmo <b>Minion</b>.

When one of your creatures replaces a creature this turn, it <b>Blasts</b> 4.";;;;0;0;0;0;0;0;0;0;0;0;0;0;0;0;0;0;0.9;0;0;0;0;0;0;0;0;0;0;0;0;0;0;0.9;0;0;0;0.9;0.9;0;0;0;0;0;0;0;0;0;0;0;0;0;0;0;0;0.9;0;0;0.9;0;0;0.9;0;0;0;0;0;0;0;0;0;0.9;0;0;0.9;0;0;0;0;0;0;0;0;0;0;0;0;0;0;0;0;0.9;0;0;0;0;0;0;0;0;0;0;0;0;0
c3-attack-mode;C3 - Attack Mode;Alloyin;;forgeborn-ability;;FALSE;;;;;;;"Play a Gizmo <b>Minion</b>.

Give the next creature you play this turn +2A,+2H. This turn, it gets <b>Aggressive</b>.";;;;0;0;0;0;0;0;0;0;0;0;0;0;0;0;0;0;0.9;0;0;0;0;0;0;0;0;0;0;0;0;0;0;0.9;0;0;0;0.9;0;0;0;0;0;0;0;0;0;0;0;0;0;0;0;0;0;0;0;0;0;0;0;0;0;0;0;0.9;0;0;0;0;0;0.9;0;0;0.9;0;0;0;0;0;0;0;0;0;0;0;0;0;0;0;0;0;0;0;0;0;0;0;0;0;0;0;0;0;0
c3-blight-touch;C3 - Blight Touch;Alloyin/Nekrium/Tempys/Uterra;;forgeborn-ability;;FALSE;;;;;;;"This deals 5 damage to you.

An enemy creature gets -14H.";;;;0;0;0;0;0;0;0;0;0;0;0;0;0;0;0;0;0;0;0;0;0;0;0;0;0;0;0;0;0;0;0;0;0;0;0;0;0;0;0;0;0;0;0;0;0;0;0;0;0;0;0;0;0;0;0;0;0;0;0;0.9;0;0;0;0;0;0;0;0;0;0;0;0;0;0;0;0;0;0;0;0;0;0;0;0;0;0;0;0;0;0;0;0;0;0;0;0;0.9;0;0;0;0;0;0
c3-bloodlust;C3 - Bloodlust;Nekrium;;forgeborn-ability;;FALSE;;;;;;;Choose an enemy creature. When it is destroyed this turn, deal damage to the enemy player equal to its printed A.;;;;0;0;0;0;0;0;0;0;0;0;0;0;0;0;0;0;0;0;0;0;0;0;0;0;0;0;0;0;0;0;0;0;0;0;0;0;0;0;0;0;0;0;0;0;0;0;0;0;0;0;0;0;0;0;0;0;0;0;0;0;0;0;0;0;0;0;0;0;0;0;0;0;0;0;0;0.9;0;0;0.9;0;0;0;0.9;0;0;0;0;0;0;0;0;0;0;0;0;0;0;0;0;0;0;0;0
c3-builder's-burst;C3 - Builder's Burst;Alloyin;;forgeborn-ability;;FALSE;;;;;;;"<b>Upgrade</b> up to two cards in your hand, then discard them.

Deal 2 damage to an enemy creature for each [l2] and [l3] card in your discard pile.";;;;0;0;0;0;0;0;0;0;0;0;0;0;0;0;0;0;0;0;0;0;0;0;0;0;0;0;0;0;0;0;0;0;0;0;0;0;0;0;0;0;0;0;0;0;0;0;0;0;0;0;0;0.9;0;0;0;0;0;0;0;0.9;0;0;0;0;0;0;0;0;0;0;0;0;0;0;0;0;0;0;0;0;0;0;0;0;0;0;0;0;0;0;0;0;0;0;0;0;0;0;0;0;0;0;0
c3-chloropoeia;C3 - Chloropoeia;Uterra;;forgeborn-ability;;FALSE;;;;;;;Choose a creature. Its controller replaces it with an Oakfather <b>Minion</b>;;;;0;0;0;0;0;0;0;0;0;0;0;0;0;0;0.9;0;0;0;0;0;0;0.9;0;0;0;0;0;0;0;0;0;0.9;0;0;0;0;0;0;0;0;0;0;0;0;0;0;0;0;0;0;0;0;0;0;0;0;0;0;0;0;0.9;0;0;0;0;0;0;0;0;0;0;0;0;0;0;0;0;0;0;0;0;0;0;0;0;0;0;0;0;0;0;0;0;0;0;0;0;0;0;0;0;0;0
c3-collective-conjuration;C3 - Collective Conjuration;Tempys;;forgeborn-ability;;FALSE;;;;;;;Deal 3 damage to an enemy creature or player for each creature in the back row.;;;;0;0;0;0;0;0;0;0;0;0;0;0;0;0;0;0;0;0;0;0;0;0;0;0;0;0;0;0;0;0;0;0;0;0;0;0;0;0;0;0;0;0;0;0;0;0;0;0;0;0;0;0;0;0.9;0;0;0;0;0;0.9;0;0;0;0;0;0.9;0;0;0;0;0;0;0;0;0;0;0;0;0;0;0;0;0;0;0;0;0;0;0;0;0;0;0;0;0;0;0;0;0;0;0;0;0
c3-congregation-of-wisps;C3 - Congregation of Wisps;Uterra;;forgeborn-ability;;FALSE;;;;;;;"Play up to two Wisp <b>Minions</b>.

Your <b>Minions</b> get +3A,+3H.";;;;0;0;0;0;0;0;0;0;0;0;0;0;0;0;0;0;0;0;0;0;0;0.9;0;0;0;0;0;0;0;0;0;0.9;0;0;0;0;0;0;0;0;0;0;0;0;0;0;0;0;0;0;0;0;0;0;0;0;0;0;0;0;0;0;0;0;0;0;0;0;0;0;0;0;0.9;0;0;0;0;0;0;0;0;0;0;0;0;0;0;0;0;0;0;0;0;0;0;0;0;0;0;0;0;0;0
c3-crushing-strength;C3 - Crushing Strength;Uterra;;forgeborn-ability;;FALSE;;;;;;;When you play a creature this turn, it gets +6H.;;;;0;0;0;0;0;0;0;0;0;0;0;0;0;0;0;0;0;0;0;0;0;0;0;0;0;0;0;0;0;0;0;0;0;0;0;0;0;0;0;0;0;0;0;0;0;0;0;0;0;0;0;0;0;0;0;0;0;0;0;0;0;0;0;0;0;0;0;0;0;0;0;0.9;0;0;0;0;0;0;0;0;0;0;0;0;0;0;0;0;0;0;0;0;0;0;0;0;0;0;0;0;0;0;0
c3-darkflame;C3 - Darkflame;Alloyin/Nekrium/Tempys/Uterra;;forgeborn-ability;;FALSE;;;;;;;"This deals 5 damage to you.

Deal 2 damage to an enemy creature or player for each spell in your banish pile.";;;;0;0;0;0;0;0;0;0;0;0;0;0;0;0;0;0;0;0;0;0;0;0;0;0;0;0;0;0;0;0;0;0;0;0.9;0;0;0;0;0;0;0;0;0;0;0;0;0;0;0;0;0;0;0;0.9;0;0;0;0;0;0.9;0;0;0;0;0;0;0;0;0;0;0;0;0;0;0;0;0;0;0;0;0;0;0;0;0;0;0;0;0;0;0;0;0;0;0;0;0.9;0;0;0;0;0;0
c3-darkforge-mastery;C3 - Darkforge Mastery;Alloyin/Nekrium/Tempys/Uterra;;forgeborn-ability;;FALSE;;;;;;;"This deals 5 damage to you.

Give one of your creatures +8A,+8H.";;;;0;0;0;0;0;0;0;0;0;0;0;0;0;0;0;0;0;0;0;0;0;0;0;0;0;0;0;0;0;0;0;0;0;0;0;0;0;0;0;0;0;0;0;0;0;0;0;0;0;0;0;0;0;0;0;0;0;0;0;0;0;0;0;0;0;0;0;0;0;0.9;0;0;0.9;0;0;0;0;0;0;0;0;0;0;0;0;0;0;0;0;0;0;0;0;0;0;0;0.9;0;0;0;0;0;0
c3-darkforge-reanimation;C3 - Darkforge Reanimation;Alloyin/Nekrium/Tempys/Uterra;;forgeborn-ability;;FALSE;;;;;;;"Each player destroys one of their creatures.

If you have 30H or less, Reanimate up to one Darkforge creature.";;;;0;0;0;0.9;0;0;0;0;0;0;0;0;0;0;0;0;0;0;0;0;0;0;0;0;0;0;0;0;0;0;0;0;0;0;0;0;0;0;0;0;0;0;0;0;0;0;0;0;0;0;0.9;0;0;0;0;0;0;0;0;0.9;0;0;0;0;0;0;0;0;0;0;0;0;0;0;0;0;0;0;0;0;0.9;0;0;0;0;0;0;0;0;0;0;0;0;0;0;0;0;0;0.9;0;0;0;0
c3-darkforge-summon;C3 - Darkforge Summon;Alloyin/Nekrium/Tempys/Uterra;;forgeborn-ability;;FALSE;;;;;;;"If you have 30H or less, play up to one Darkforge creature for <b>Free</b>.

Give your creatures ""When you play a spell, this gets +3A"" this turn.";;;;0;0;0;0.9;0;0;0;0;0;0;0;0;0;0;0;0;0;0;0;0;0;0;0;0;0;0;0;0;0;0;0;0;0;0.9;0;0;0;0;0;0;0;0;0;0;0;0;0;0;0;0.9;0;0;0;0;0;0;0;0;0;0;0;0;0;0;0;0;0;0;0;0;0.9;0;0.9;0;0;0;0;0;0;0;0;0;0;0;0;0;0;0;0;0;0;0;0;0;0;0;0;0;0.9;0;0;0;0
c3-darkportal;C3 - Darkportal;Alloyin/Nekrium/Tempys/Uterra;;forgeborn-ability;;FALSE;;;;;;;If a player lost H this turn, play a [l1] or [l2] card for <b>Free</b>.;;;;0;0;0;0;0;0;0;0;0;0;0;0;0;0;0;0;0;0;0;0;0;0;0;0;0;0;0;0;0;0;0;0;0;0;0;0;0;0;0;0;0;0;0;0;0;0;0;0;0;0.9;0;0;0;0;0;0;0;0;0.9;0;0;0;0;0;0;0;0;0;0;0;0;0;0;0;0;0;0;0;0;0;0;0;0;0;0;0;0;0;0;0;0;0;0;0;0;0;0;0.9;0;0;0;0;0
c3-depersonify;C3 - Depersonify;Alloyin;;forgeborn-ability;;FALSE;;;;;;;Enemy creatures get -5A.;;;;0;0;0;0;0;0;0;0;0;0;0;0;0;0;0;0;0;0;0;0;0;0;0;0;0;0;0;0;0;0;0;0;0;0;0;0;0;0;0;0;0;0;0;0;0;0;0;0;0;0;0;0;0;0;0;0;0;0;0;0;0;0;0;0;0;0;0;0;0;0;0;0;0;0;0;0.9;0;0;0;0;0;0;0;0;0;0;0;0;0;0;0;0;0;0;0;0;0;0;0;0;0;0;0
c3-directed-evolution;C3 - Directed Evolution;Alloyin;;forgeborn-ability;;FALSE;;;;;;;When you replace a creature this turn, the creature replacing it gets +6A,+6H.;;;;0;0;0;0;0;0;0;0;0;0;0;0;0;0;0;0;0;0;0;0;0;0;0;0;0;0;0;0;0;0;0;0;0;0;0;0;0.9;0;0;0;0;0;0;0;0;0;0;0;0;0;0;0;0;0;0;0;0;0;0;0;0;0;0;0;0;0;0;0;0;0;0;0;0.9;0;0;0;0;0;0;0;0;0;0;0;0;0;0;0;0;0;0;0;0;0;0;0;0;0;0;0;0;0;0
c3-disconnect;C3 - Disconnect;Alloyin;;forgeborn-ability;;FALSE;;;;;;;Deal 12 damage to an enemy creature if it has no creatures adjacent to it.;;;;0;0;0;0;0;0;0;0;0;0;0;0;0;0;0;0;0;0;0;0;0;0;0;0;0;0;0;0;0;0;0;0;0;0;0;0;0;0;0;0;0;0;0;0;0;0;0;0;0;0;0;0;0;0;0;0;0;0;0;0.9;0;0;0;0;0;0;0;0;0;0;0;0;0;0;0;0;0;0;0;0;0;0;0;0;0;0;0;0;0;0;0;0;0;0;0;0;0;0;0;0;0;0;0
c3-enlightened-strength;C3 - Enlightened Strength;Uterra;;forgeborn-ability;;FALSE;;;;;;;When you play a spell this turn, one of your creatures gets +5A,+5H.;;;;0;0;0;0;0;0;0;0;0;0;0;0;0;0;0;0;0;0;0;0;0;0;0;0;0;0;0;0;0;0;0;0;0;0.9;0;0;0;0;0;0;0;0;0;0;0;0;0;0;0;0;0;0;0;0;0;0;0;0;0;0;0;0;0;0;0;0;0;0;0;0;0;0;0.9;0;0;0;0;0;0;0;0;0;0;0;0;0;0;0;0;0;0;0;0;0;0;0;0;0;0;0;0;0;0
c3-fervor-for-battle;C3 - Fervor for Battle;Tempys;;forgeborn-ability;;FALSE;;;;;;;"One of your creatures gets +6A. This turn, it has ""<b>Slay:</b> Give one of your creatures +6A.""";;;;0;0;0;0;0;0;0;0;0;0;0;0;0;0;0;0;0;0;0;0;0;0;0;0;0;0;0;0;0;0;0;0;0;0;0;0;0;0;0;0;0;0;0;0;0;0;0;0;0;0;0;0;0;0;0;0;0;0;0;0;0;0;0;0;0;0;0;0;0;0;0.9;0;0.9;0;0;0;0;0;0;0;0;0;0;0;0;0;0;0;0.9;0;0;0;0;0;0;0;0;0;0;0;0;0;0
c3-fierce-fortitude;C3 - Fierce Fortitude;Uterra;;forgeborn-ability;;FALSE;;;;;;;At the end of the turn, each of your creatures gets +4A,+4H.;;;;0;0;0;0;0;0;0;0;0;0;0;0;0;0;0;0;0;0;0;0;0;0;0;0;0;0;0;0;0;0;0;0;0;0;0;0;0;0;0;0;0;0;0;0;0;0;0;0;0;0;0;0;0;0;0;0;0;0;0;0;0;0;0;0;0;0;0;0;0;0;0;0;0.9;0;0;0;0;0;0;0;0;0;0;0;0;0;0;0;0;0;0;0;0;0;0;0;0;0;0;0;0;0;0
c3-give-into-temptation;C3 - Give Into Temptation;Alloyin/Nekrium/Tempys/Uterra;;forgeborn-ability;;FALSE;;;;;;;For each creature in play, destroy that creature unless its controller takes 4 damage.;;;;0;0;0;0;0;0;0;0;0;0;0;0;0;0;0;0;0;0;0;0;0;0;0;0;0;0;0;0;0;0;0;0;0;0;0;0;0;0;0;0;0;0;0;0;0;0;0;0;0;0;0;0;0;0.9;0;0;0;0;0;0.9;0;0;0;0;0;0;0;0;0;0;0;0;0;0;0;0;0;0;0;0;0.9;0;0;0;0;0;0;0;0;0;0;0;0;0;0;0;0.9;0;0;0;0;0;0
c3-guarded-deployment;C3 - Guarded Deployment;Alloyin;;forgeborn-ability;;FALSE;;;;;;;When one of your creatures comes into play this turn, it gets 10D this turn.;;;;0;0;0;0;0;0;0;0;0;0;0;0;0;0;0;0;0;0;0;0;0;0;0;0;0;0;0;0;0;0;0;0;0;0;0;0;0;0;0;0;0;0;0;0;0.9;0;0;0;0;0;0;0;0;0;0;0;0;0;0;0;0;0;0;0;0;0;0;0;0;0;0;0;0;0;0;0;0;0;0;0;0;0;0;0;0;0;0;0;0;0;0;0;0;0;0;0;0;0;0;0;0;0;0
c3-insurrection;C3 - Insurrection;Nekrium;;forgeborn-ability;;FALSE;;;;;;;Choose one of your creatures. When it is destroyed this turn, deal damage equal to its printed A to the enemy player.;;;;0;0;0;0;0;0;0;0;0;0;0;0;0;0;0;0;0;0;0;0;0;0;0;0;0;0;0;0;0;0;0;0;0;0;0;0;0;0;0;0;0;0;0;0;0;0;0;0;0;0;0;0;0;0;0;0;0;0;0;0;0;0;0;0;0;0;0;0;0;0;0;0;0;0;0;0.9;0;0;0.9;0;0;0;0.9;0;0;0;0;0;0;0;0;0;0;0;0;0;0;0;0;0;0;0;0
c3-ironbeard's-orders;C3 - Ironbeard's Orders;Alloyin;;forgeborn-ability;;FALSE;;;;;;;Give one of your creatures +8A. Give it +4A for each creature adjacent to it.;;;;0;0;0;0;0;0;0;0;0;0;0;0;0;0;0;0;0;0;0;0;0;0;0;0;0;0;0;0;0;0;0;0;0;0;0;0;0;0;0;0;0;0;0;0;0;0;0;0;0;0;0;0;0;0;0;0;0;0;0;0;0;0;0;0;0;0;0;0;0;0;0.9;0;0.9;0;0;0;0;0;0;0;0;0;0;0;0;0;0;0;0;0;0;0;0;0;0;0;0;0;0;0;0;0;0
c3-korok's-swarm;C3 - Korok's Swarm;Tempys;;forgeborn-ability;;FALSE;;;;;;;Play a Spell Swarm <b>Minion</b>. Switch its A and H.;;;;0;0;0;0;0;0;0;0;0.9;0;0;0;0;0;0;0;0;0;0;0;0;0;0;0;0;0;0;0;0;0;0;0.9;0;0.9;0;0;0;0;0;0;0;0;0;0;0;0;0;0;0;0;0;0;0;0;0;0;0;0;0;0;0;0;0;0;0;0;0;0;0;0;0;0;0.9;0;0;0;0;0;0;0;0;0;0;0;0;0;0;0;0;0;0;0;0;0;0;0;0;0;0;0;0;0;0
c3-meteor-smash;C3 - Meteor Smash;Tempys;;forgeborn-ability;;FALSE;;;;;;;"One of your creatures gets +5A.

Deal 5 damage to an enemy creature.";;;;0;0;0;0;0;0;0;0;0;0;0;0;0;0;0;0;0;0;0;0;0;0;0;0;0;0;0;0;0;0;0;0;0;0;0;0;0;0;0;0;0;0;0;0;0;0;0;0;0;0;0;0;0;0;0;0;0;0;0;0.9;0;0;0;0;0;0;0;0;0;0;0.9;0;0.9;0;0;0;0;0;0;0;0;0;0;0;0;0;0;0;0;0;0;0;0;0;0;0;0;0;0;0;0;0;0
c3-might-of-the-forge;C3 - Might of the Forge;Alloyin;;forgeborn-ability;;FALSE;;;;;;;Give one of your creatures +6A. If you have the Forge, that creature can't lose H this turn.;;;;0;0;0;0;0;0;0;0;0;0;0;0;0;0;0;0;0;0;0;0;0;0;0;0;0;0;0;0;0;0;0;0;0;0;0;0;0;0;0;0;0;0;0;0;0;0;0;0;0;0;0;0;0;0;0;0;0;0;0;0;0;0;0;0;0;0;0;0;0;0;0.9;0;0.9;0;0;0;0;0;0;0;0;0;0;0;0;0;0;0;0;0;0;0;0;0;0;0;0;0;0;0;0;0;0
c3-necrokinesis;C3 - Necrokinesis;Nekrium;;forgeborn-ability;;FALSE;;;;;;;Reanimate a [l1] or [l2] Nekrium creature.;;;;0;0;0;0;0;0;0;0;0;0;0;0;0;0;0;0;0;0;0;0;0;0;0;0;0;0;0;0;0;0;0;0;0;0;0;0;0;0;0;0;0;0;0;0;0;0;0;0;0;0;0.9;0;0;0;0;0;0;0;0;0;0;0;0;0;0;0;0;0;0;0;0;0;0;0;0;0;0;0;0;0;0;0;0;0;0;0;0;0;0;0;0;0;0;0;0;0;0;0;0;0;0;0;0
c3-nova's-wisdom;C3 - Nova's Wisdom;Uterra;;forgeborn-ability;;FALSE;;;;;;;Give one of your creatures +4A,+4H. Give it +2A,+2H for each creature adjacent to it.;;;;0;0;0;0;0;0;0;0;0;0;0;0;0;0;0;0;0;0;0;0;0;0;0;0;0;0;0;0;0;0;0;0;0;0;0;0;0;0;0;0;0;0;0;0;0;0;0;0;0;0;0;0;0;0;0;0;0;0;0;0;0;0;0;0;0;0;0;0;0;0.9;0;0;0.9;0;0;0;0;0;0;0;0;0;0;0;0;0;0;0;0;0;0;0;0;0;0;0;0;0;0;0;0;0;0
c3-predatory-instinct;C3 - Predatory Instinct;Uterra;;forgeborn-ability;;FALSE;;;;;;;When you play a spell, you may attach this to one of your creatures. If you do, give it +8A,+10H. ;;;;0;0;0;0;0;0;0;0;0;0;0;0;0;0;0;0;0;0;0;0;0;0;0;0;0;0;0;0;0;0;0;0;0;0.9;0;0;0;0;0;0;0;0;0;0;0;0;0;0;0;0;0;0;0;0;0;0;0;0;0;0;0;0;0;0;0;0;0;0;0;0.9;0;0;0.9;0;0;0;0;0;0;0;0;0;0;0;0;0;0;0;0;0;0;0;0;0;0;0;0;0;0;0;0;0;0
c3-protection-of-the-forge;C3 - Protection of the Forge;Uterra;;forgeborn-ability;;FALSE;;;;;;;"Give one of your creatures +6A.

If you have the Forge, you can't lose H this turn.";;;;0;0;0;0;0;0;0;0;0;0;0;0;0;0;0;0;0;0;0;0;0;0;0;0;0;0;0;0;0;0;0;0;0;0;0;0;0;0;0;0;0;0;0;0;0;0;0;0;0;0;0;0;0;0;0;0;0;0;0;0;0;0;0;0;0;0;0;0;0;0;0.9;0;0.9;0;0;0;0;0;0;0;0;0;0;0;0;0;0;0;0;0;0;0;0;0;0;0;0;0;0;0;0;0;0
c3-psychic-burst;C3 - Psychic Burst;Alloyin;;forgeborn-ability;;FALSE;;;;;;;Destroy each enemy creature with 6A or less.;;;;0;0;0;0;0;0;0;0;0;0;0;0;0;0;0;0;0;0;0;0;0;0;0;0;0;0;0;0;0;0;0;0;0;0;0;0;0;0;0;0;0;0;0;0;0;0;0;0;0;0;0;0;0;0;0;0;0;0;0;0.9;0;0;0;0;0;0;0;0;0;0;0;0;0;0;0;0;0.9;0;0;0;0;0;0;0;0;0;0;0;0;0;0;0;0;0;0;0;0;0;0;0;0;0;0
c3-ravenous-swarm;C3 - Ravenous Swarm;Nekrium;;forgeborn-ability;;FALSE;;;;;;;Play up to two Mindless Zombie <b>Minions</b>. They <b>Strike</b> an enemy creature.;;;;0;0;0;0;0;0;0;0;0;0;0;0;0;0;0;0;0;0;0;0;0;0;0;0;0;0;0;0;0;0.9;0;0.9;0;0;0;0;0;0;0;0;0;0;0;0;0;0;0;0;0;0;0;0;0;0;0;0;0;0;0;0.9;0;0;0;0;0;0;0;0;0;0;0;0;0;0;0;0;0;0;0;0;0;0;0;0;0;0;0;0;0;0;0;0;0;0;0;0;0;0;0;0;0;0;0
c3-reinforcements;C3 - Reinforcements;Tempys;;forgeborn-ability;;FALSE;;;;;;;When you play a creature this turn, it gets +8A.;;;;0;0;0;0;0;0;0;0;0;0;0;0;0;0;0;0;0;0;0;0;0;0;0;0;0;0;0;0;0;0;0;0;0;0;0;0;0;0;0;0;0;0;0;0;0;0;0;0;0;0;0;0;0;0;0;0;0;0;0;0;0;0;0;0;0;0;0;0;0;0;0.9;0;0.9;0;0;0;0;0;0;0;0;0;0;0;0;0;0;0;0;0;0;0;0;0;0;0;0;0;0;0;0;0;0
c3-righteous-blow;C3 - Righteous Blow;Uterra;;forgeborn-ability;;FALSE;;;;;;;One of your creatures <b>Strikes</b> an enemy creature.;;;;0;0;0;0;0;0;0;0;0;0;0;0;0;0;0;0;0;0;0;0;0;0;0;0;0;0;0;0;0;0;0;0;0;0;0;0;0;0;0;0;0;0;0;0;0;0;0;0;0;0;0;0;0;0;0;0;0;0;0;0.9;0;0;0;0;0;0;0;0;0;0;0;0;0;0;0;0;0;0;0;0;0;0;0;0;0;0;0;0;0;0.9;0;0;0;0;0;0;0;0;0;0;0;0;0
c3-soul-fuse;C3 - Soul Fuse;Alloyin;;forgeborn-ability;;FALSE;;;;;;;Set a creature's A to be equal to another creature's A.;;;;0;0;0;0;0;0;0;0;0;0;0;0;0;0;0;0;0;0;0;0;0;0;0;0;0;0;0;0;0;0;0;0;0;0;0;0;0;0;0;0;0;0;0;0;0;0;0;0;0;0;0;0;0;0;0;0;0;0;0;0;0;0;0;0;0;0;0;0;0;0;0;0;0;0;0;0;0;0;0;0;0;0;0;0;0;0;0;0;0;0;0;0;0;0;0;0;0;0;0;0;0;0;0
c3-stealthy-strike;C3 - Stealthy Strike;Nekrium;;forgeborn-ability;;FALSE;;;;;;;"Give one of your creatures <b>Stealth</b> and ""When this deals damage to a player, you gain that much H"" this turn.";;;;0;0;0;0;0;0;0;0;0;0;0;0;0;0;0;0;0;0;0;0;0;0;0;0;0;0;0;0;0;0;0;0;0;0;0;0;0;0;0;0;0;0;0;0;0;0;0;0;0;0;0;0;0;0;0;0;0;0.9;0;0;0;0;0;0;0;0;0;0.9;0;0;0;0;0;0;0;0;0;0;0;0;0;0;0;0;0;0;0;0;0;0;0;0;0;0;0;0;0;0;0;0;0;0;0
c3-territorial-king;C3 - Territorial King;Uterra;;forgeborn-ability;;FALSE;;;;;;;Give one of your creatures +3A,+3H. You may have it Battle an enemy creature.;;;;0;0;0;0;0;0;0;0;0;0;0;0;0;0;0;0;0;0;0;0;0;0;0;0;0;0;0;0;0;0;0;0;0;0;0;0;0;0;0;0;0;0;0;0;0;0;0;0;0;0;0;0;0;0;0;0;0;0;0;0;0;0;0;0;0;0;0;0;0;0.9;0;0;0.9;0;0;0;0;0;0;0;0;0;0;0;0;0;0;0;0;0;0;0;0;0;0;0;0;0;0;0;0;0;0
c3-the-queen's-knife;C3 - The Queen's Knife;Nekrium;;forgeborn-ability;;FALSE;;;;;;;"Give one of your creatures +5A. This turn, it has ""<b>Slay:</b> You may destroy a [l1] or [l2] creature. This ability can only trigger once per turn.""";;;;0;0;0;0;0;0;0;0;0;0;0;0;0;0;0;0;0;0;0;0;0;0;0;0;0;0;0;0;0;0;0;0;0;0;0;0;0;0;0;0;0;0;0;0;0;0;0;0;0;0;0;0;0;0;0;0;0;0;0;0.9;0;0;0;0;0;0;0;0;0;0;0.9;0;0.9;0;0;0;0;0;0;0;0;0;0;0;0;0;0;0;0.9;0;0;0;0;0;0;0;0;0;0;0;0;0;0
c3-thunderbolt;C3 - Thunderbolt;Tempys;;forgeborn-ability;;FALSE;;;;;;;One of your creatures <b>Blasts</b> 8.;;;;0;0;0;0;0;0;0;0;0;0;0;0;0;0;0;0;0;0;0;0;0;0;0;0;0;0;0;0;0;0;0;0;0;0;0;0;0;0;0;0;0;0;0;0;0;0;0;0;0;0;0;0;0;0.9;0;0;0.9;0;0;0.9;0;0;0;0;0;0;0;0;0;0;0;0;0;0;0;0;0;0;0;0;0;0;0;0;0;0;0;0;0;0.9;0;0;0;0;0;0;0;0;0;0;0;0;0
c3-toxikinesis;C3 - Toxikinesis;Uterra;;forgeborn-ability;;FALSE;;;;;;;"Each of your creatures gets +3H.

Each enemy creature gets -3H.";;;;0;0;0;0;0;0;0;0;0;0;0;0;0;0;0;0;0;0;0;0;0;0;0;0;0;0;0;0;0;0;0;0;0;0;0;0;0;0;0;0;0;0;0;0;0;0;0;0;0;0;0;0;0;0;0;0;0;0;0;0.9;0;0;0;0;0;0;0;0;0;0;0;0.9;0;0;0;0;0;0;0;0;0;0;0;0;0;0;0;0;0;0;0;0;0;0;0;0;0;0;0;0;0;0;0
c3-uranti-magic;C3 - Uranti Magic;Tempys;;forgeborn-ability;;FALSE;;;;;;;"One of your creatures gets +6A. This turn, it has ""<b>Slay:</b> Play a [l1] or [l2] spell for <b>Free</b>.""";;;;0;0;0;0;0;0;0;0;0;0;0;0;0;0;0;0;0;0;0;0;0;0;0;0;0;0;0;0;0;0;0;0;0;0.9;0;0;0;0;0;0;0;0;0;0;0;0;0;0;0;0.9;0;0;0;0;0;0;0;0;0;0;0;0;0;0;0;0;0;0;0;0;0.9;0;0.9;0;0;0;0;0;0;0;0;0;0;0;0;0;0;0;0.9;0;0;0;0;0;0;0;0;0;0;0;0;0;0
c3-vampiric-feast;C3 - Vampiric Feast;Nekrium;;forgeborn-ability;;FALSE;;;;;;;Deal 7 damage to the enemy player to gain 7H.;;;;0;0;0;0;0;0;0;0;0;0;0;0;0;0;0;0;0;0;0;0;0;0;0;0;0;0;0;0;0;0;0;0;0;0;0;0;0;0.9;0;0;0;0;0;0;0;0;0;0;0;0;0;0;0;0.9;0;0;0;0;0;0;0;0;0;0;0;0;0;0;0;0;0;0;0;0;0;0;0;0;0;0;0;0;0;0;0;0;0;0;0;0;0;0;0;0;0;0;0;0;0;0;0;0;0
c3-wall-of-iron;C3 - Wall of Iron;Alloyin;;forgeborn-ability;;FALSE;;;;;;;"Choose one:

• You get 15D this turn

• One of your creatures gets 15D this turn.";;;;0;0;0;0;0;0;0;0;0;0;0;0;0;0;0;0;0;0;0;0;0;0;0;0;0;0;0;0;0;0;0;0;0;0;0;0;0;0;0;0;0;0;0;0;0.9;0;0.9;0;0;0;0;0;0;0;0;0;0;0;0;0;0;0;0;0;0;0;0;0;0;0;0;0;0;0;0;0;0;0;0;0;0;0;0;0;0;0;0;0;0;0;0;0;0;0;0;0;0;0;0;0;0;0;0
c3-wardrums;C3 - Wardrums;Tempys;;forgeborn-ability;;FALSE;;;;;;;Your creatures in the back row get +5A. This turn, they lose <b>Defender</b> and get <b>Aggressive</b>.;;;;0;0;0;0;0;0;0;0;0;0;0;0;0;0;0;0;0;0;0;0;0;0;0;0;0;0;0;0;0;0;0;0;0;0;0;0;0;0;0;0;0;0;0;0;0;0;0;0;0;0;0;0;0;0;0;0;0;0;0;0;0;0;0;0.9;0;0.9;0;0;0;0;0.9;0;0.9;0;0;0;0;0;0;0;0;0;0;0;0;0;0;0;0;0;0;0;0;0;0;0;0;0;0;0;0;0;0
c3-warrior's-lesson;C3 - Warrior's Lesson;Uterra;;forgeborn-ability;;FALSE;;;;;;;Choose one of your creatures. Another one of your creatures gets +A equal to the chosen's A.;;;;0;0;0;0;0;0;0;0;0;0;0;0;0;0;0;0;0;0;0;0;0;0;0;0;0;0;0;0;0;0;0;0;0;0;0;0;0;0;0;0;0;0;0;0;0;0;0;0;0;0;0;0;0;0;0;0;0;0;0;0;0;0;0;0;0;0;0;0;0;0;0.9;0;0.9;0;0;0;0;0;0;0;0;0;0;0;0;0;0;0;0;0;0;0;0;0;0;0;0;0;0;0;0;0;0
c3-zombify;C3 - Zombify;Nekrium;;forgeborn-ability;;FALSE;;;;;;;Destroy a creature. Its controller plays a Zombie Brute <b>Minion</b> in that lane.;;;;0;0;0;0;0;0;0;0;0;0;0;0;0;0;0;0;0;0;0;0;0;0;0;0;0;0;0;0;0;0.9;0;0.9;0;0;0;0;0;0;0;0;0;0;0;0;0;0;0;0;0;0;0;0;0;0;0;0;0;0;0;0.9;0;0;0;0;0;0;0;0;0;0;0;0;0;0;0;0;0;0;0;0;0;0;0;0;0;0;0;0;0;0;0;0;0;0;0;0;0;0;0;0;0;0;0
c4-armada;C4 - Armada;Alloyin;;forgeborn-ability;;FALSE;;;;;;;;;;"Play a Gizmo <b>Minion</b>.

When one of your creatures replaces a creature this turn, it <b>Blasts</b> 6.";0;0;0;0;0;0;0;0;0;0;0;0;0;0;0;0;0.2;0;0;0;0;0;0;0;0;0;0;0;0;0;0;0.2;0;0;0;0.2;0.2;0;0;0;0;0;0;0;0;0;0;0;0;0;0;0;0;0.2;0;0;0.2;0;0;0.2;0;0;0;0;0;0;0;0;0;0.2;0;0;0.2;0;0;0;0;0;0;0;0;0;0;0;0;0;0;0;0;0.2;0;0;0;0;0;0;0;0;0;0;0;0;0
c4-attack-mode;C4 - Attack Mode;Alloyin;;forgeborn-ability;;FALSE;;;;;;;;;;"Play a Mega Gizmo <b>Minion</b>.

Give the next creature you play this turn <b>Aggressive</b> this turn.";0;0;0;0;0;0;0;0;0;0;0;0;0;0;0;0;0.2;0;0;0;0;0;0;0;0;0;0;0;0;0;0;0.2;0;0;0;0.2;0;0;0;0;0;0;0;0;0;0;0;0;0;0;0;0;0;0;0;0;0;0;0;0;0;0;0;0.2;0;0;0;0;0;0.2;0;0;0.2;0;0;0;0;0;0;0;0;0;0;0;0;0;0;0;0;0;0;0;0;0;0;0;0;0;0;0;0;0;0
c4-blight-touch;C4 - Blight Touch;Alloyin/Nekrium/Tempys/Uterra;;forgeborn-ability;;FALSE;;;;;;;;;;"This deals 5 damage to you.

An enemy creature gets -20H.";0;0;0;0;0;0;0;0;0;0;0;0;0;0;0;0;0;0;0;0;0;0;0;0;0;0;0;0;0;0;0;0;0;0;0;0;0;0;0;0;0;0;0;0;0;0;0;0;0;0;0;0;0;0;0;0;0;0;0;0.2;0;0;0;0;0;0;0;0;0;0;0;0;0;0;0;0;0;0;0;0;0;0;0;0;0;0;0;0;0;0;0;0;0;0;0;0;0.2;0;0;0;0;0;0
c4-bloodlust;C4 - Bloodlust;Nekrium;;forgeborn-ability;;FALSE;;;;;;;;;;Choose an enemy creature. When it is destroyed this turn, deal damage to the enemy player equal to its printed A.;0;0;0;0;0;0;0;0;0;0;0;0;0;0;0;0;0;0;0;0;0;0;0;0;0;0;0;0;0;0;0;0;0;0;0;0;0;0;0;0;0;0;0;0;0;0;0;0;0;0;0;0;0;0;0;0;0;0;0;0;0;0;0;0;0;0;0;0;0;0;0;0;0;0;0;0.2;0;0;0.2;0;0;0;0.2;0;0;0;0;0;0;0;0;0;0;0;0;0;0;0;0;0;0;0;0
c4-builder's-burst;C4 - Builder's Burst;Alloyin;;forgeborn-ability;;FALSE;;;;;;;;;;"<b>Upgrade</b> a card in your hand.

Deal 5 damage to an enemy creature for each [l2] and [l3] card in your discard pile.";0;0;0;0;0;0;0;0;0;0;0;0;0;0;0;0;0;0;0;0;0;0;0;0;0;0;0;0;0;0;0;0;0;0;0;0;0;0;0;0;0;0;0;0;0;0;0;0;0;0;0;0.2;0;0;0;0;0;0;0;0.2;0;0;0;0;0;0;0;0;0;0;0;0;0;0;0;0;0;0;0;0;0;0;0;0;0;0;0;0;0;0;0;0;0;0;0;0;0;0;0;0;0;0;0
c4-chloropoeia;C4 - Chloropoeia;Uterra;;forgeborn-ability;;FALSE;;;;;;;;;;Choose up to two creatures. Their controllers replace them with Oakfather <b>Minions</b>.;0;0;0;0;0;0;0;0;0;0;0;0;0;0;0.2;0;0;0;0;0;0;0.2;0;0;0;0;0;0;0;0;0;0.2;0;0;0;0;0;0;0;0;0;0;0;0;0;0;0;0;0;0;0;0;0;0;0;0;0;0;0;0;0.2;0;0;0;0;0;0;0;0;0;0;0;0;0;0;0;0;0;0;0;0;0;0;0;0;0;0;0;0;0;0;0;0;0;0;0;0;0;0;0;0;0;0
c4-collective-conjuration;C4 - Collective Conjuration;Tempys;;forgeborn-ability;;FALSE;;;;;;;;;;Deal 4 damage to an enemy creature or player for each creature in the back row.;0;0;0;0;0;0;0;0;0;0;0;0;0;0;0;0;0;0;0;0;0;0;0;0;0;0;0;0;0;0;0;0;0;0;0;0;0;0;0;0;0;0;0;0;0;0;0;0;0;0;0;0;0;0.2;0;0;0;0;0;0.2;0;0;0;0;0;0.2;0;0;0;0;0;0;0;0;0;0;0;0;0;0;0;0;0;0;0;0;0;0;0;0;0;0;0;0;0;0;0;0;0;0;0;0;0
c4-congregation-of-wisps;C4 - Congregation of Wisps;Uterra;;forgeborn-ability;;FALSE;;;;;;;;;;"Play up to three Wisp <b>Minions</b>.

Your <b>Minions</b> get +5A,+5H.";0;0;0;0;0;0;0;0;0;0;0;0;0;0;0;0;0;0;0;0;0;0.2;0;0;0;0;0;0;0;0;0;0.2;0;0;0;0;0;0;0;0;0;0;0;0;0;0;0;0;0;0;0;0;0;0;0;0;0;0;0;0;0;0;0;0;0;0;0;0;0;0;0;0;0.2;0;0;0;0;0;0;0;0;0;0;0;0;0;0;0;0;0;0;0;0;0;0;0;0;0;0;0;0;0;0
c4-crushing-strength;C4 - Crushing Strength;Uterra;;forgeborn-ability;;FALSE;;;;;;;;;;When you play a creature this turn, it gets +10H.;0;0;0;0;0;0;0;0;0;0;0;0;0;0;0;0;0;0;0;0;0;0;0;0;0;0;0;0;0;0;0;0;0;0;0;0;0;0;0;0;0;0;0;0;0;0;0;0;0;0;0;0;0;0;0;0;0;0;0;0;0;0;0;0;0;0;0;0;0;0;0;0.2;0;0;0;0;0;0;0;0;0;0;0;0;0;0;0;0;0;0;0;0;0;0;0;0;0;0;0;0;0;0;0
c4-darkflame;C4 - Darkflame;Alloyin/Nekrium/Tempys/Uterra;;forgeborn-ability;;FALSE;;;;;;;;;;"This deals 5 damage to you.

Deal 2 damage to an enemy creature or player for each spell in your banish pile.";0;0;0;0;0;0;0;0;0;0;0;0;0;0;0;0;0;0;0;0;0;0;0;0;0;0;0;0;0;0;0;0;0;0.2;0;0;0;0;0;0;0;0;0;0;0;0;0;0;0;0;0;0;0;0.2;0;0;0;0;0;0.2;0;0;0;0;0;0;0;0;0;0;0;0;0;0;0;0;0;0;0;0;0;0;0;0;0;0;0;0;0;0;0;0;0;0;0;0;0.2;0;0;0;0;0;0
c4-darkforge-mastery;C4 - Darkforge Mastery;Alloyin/Nekrium/Tempys/Uterra;;forgeborn-ability;;FALSE;;;;;;;;;;"This deals 5 damage to you.

Give one of your creatures +13A,+13H.";0;0;0;0;0;0;0;0;0;0;0;0;0;0;0;0;0;0;0;0;0;0;0;0;0;0;0;0;0;0;0;0;0;0;0;0;0;0;0;0;0;0;0;0;0;0;0;0;0;0;0;0;0;0;0;0;0;0;0;0;0;0;0;0;0;0;0;0;0;0.2;0;0;0.2;0;0;0;0;0;0;0;0;0;0;0;0;0;0;0;0;0;0;0;0;0;0;0;0.2;0;0;0;0;0;0
c4-darkforge-reanimation;C4 - Darkforge Reanimation;Alloyin/Nekrium/Tempys/Uterra;;forgeborn-ability;;FALSE;;;;;;;;;;"Each player destroys one of their creatures.

If you have 20H or less, Reanimate up to one Darkforge creature.";0;0;0;0.2;0;0;0;0;0;0;0;0;0;0;0;0;0;0;0;0;0;0;0;0;0;0;0;0;0;0;0;0;0;0;0;0;0;0;0;0;0;0;0;0;0;0;0;0;0;0;0.2;0;0;0;0;0;0;0;0;0.2;0;0;0;0;0;0;0;0;0;0;0;0;0;0;0;0;0;0;0;0;0.2;0;0;0;0;0;0;0;0;0;0;0;0;0;0;0;0;0;0.2;0;0;0;0
c4-darkforge-summon;C4 - Darkforge Summon;Alloyin/Nekrium/Tempys/Uterra;;forgeborn-ability;;FALSE;;;;;;;;;;"If you have 20H or less, play up to one Darkforge creature for <b>Free</b>.

Give your creatures ""When you play a spell, this gets +5A"" this turn.";0;0;0;0.2;0;0;0;0;0;0;0;0;0;0;0;0;0;0;0;0;0;0;0;0;0;0;0;0;0;0;0;0;0;0.2;0;0;0;0;0;0;0;0;0;0;0;0;0;0;0;0.2;0;0;0;0;0;0;0;0;0;0;0;0;0;0;0;0;0;0;0;0;0.2;0;0.2;0;0;0;0;0;0;0;0;0;0;0;0;0;0;0;0;0;0;0;0;0;0;0;0;0;0.2;0;0;0;0
c4-darkportal;C4 - Darkportal;Alloyin/Nekrium/Tempys/Uterra;;forgeborn-ability;;FALSE;;;;;;;;;;If a player lost H this turn, play a card for <b>Free</b>.;0;0;0;0;0;0;0;0;0;0;0;0;0;0;0;0;0;0;0;0;0;0;0;0;0;0;0;0;0;0;0;0;0;0;0;0;0;0;0;0;0;0;0;0;0;0;0;0;0;0.2;0;0;0;0;0;0;0;0;0.2;0;0;0;0;0;0;0;0;0;0;0;0;0;0;0;0;0;0;0;0;0;0;0;0;0;0;0;0;0;0;0;0;0;0;0;0;0;0;0.2;0;0;0;0;0
c4-depersonify;C4 - Depersonify;Alloyin;;forgeborn-ability;;FALSE;;;;;;;;;;Enemy creatures get -8A.;0;0;0;0;0;0;0;0;0;0;0;0;0;0;0;0;0;0;0;0;0;0;0;0;0;0;0;0;0;0;0;0;0;0;0;0;0;0;0;0;0;0;0;0;0;0;0;0;0;0;0;0;0;0;0;0;0;0;0;0;0;0;0;0;0;0;0;0;0;0;0;0;0;0;0;0.2;0;0;0;0;0;0;0;0;0;0;0;0;0;0;0;0;0;0;0;0;0;0;0;0;0;0;0
c4-directed-evolution;C4 - Directed Evolution;Alloyin;;forgeborn-ability;;FALSE;;;;;;;;;;When you replace a creature this turn, the creature replacing it gets +9A,+9H.;0;0;0;0;0;0;0;0;0;0;0;0;0;0;0;0;0;0;0;0;0;0;0;0;0;0;0;0;0;0;0;0;0;0;0;0;0.2;0;0;0;0;0;0;0;0;0;0;0;0;0;0;0;0;0;0;0;0;0;0;0;0;0;0;0;0;0;0;0;0;0;0;0;0.2;0;0;0;0;0;0;0;0;0;0;0;0;0;0;0;0;0;0;0;0;0;0;0;0;0;0;0;0;0;0
c4-disconnect;C4 - Disconnect;Alloyin;;forgeborn-ability;;FALSE;;;;;;;;;;Deal 18 damage to an enemy creature if it has no creatures adjacent to it.;0;0;0;0;0;0;0;0;0;0;0;0;0;0;0;0;0;0;0;0;0;0;0;0;0;0;0;0;0;0;0;0;0;0;0;0;0;0;0;0;0;0;0;0;0;0;0;0;0;0;0;0;0;0;0;0;0;0;0;0.2;0;0;0;0;0;0;0;0;0;0;0;0;0;0;0;0;0;0;0;0;0;0;0;0;0;0;0;0;0;0;0;0;0;0;0;0;0;0;0;0;0;0;0
c4-enlightened-strength;C4 - Enlightened Strength;Uterra;;forgeborn-ability;;FALSE;;;;;;;;;;When you play a spell this turn, one of your creatures gets +7A,+7H.;0;0;0;0;0;0;0;0;0;0;0;0;0;0;0;0;0;0;0;0;0;0;0;0;0;0;0;0;0;0;0;0;0;0.2;0;0;0;0;0;0;0;0;0;0;0;0;0;0;0;0;0;0;0;0;0;0;0;0;0;0;0;0;0;0;0;0;0;0;0;0;0;0;0.2;0;0;0;0;0;0;0;0;0;0;0;0;0;0;0;0;0;0;0;0;0;0;0;0;0;0;0;0;0;0
c4-fervor-for-battle;C4 - Fervor for Battle;Tempys;;forgeborn-ability;;FALSE;;;;;;;;;;"One of your creatures gets +8A. This turn, it has ""<b>Slay:</b> Give one of your creatures +8A.""";0;0;0;0;0;0;0;0;0;0;0;0;0;0;0;0;0;0;0;0;0;0;0;0;0;0;0;0;0;0;0;0;0;0;0;0;0;0;0;0;0;0;0;0;0;0;0;0;0;0;0;0;0;0;0;0;0;0;0;0;0;0;0;0;0;0;0;0;0;0;0.2;0;0.2;0;0;0;0;0;0;0;0;0;0;0;0;0;0;0;0.2;0;0;0;0;0;0;0;0;0;0;0;0;0;0
c4-fierce-fortitude;C4 - Fierce Fortitude;Uterra;;forgeborn-ability;;FALSE;;;;;;;;;;At the end of the turn, each of your creatures gets +7A,+7H.;0;0;0;0;0;0;0;0;0;0;0;0;0;0;0;0;0;0;0;0;0;0;0;0;0;0;0;0;0;0;0;0;0;0;0;0;0;0;0;0;0;0;0;0;0;0;0;0;0;0;0;0;0;0;0;0;0;0;0;0;0;0;0;0;0;0;0;0;0;0;0;0;0.2;0;0;0;0;0;0;0;0;0;0;0;0;0;0;0;0;0;0;0;0;0;0;0;0;0;0;0;0;0;0
c4-give-into-temptation;C4 - Give Into Temptation;Alloyin/Nekrium/Tempys/Uterra;;forgeborn-ability;;FALSE;;;;;;;;;;For each creature in play, destroy that creature unless its controller takes 5 damage.;0;0;0;0;0;0;0;0;0;0;0;0;0;0;0;0;0;0;0;0;0;0;0;0;0;0;0;0;0;0;0;0;0;0;0;0;0;0;0;0;0;0;0;0;0;0;0;0;0;0;0;0;0;0.2;0;0;0;0;0;0.2;0;0;0;0;0;0;0;0;0;0;0;0;0;0;0;0;0;0;0;0;0.2;0;0;0;0;0;0;0;0;0;0;0;0;0;0;0;0.2;0;0;0;0;0;0
c4-guarded-deployment;C4 - Guarded Deployment;Alloyin;;forgeborn-ability;;FALSE;;;;;;;;;;When one of your creatures comes into play this turn, it gets 15D this turn.;0;0;0;0;0;0;0;0;0;0;0;0;0;0;0;0;0;0;0;0;0;0;0;0;0;0;0;0;0;0;0;0;0;0;0;0;0;0;0;0;0;0;0;0;0.2;0;0;0;0;0;0;0;0;0;0;0;0;0;0;0;0;0;0;0;0;0;0;0;0;0;0;0;0;0;0;0;0;0;0;0;0;0;0;0;0;0;0;0;0;0;0;0;0;0;0;0;0;0;0;0;0;0;0
c4-insurrection;C4 - Insurrection;Nekrium;;forgeborn-ability;;FALSE;;;;;;;;;;Choose one of your creatures. When it is destroyed this turn, deal damage equal to its printed A to the enemy player.;0;0;0;0;0;0;0;0;0;0;0;0;0;0;0;0;0;0;0;0;0;0;0;0;0;0;0;0;0;0;0;0;0;0;0;0;0;0;0;0;0;0;0;0;0;0;0;0;0;0;0;0;0;0;0;0;0;0;0;0;0;0;0;0;0;0;0;0;0;0;0;0;0;0;0;0.2;0;0;0.2;0;0;0;0.2;0;0;0;0;0;0;0;0;0;0;0;0;0;0;0;0;0;0;0;0
c4-ironbeard's-orders;C4 - Ironbeard's Orders;Alloyin;;forgeborn-ability;;FALSE;;;;;;;;;;Give one of your creatures +16A. Give it +4A for each creature adjacent to it.;0;0;0;0;0;0;0;0;0;0;0;0;0;0;0;0;0;0;0;0;0;0;0;0;0;0;0;0;0;0;0;0;0;0;0;0;0;0;0;0;0;0;0;0;0;0;0;0;0;0;0;0;0;0;0;0;0;0;0;0;0;0;0;0;0;0;0;0;0;0;0.2;0;0.2;0;0;0;0;0;0;0;0;0;0;0;0;0;0;0;0;0;0;0;0;0;0;0;0;0;0;0;0;0;0
c4-korok's-swarm;C4 - Korok's Swarm;Tempys;;forgeborn-ability;;FALSE;;;;;;;;;;Play up to two Spell Swarm <b>Minions</b>. Switch each of their A and H.;0;0;0;0;0;0;0;0;0.2;0;0;0;0;0;0;0;0;0;0;0;0;0;0;0;0;0;0;0;0;0;0;0.2;0;0.2;0;0;0;0;0;0;0;0;0;0;0;0;0;0;0;0;0;0;0;0;0;0;0;0;0;0;0;0;0;0;0;0;0;0;0;0;0;0;0.2;0;0;0;0;0;0;0;0;0;0;0;0;0;0;0;0;0;0;0;0;0;0;0;0;0;0;0;0;0;0
c4-meteor-smash;C4 - Meteor Smash;Tempys;;forgeborn-ability;;FALSE;;;;;;;;;;"One of your creatures gets +7A.

Deal 7 damage to an enemy creature.";0;0;0;0;0;0;0;0;0;0;0;0;0;0;0;0;0;0;0;0;0;0;0;0;0;0;0;0;0;0;0;0;0;0;0;0;0;0;0;0;0;0;0;0;0;0;0;0;0;0;0;0;0;0;0;0;0;0;0;0.2;0;0;0;0;0;0;0;0;0;0;0.2;0;0.2;0;0;0;0;0;0;0;0;0;0;0;0;0;0;0;0;0;0;0;0;0;0;0;0;0;0;0;0;0;0
c4-might-of-the-forge;C4 - Might of the Forge;Alloyin;;forgeborn-ability;;FALSE;;;;;;;;;;Give one of your creatures +8A. If you have the Forge, that creature can't lose H this turn.;0;0;0;0;0;0;0;0;0;0;0;0;0;0;0;0;0;0;0;0;0;0;0;0;0;0;0;0;0;0;0;0;0;0;0;0;0;0;0;0;0;0;0;0;0;0;0;0;0;0;0;0;0;0;0;0;0;0;0;0;0;0;0;0;0;0;0;0;0;0;0.2;0;0.2;0;0;0;0;0;0;0;0;0;0;0;0;0;0;0;0;0;0;0;0;0;0;0;0;0;0;0;0;0;0
c4-necrokinesis;C4 - Necrokinesis;Nekrium;;forgeborn-ability;;FALSE;;;;;;;;;;Reanimate a Nekrium creature.;0;0;0;0;0;0;0;0;0;0;0;0;0;0;0;0;0;0;0;0;0;0;0;0;0;0;0;0;0;0;0;0;0;0;0;0;0;0;0;0;0;0;0;0;0;0;0;0;0;0;0.2;0;0;0;0;0;0;0;0;0;0;0;0;0;0;0;0;0;0;0;0;0;0;0;0;0;0;0;0;0;0;0;0;0;0;0;0;0;0;0;0;0;0;0;0;0;0;0;0;0;0;0;0
c4-nova's-wisdom;C4 - Nova's Wisdom;Uterra;;forgeborn-ability;;FALSE;;;;;;;;;;Give one of your creatures +8A,+8H. Give it +2A,+2H for each creature adjacent to it.;0;0;0;0;0;0;0;0;0;0;0;0;0;0;0;0;0;0;0;0;0;0;0;0;0;0;0;0;0;0;0;0;0;0;0;0;0;0;0;0;0;0;0;0;0;0;0;0;0;0;0;0;0;0;0;0;0;0;0;0;0;0;0;0;0;0;0;0;0;0.2;0;0;0.2;0;0;0;0;0;0;0;0;0;0;0;0;0;0;0;0;0;0;0;0;0;0;0;0;0;0;0;0;0;0
c4-predatory-instinct;C4 - Predatory Instinct;Uterra;;forgeborn-ability;;FALSE;;;;;;;;;;One of your creatures gets +6A,+6H. if it is opposed, it gets +6A,+6H.;0;0;0;0;0;0;0;0;0;0;0;0;0;0;0;0;0;0;0;0;0;0;0;0;0;0;0;0;0;0;0;0;0;0;0;0;0;0;0;0;0;0;0;0;0;0;0;0;0;0;0;0;0;0;0;0;0;0;0;0;0;0;0;0;0;0;0;0;0;0;0;0;0.2;0;0;0;0;0;0;0;0;0;0;0;0;0;0;0;0;0;0;0;0;0;0;0;0;0;0;0;0;0;0
c4-protection-of-the-forge;C4 - Protection of the Forge;Uterra;;forgeborn-ability;;FALSE;;;;;;;;;;"Give one of your creatures +8A.

If you have the Forge, you can't lose H this turn.";0;0;0;0;0;0;0;0;0;0;0;0;0;0;0;0;0;0;0;0;0;0;0;0;0;0;0;0;0;0;0;0;0;0;0;0;0;0;0;0;0;0;0;0;0;0;0;0;0;0;0;0;0;0;0;0;0;0;0;0;0;0;0;0;0;0;0;0;0;0;0.2;0;0.2;0;0;0;0;0;0;0;0;0;0;0;0;0;0;0;0;0;0;0;0;0;0;0;0;0;0;0;0;0;0
c4-psychic-burst;C4 - Psychic Burst;Alloyin;;forgeborn-ability;;FALSE;;;;;;;;;;Destroy each enemy creature with 10A or less.;0;0;0;0;0;0;0;0;0;0;0;0;0;0;0;0;0;0;0;0;0;0;0;0;0;0;0;0;0;0;0;0;0;0;0;0;0;0;0;0;0;0;0;0;0;0;0;0;0;0;0;0;0;0;0;0;0;0;0;0.2;0;0;0;0;0;0;0;0;0;0;0;0;0;0;0;0;0.2;0;0;0;0;0;0;0;0;0;0;0;0;0;0;0;0;0;0;0;0;0;0;0;0;0;0
c4-ravenous-swarm;C4 - Ravenous Swarm;Nekrium;;forgeborn-ability;;FALSE;;;;;;;;;;Play a Zombie Brute <b>Minion</b> and a Mindless Zombie <b>Minion</b>. They <b>Strike</b> an enemy creature.;0;0;0;0;0;0;0;0;0;0;0;0;0;0;0;0;0;0;0;0;0;0;0;0;0;0;0;0;0;0.2;0;0.2;0;0;0;0;0;0;0;0;0;0;0;0;0;0;0;0;0;0;0;0;0;0;0;0;0;0;0;0.2;0;0;0;0;0;0;0;0;0;0;0;0;0;0;0;0;0;0;0;0;0;0;0;0;0;0;0;0;0;0;0;0;0;0;0;0;0;0;0;0;0;0;0
c4-reinforcements;C4 - Reinforcements;Tempys;;forgeborn-ability;;FALSE;;;;;;;;;;When you play a creature this turn, it gets +12A.;0;0;0;0;0;0;0;0;0;0;0;0;0;0;0;0;0;0;0;0;0;0;0;0;0;0;0;0;0;0;0;0;0;0;0;0;0;0;0;0;0;0;0;0;0;0;0;0;0;0;0;0;0;0;0;0;0;0;0;0;0;0;0;0;0;0;0;0;0;0;0.2;0;0.2;0;0;0;0;0;0;0;0;0;0;0;0;0;0;0;0;0;0;0;0;0;0;0;0;0;0;0;0;0;0
c4-righteous-blow;C4 - Righteous Blow;Uterra;;forgeborn-ability;;FALSE;;;;;;;;;;Up to two of your creatures <b>Strike</b> an enemy creature.;0;0;0;0;0;0;0;0;0;0;0;0;0;0;0;0;0;0;0;0;0;0;0;0;0;0;0;0;0;0;0;0;0;0;0;0;0;0;0;0;0;0;0;0;0;0;0;0;0;0;0;0;0;0;0;0;0;0;0;0.2;0;0;0;0;0;0;0;0;0;0;0;0;0;0;0;0;0;0;0;0;0;0;0;0;0;0;0;0;0;0.2;0;0;0;0;0;0;0;0;0;0;0;0;0
c4-soul-fuse;C4 - Soul Fuse;Alloyin;;forgeborn-ability;;FALSE;;;;;;;;;;Set a creature's A to be equal to another creature's A.;0;0;0;0;0;0;0;0;0;0;0;0;0;0;0;0;0;0;0;0;0;0;0;0;0;0;0;0;0;0;0;0;0;0;0;0;0;0;0;0;0;0;0;0;0;0;0;0;0;0;0;0;0;0;0;0;0;0;0;0;0;0;0;0;0;0;0;0;0;0;0;0;0;0;0;0;0;0;0;0;0;0;0;0;0;0;0;0;0;0;0;0;0;0;0;0;0;0;0;0;0;0;0
c4-stealthy-strike;C4 - Stealthy Strike;Nekrium;;forgeborn-ability;;FALSE;;;;;;;;;;"Give one of your creatures <b>Stealth</b> and ""When this deals damage to a player, you gain that much H"" this turn.";0;0;0;0;0;0;0;0;0;0;0;0;0;0;0;0;0;0;0;0;0;0;0;0;0;0;0;0;0;0;0;0;0;0;0;0;0;0;0;0;0;0;0;0;0;0;0;0;0;0;0;0;0;0;0;0;0;0.2;0;0;0;0;0;0;0;0;0;0.2;0;0;0;0;0;0;0;0;0;0;0;0;0;0;0;0;0;0;0;0;0;0;0;0;0;0;0;0;0;0;0;0;0;0;0
c4-territorial-king;C4 - Territorial King;Uterra;;forgeborn-ability;;FALSE;;;;;;;;;;Give one of your creatures +4A,+4H. You may have it Battle an enemy creature.;0;0;0;0;0;0;0;0;0;0;0;0;0;0;0;0;0;0;0;0;0;0;0;0;0;0;0;0;0;0;0;0;0;0;0;0;0;0;0;0;0;0;0;0;0;0;0;0;0;0;0;0;0;0;0;0;0;0;0;0;0;0;0;0;0;0;0;0;0;0.2;0;0;0.2;0;0;0;0;0;0;0;0;0;0;0;0;0;0;0;0;0;0;0;0;0;0;0;0;0;0;0;0;0;0
c4-the-queen's-knife;C4 - The Queen's Knife;Nekrium;;forgeborn-ability;;FALSE;;;;;;;;;;"Give one of your creatures +7A. This turn, it has ""<b>Slay:</b> You may destroy a creature. This ability can only trigger once per turn.""";0;0;0;0;0;0;0;0;0;0;0;0;0;0;0;0;0;0;0;0;0;0;0;0;0;0;0;0;0;0;0;0;0;0;0;0;0;0;0;0;0;0;0;0;0;0;0;0;0;0;0;0;0;0;0;0;0;0;0;0.2;0;0;0;0;0;0;0;0;0;0;0.2;0;0.2;0;0;0;0;0;0;0;0;0;0;0;0;0;0;0;0.2;0;0;0;0;0;0;0;0;0;0;0;0;0;0
c4-thunderbolt;C4 - Thunderbolt;Tempys;;forgeborn-ability;;FALSE;;;;;;;;;;One of your creatures <b>Blasts</b> 10.;0;0;0;0;0;0;0;0;0;0;0;0;0;0;0;0;0;0;0;0;0;0;0;0;0;0;0;0;0;0;0;0;0;0;0;0;0;0;0;0;0;0;0;0;0;0;0;0;0;0;0;0;0;0.2;0;0;0.2;0;0;0.2;0;0;0;0;0;0;0;0;0;0;0;0;0;0;0;0;0;0;0;0;0;0;0;0;0;0;0;0;0;0.2;0;0;0;0;0;0;0;0;0;0;0;0;0
c4-toxikinesis;C4 - Toxikinesis;Uterra;;forgeborn-ability;;FALSE;;;;;;;;;;"Each of your creatures gets +5H.

Each enemy creature gets -5H.";0;0;0;0;0;0;0;0;0;0;0;0;0;0;0;0;0;0;0;0;0;0;0;0;0;0;0;0;0;0;0;0;0;0;0;0;0;0;0;0;0;0;0;0;0;0;0;0;0;0;0;0;0;0;0;0;0;0;0;0.2;0;0;0;0;0;0;0;0;0;0;0;0.2;0;0;0;0;0;0;0;0;0;0;0;0;0;0;0;0;0;0;0;0;0;0;0;0;0;0;0;0;0;0;0
c4-uranti-magic;C4 - Uranti Magic;Tempys;;forgeborn-ability;;FALSE;;;;;;;;;;"One of your creatures gets +8A. This turn, it has ""<b>Slay:</b> Play a spell for <b>Free</b>.""";0;0;0;0;0;0;0;0;0;0;0;0;0;0;0;0;0;0;0;0;0;0;0;0;0;0;0;0;0;0;0;0;0;0.2;0;0;0;0;0;0;0;0;0;0;0;0;0;0;0;0.2;0;0;0;0;0;0;0;0;0;0;0;0;0;0;0;0;0;0;0;0;0.2;0;0.2;0;0;0;0;0;0;0;0;0;0;0;0;0;0;0;0.2;0;0;0;0;0;0;0;0;0;0;0;0;0;0
c4-vampiric-feast;C4 - Vampiric Feast;Nekrium;;forgeborn-ability;;FALSE;;;;;;;;;;Deal 9 damage to the enemy player to gain 9H.;0;0;0;0;0;0;0;0;0;0;0;0;0;0;0;0;0;0;0;0;0;0;0;0;0;0;0;0;0;0;0;0;0;0;0;0;0;0.2;0;0;0;0;0;0;0;0;0;0;0;0;0;0;0;0.2;0;0;0;0;0;0;0;0;0;0;0;0;0;0;0;0;0;0;0;0;0;0;0;0;0;0;0;0;0;0;0;0;0;0;0;0;0;0;0;0;0;0;0;0;0;0;0;0;0
c4-wall-of-iron;C4 - Wall of Iron;Alloyin;;forgeborn-ability;;FALSE;;;;;;;;;;"Choose one:

• You get 20D this turn

• One of your creatures gets 20D this turn.";0;0;0;0;0;0;0;0;0;0;0;0;0;0;0;0;0;0;0;0;0;0;0;0;0;0;0;0;0;0;0;0;0;0;0;0;0;0;0;0;0;0;0;0;0.2;0;0.2;0;0;0;0;0;0;0;0;0;0;0;0;0;0;0;0;0;0;0;0;0;0;0;0;0;0;0;0;0;0;0;0;0;0;0;0;0;0;0;0;0;0;0;0;0;0;0;0;0;0;0;0;0;0;0;0
c4-wardrums;C4 - Wardrums;Tempys;;forgeborn-ability;;FALSE;;;;;;;;;;Your creatures in the back row get +7A. This turn, they lose <b>Defender</b> and get <b>Aggressive</b>.;0;0;0;0;0;0;0;0;0;0;0;0;0;0;0;0;0;0;0;0;0;0;0;0;0;0;0;0;0;0;0;0;0;0;0;0;0;0;0;0;0;0;0;0;0;0;0;0;0;0;0;0;0;0;0;0;0;0;0;0;0;0;0;0.2;0;0.2;0;0;0;0;0.2;0;0.2;0;0;0;0;0;0;0;0;0;0;0;0;0;0;0;0;0;0;0;0;0;0;0;0;0;0;0;0;0;0
c4-warrior's-lesson;C4 - Warrior's Lesson;Uterra;;forgeborn-ability;;FALSE;;;;;;;;;;Choose one of your creatures. Each of your other creatures gets +A equal to the chosen's A.;0;0;0;0;0;0;0;0;0;0;0;0;0;0;0;0;0;0;0;0;0;0;0;0;0;0;0;0;0;0;0;0;0;0;0;0;0;0;0;0;0;0;0;0;0;0;0;0;0;0;0;0;0;0;0;0;0;0;0;0;0;0;0;0;0;0;0;0;0;0;0.2;0;0.2;0;0;0;0;0;0;0;0;0;0;0;0;0;0;0;0;0;0;0;0;0;0;0;0;0;0;0;0;0;0
c4-zombify;C4 - Zombify;Nekrium;;forgeborn-ability;;FALSE;;;;;;;;;;Destroy up to two creatures. Their controllers play Zombie Brute <b>Minions</b> in those lanes.;0;0;0;0;0;0;0;0;0;0;0;0;0;0;0;0;0;0;0;0;0;0;0;0;0;0;0;0;0;0.2;0;0.2;0;0;0;0;0;0;0;0;0;0;0;0;0;0;0;0;0;0;0;0;0;0;0;0;0;0;0;0.2;0;0;0;0;0;0;0;0;0;0;0;0;0;0;0;0;0;0;0;0;0;0;0;0;0;0;0;0;0;0;0;0;0;0;0;0;0;0;0;0;0;0;0
